SimID;Strategy;Strategy Label;Total Output;End WIP;Avg Cycle Time
0;original;Base Game;59;48;15,04
1;original;Base Game;47;52;17,36
2;original;Base Game;54;43;13,94
3;original;Base Game;48;54;16,5
4;original;Base Game;49;63;17,46
5;original;Base Game;51;59;16,4
6;original;Base Game;52;46;15,56
7;original;Base Game;55;64;15,26
8;original;Base Game;54;56;16
9;original;Base Game;50;61;15,21
10;original;Base Game;51;62;15,27
11;original;Base Game;55;56;13,74
12;original;Base Game;51;43;14,33
13;original;Base Game;53;62;15,94
14;original;Base Game;56;44;14,5
15;original;Base Game;51;47;16,07
16;original;Base Game;53;59;15,29
17;original;Base Game;50;57;14,79
18;original;Base Game;52;45;15,25
19;original;Base Game;58;46;13,5
20;original;Base Game;50;65;17,29
21;original;Base Game;55;56;14,42
22;original;Base Game;52;52;16,38
23;original;Base Game;50;59;16,14
24;original;Base Game;49;62;16,92
25;original;Base Game;48;74;16,33
26;original;Base Game;48;67;16,33
27;original;Base Game;49;51;18,08
28;original;Base Game;51;46;14,93
29;original;Base Game;54;42;14,56
30;original;Base Game;52;49;16,31
31;original;Base Game;50;48;14,5
32;original;Base Game;57;51;15,38
33;original;Base Game;55;52;16,53
34;original;Base Game;48;68;16,58
35;original;Base Game;54;56;15,78
36;original;Base Game;56;47;14,55
37;original;Base Game;49;49;15,77
38;original;Base Game;49;63;15
39;original;Base Game;52;53;15,81
40;original;Base Game;52;44;15,31
41;original;Base Game;55;51;16,16
42;original;Base Game;49;61;15,85
43;original;Base Game;55;54;15,53
44;original;Base Game;58;49;13,95
45;original;Base Game;52;41;13,62
46;original;Base Game;57;52;15,57
47;original;Base Game;48;59;17,67
48;original;Base Game;46;60;15,5
49;original;Base Game;53;63;15,94
50;original;Base Game;52;60;15,81
51;original;Base Game;50;63;15,79
52;original;Base Game;52;59;15,06
53;original;Base Game;52;52;13,19
54;original;Base Game;53;35;12
55;original;Base Game;53;65;15,29
56;original;Base Game;51;54;14,6
57;original;Base Game;49;48;16
58;original;Base Game;52;59;16,12
59;original;Base Game;50;54;13,86
60;original;Base Game;47;51;17,36
61;original;Base Game;56;41;12,5
62;original;Base Game;53;56;15,18
63;original;Base Game;58;47;14
64;original;Base Game;51;52;16,47
65;original;Base Game;56;48;15,1
66;original;Base Game;50;63;15,86
67;original;Base Game;50;56;14,79
68;original;Base Game;49;40;12,62
69;original;Base Game;56;58;15,3
70;original;Base Game;55;47;14,37
71;original;Base Game;53;47;14,76
72;original;Base Game;54;50;14,72
73;original;Base Game;52;41;13,81
74;original;Base Game;51;66;15,73
75;original;Base Game;56;49;15
76;original;Base Game;57;49;13,52
77;original;Base Game;54;49;14,72
78;original;Base Game;56;46;14,55
79;original;Base Game;52;43;15,69
80;original;Base Game;47;66;16,73
81;original;Base Game;50;57;16,14
82;original;Base Game;55;49;14,84
83;original;Base Game;54;56;14,94
84;original;Base Game;52;57;16,12
85;original;Base Game;50;53;13,14
86;original;Base Game;51;61;16,27
87;original;Base Game;53;49;15,53
88;original;Base Game;49;67;16
89;original;Base Game;46;60;18,4
90;original;Base Game;52;55;15,44
91;original;Base Game;51;56;16,4
92;original;Base Game;56;54;15,5
93;original;Base Game;54;43;13,28
94;original;Base Game;56;42;12
95;original;Base Game;48;72;16
96;original;Base Game;46;47;16,4
97;original;Base Game;49;50;14,23
98;original;Base Game;52;52;14,81
99;original;Base Game;59;48;13,74
100;original;Base Game;57;39;13
101;original;Base Game;50;56;14,93
102;original;Base Game;44;59;17,12
103;original;Base Game;55;45;15,11
104;original;Base Game;52;71;17,06
105;original;Base Game;50;57;17
106;original;Base Game;52;54;13,62
107;original;Base Game;50;58;17,36
108;original;Base Game;55;47;14,89
109;original;Base Game;47;69;17,09
110;original;Base Game;60;42;14,33
111;original;Base Game;52;51;15,06
112;original;Base Game;57;43;14,29
113;original;Base Game;51;69;16,8
114;original;Base Game;49;51;14,85
115;original;Base Game;51;59;14,73
116;original;Base Game;54;45;13,67
117;original;Base Game;53;52;14,29
118;original;Base Game;52;44;14,81
119;original;Base Game;58;45;14,64
120;original;Base Game;47;62;17,09
121;original;Base Game;52;55;14,81
122;original;Base Game;49;57;15,77
123;original;Base Game;58;41;14,64
124;original;Base Game;55;63;15,32
125;original;Base Game;51;41;15,13
126;original;Base Game;51;45;13,33
127;original;Base Game;55;45;15,16
128;original;Base Game;54;51;13,5
129;original;Base Game;54;55;15,94
130;original;Base Game;50;58;16,79
131;original;Base Game;52;40;14,94
132;original;Base Game;49;76;15,92
133;original;Base Game;51;62;15,33
134;original;Base Game;55;32;12,32
135;original;Base Game;54;52;15,06
136;original;Base Game;48;66;15,58
137;original;Base Game;51;59;15,33
138;original;Base Game;56;46;15,1
139;original;Base Game;56;42;14,15
140;original;Base Game;59;66;14,83
141;original;Base Game;53;50;16,29
142;original;Base Game;49;54;17,23
143;original;Base Game;57;63;15,38
144;original;Base Game;53;51;13,71
145;original;Base Game;56;49;15,25
146;original;Base Game;49;62;17,46
147;original;Base Game;59;32;12,48
148;original;Base Game;52;51;14,06
149;original;Base Game;51;61;14,67
150;original;Base Game;49;61;16,15
151;original;Base Game;54;59;15,83
152;original;Base Game;53;56;15,41
153;original;Base Game;58;57;14,09
154;original;Base Game;54;66;15,83
155;original;Base Game;53;40;14,18
156;original;Base Game;47;65;17,18
157;original;Base Game;51;61;16,07
158;original;Base Game;57;49;14,29
159;original;Base Game;49;64;15,62
160;original;Base Game;53;37;13,29
161;original;Base Game;59;55;14,87
162;original;Base Game;51;63;16,8
163;original;Base Game;48;53;16,33
164;original;Base Game;56;66;13,55
165;original;Base Game;60;56;14,79
166;original;Base Game;50;59;15,93
167;original;Base Game;57;44;15,19
168;original;Base Game;46;69;16,6
169;original;Base Game;54;49;14,56
170;original;Base Game;53;48;15,24
171;original;Base Game;55;63;16,05
172;original;Base Game;54;61;15,17
173;original;Base Game;49;67;15,77
174;original;Base Game;50;54;16,79
175;original;Base Game;54;58;15
176;original;Base Game;57;39;15,38
177;original;Base Game;48;64;17,08
178;original;Base Game;56;55;12,65
179;original;Base Game;53;50;15,76
180;original;Base Game;55;51;14,79
181;original;Base Game;47;52;16,73
182;original;Base Game;47;48;16,82
183;original;Base Game;56;50;13,65
184;original;Base Game;52;56;16,12
185;original;Base Game;55;56;14,47
186;original;Base Game;57;44;14,33
187;original;Base Game;49;52;17,62
188;original;Base Game;57;39;13,86
189;original;Base Game;49;63;16,85
190;original;Base Game;51;56;16,07
191;original;Base Game;54;52;15,61
192;original;Base Game;57;49;14,05
193;original;Base Game;54;56;14,61
194;original;Base Game;60;48;13,04
195;original;Base Game;54;53;16,78
196;original;Base Game;46;66;15,9
197;original;Base Game;49;50;16,15
198;original;Base Game;52;47;15,88
199;original;Base Game;51;62;15,6
200;original;Base Game;50;60;15,36
201;original;Base Game;50;45;16,29
202;original;Base Game;50;65;16,57
203;original;Base Game;52;68;15,88
204;original;Base Game;53;41;15,29
205;original;Base Game;53;62;16,24
206;original;Base Game;48;60;14,75
207;original;Base Game;50;64;15,71
208;original;Base Game;53;51;14,24
209;original;Base Game;52;58;15,56
210;original;Base Game;57;60;15,43
211;original;Base Game;55;56;14,26
212;original;Base Game;57;54;14,38
213;original;Base Game;50;63;16,36
214;original;Base Game;50;59;15,21
215;original;Base Game;55;54;15,47
216;original;Base Game;54;48;15,11
217;original;Base Game;55;42;15,74
218;original;Base Game;52;25;12,81
219;original;Base Game;58;66;14,14
220;original;Base Game;49;67;16,31
221;original;Base Game;49;50;14,85
222;original;Base Game;55;62;15,37
223;original;Base Game;52;60;15,44
224;original;Base Game;52;48;14,19
225;original;Base Game;55;56;15
226;original;Base Game;54;52;15,44
227;original;Base Game;53;46;15,35
228;original;Base Game;51;49;14,87
229;original;Base Game;52;67;14,44
230;original;Base Game;53;47;14,94
231;original;Base Game;51;61;17,13
232;original;Base Game;52;64;16
233;original;Base Game;49;58;17,38
234;original;Base Game;50;55;15,07
235;original;Base Game;54;44;14,67
236;original;Base Game;52;59;14,38
237;original;Base Game;53;57;15,29
238;original;Base Game;55;57;13,79
239;original;Base Game;53;65;14,82
240;original;Base Game;47;58;16,55
241;original;Base Game;53;52;16,12
242;original;Base Game;48;67;16,25
243;original;Base Game;50;64;17,36
244;original;Base Game;46;54;15,6
245;original;Base Game;53;55;14,06
246;original;Base Game;55;38;14,26
247;original;Base Game;52;56;16,5
248;original;Base Game;51;69;16,73
249;original;Base Game;52;48;15
250;original;Base Game;53;51;14,82
251;original;Base Game;50;68;17,21
252;original;Base Game;45;53;15,78
253;original;Base Game;50;48;15,14
254;original;Base Game;55;56;13,58
255;original;Base Game;56;44;13,95
256;original;Base Game;52;63;15,5
257;original;Base Game;59;60;15,3
258;original;Base Game;52;68;16,88
259;original;Base Game;50;57;16,71
260;original;Base Game;57;56;13,52
261;original;Base Game;54;40;15
262;original;Base Game;51;41;14,27
263;original;Base Game;49;55;15,92
264;original;Base Game;52;55;15,75
265;original;Base Game;51;68;15,87
266;original;Base Game;55;56;14,79
267;original;Base Game;56;53;13,1
268;original;Base Game;57;58;14,62
269;original;Base Game;55;49;15,95
270;original;Base Game;52;57;15,56
271;original;Base Game;59;54;14,48
272;original;Base Game;53;62;16,35
273;original;Base Game;53;46;14,53
274;original;Base Game;55;52;13,79
275;original;Base Game;52;74;16,88
276;original;Base Game;48;59;17,5
277;original;Base Game;50;55;14,36
278;original;Base Game;62;36;14,88
279;original;Base Game;52;34;13,31
280;original;Base Game;54;54;15,39
281;original;Base Game;54;51;14,44
282;original;Base Game;55;44;13,53
283;original;Base Game;50;68;16,93
284;original;Base Game;52;50;16,38
285;original;Base Game;53;67;15,29
286;original;Base Game;45;58;17,89
287;original;Base Game;53;50;13,53
288;original;Base Game;60;53;14,38
289;original;Base Game;52;53;16,31
290;original;Base Game;53;54;13,88
291;original;Base Game;53;56;14,82
292;original;Base Game;53;56;14,94
293;original;Base Game;51;54;15,47
294;original;Base Game;54;50;15,39
295;original;Base Game;55;51;15,32
296;original;Base Game;48;58;14,33
297;original;Base Game;49;47;16,85
298;original;Base Game;53;53;13,94
299;original;Base Game;56;51;14,9
300;original;Base Game;48;44;14,5
301;original;Base Game;56;54;14,55
302;original;Base Game;53;53;15,35
303;original;Base Game;59;44;13,91
304;original;Base Game;47;46;16,18
305;original;Base Game;53;66;15,35
306;original;Base Game;49;66;15,08
307;original;Base Game;51;51;13,13
308;original;Base Game;55;45;15,32
309;original;Base Game;53;53;13,88
310;original;Base Game;56;53;15,05
311;original;Base Game;58;45;14,55
312;original;Base Game;49;50;15,46
313;original;Base Game;43;73;17,71
314;original;Base Game;49;62;15,77
315;original;Base Game;53;62;15
316;original;Base Game;55;43;12,68
317;original;Base Game;57;50;14,33
318;original;Base Game;53;52;14,24
319;original;Base Game;52;55;15,56
320;original;Base Game;56;61;15,15
321;original;Base Game;51;55;16,13
322;original;Base Game;52;55;15,44
323;original;Base Game;47;53;17,45
324;original;Base Game;54;59;15,22
325;original;Base Game;51;66;14,93
326;original;Base Game;49;66;16,85
327;original;Base Game;53;47;15,18
328;original;Base Game;48;64;15,75
329;original;Base Game;61;44;13
330;original;Base Game;57;37;13,71
331;original;Base Game;51;47;16,47
332;original;Base Game;61;40;13,12
333;original;Base Game;50;49;16,29
334;original;Base Game;54;48;13,33
335;original;Base Game;46;53;18,1
336;original;Base Game;48;62;17,17
337;original;Base Game;51;58;15,87
338;original;Base Game;52;41;12,12
339;original;Base Game;47;64;16,73
340;original;Base Game;53;45;14,94
341;original;Base Game;54;50;14,78
342;original;Base Game;55;45;14,63
343;original;Base Game;53;53;15,47
344;original;Base Game;55;58;15,37
345;original;Base Game;45;61;16,67
346;original;Base Game;54;66;15
347;original;Base Game;57;46;14
348;original;Base Game;49;66;16
349;original;Base Game;49;44;16,69
350;original;Base Game;55;57;14,16
351;original;Base Game;56;44;13,9
352;original;Base Game;56;46;14,5
353;original;Base Game;53;48;14,65
354;original;Base Game;55;52;16,11
355;original;Base Game;55;54;15
356;original;Base Game;53;41;14,71
357;original;Base Game;50;55;16,5
358;original;Base Game;59;51;13,35
359;original;Base Game;53;47;15,76
360;original;Base Game;49;54;15,77
361;original;Base Game;50;57;16,5
362;original;Base Game;51;45;13,93
363;original;Base Game;53;61;13,71
364;original;Base Game;54;48;14,56
365;original;Base Game;49;53;16,69
366;original;Base Game;55;48;15,47
367;original;Base Game;48;54;15,17
368;original;Base Game;49;63;15,77
369;original;Base Game;57;47;15,67
370;original;Base Game;55;69;15,95
371;original;Base Game;50;51;15,43
372;original;Base Game;56;43;14,7
373;original;Base Game;50;57;15,29
374;original;Base Game;50;55;16,07
375;original;Base Game;60;52;14,5
376;original;Base Game;54;46;12,94
377;original;Base Game;53;54;15,82
378;original;Base Game;48;50;17,83
379;original;Base Game;49;55;16,62
380;original;Base Game;46;72;15,9
381;original;Base Game;55;58;15,42
382;original;Base Game;57;51;14,52
383;original;Base Game;47;63;15,09
384;original;Base Game;54;49;15,94
385;original;Base Game;57;46;13,57
386;original;Base Game;43;70;18
387;original;Base Game;49;61;16,08
388;original;Base Game;51;42;12,53
389;original;Base Game;52;63;16,44
390;original;Base Game;53;50;15,06
391;original;Base Game;48;54;15,75
392;original;Base Game;50;50;15
393;original;Base Game;58;61;14,32
394;original;Base Game;52;51;15,88
395;original;Base Game;52;41;14,88
396;original;Base Game;53;48;14,88
397;original;Base Game;51;60;16,4
398;original;Base Game;55;59;14,11
399;original;Base Game;51;57;14,6
400;original;Base Game;56;58;14,7
401;original;Base Game;47;68;16,45
402;original;Base Game;49;56;14,85
403;original;Base Game;54;65;16
404;original;Base Game;53;47;16,06
405;original;Base Game;47;60;17,91
406;original;Base Game;53;54;14,12
407;original;Base Game;53;59;15,53
408;original;Base Game;53;46;13,24
409;original;Base Game;55;47;14,95
410;original;Base Game;54;43;14,72
411;original;Base Game;50;61;17,14
412;original;Base Game;53;56;13,94
413;original;Base Game;56;53;14,6
414;original;Base Game;52;44;15,56
415;original;Base Game;54;60;12,56
416;original;Base Game;55;50;16,16
417;original;Base Game;54;55;15,83
418;original;Base Game;52;49;15
419;original;Base Game;54;61;15,67
420;original;Base Game;51;51;13,73
421;original;Base Game;52;56;13,56
422;original;Base Game;51;60;15,4
423;original;Base Game;55;42;16,21
424;original;Base Game;44;58;18,38
425;original;Base Game;55;51;13,63
426;original;Base Game;52;51;15,69
427;original;Base Game;53;59;16,29
428;original;Base Game;53;53;15,35
429;original;Base Game;47;70;17,45
430;original;Base Game;50;48;16,57
431;original;Base Game;61;59;13,64
432;original;Base Game;48;60;14,75
433;original;Base Game;53;54;15,65
434;original;Base Game;52;53;13,31
435;original;Base Game;55;73;15,79
436;original;Base Game;54;46;15,72
437;original;Base Game;53;55;15,53
438;original;Base Game;53;50;15,12
439;original;Base Game;52;61;16,06
440;original;Base Game;53;54;14,59
441;original;Base Game;55;53;15,47
442;original;Base Game;54;63;14,94
443;original;Base Game;52;54;14,13
444;original;Base Game;53;43;14,59
445;original;Base Game;51;60;15,2
446;original;Base Game;54;56;15,56
447;original;Base Game;52;61;14,94
448;original;Base Game;51;52;15,27
449;original;Base Game;52;48;16,19
450;original;Base Game;53;40;13,71
451;original;Base Game;50;53;15,36
452;original;Base Game;56;42;14,05
453;original;Base Game;47;49;15,73
454;original;Base Game;56;43;12,8
455;original;Base Game;54;52;16,33
456;original;Base Game;61;58;14,6
457;original;Base Game;52;55;15,12
458;original;Base Game;53;71;15,35
459;original;Base Game;52;52;15,69
460;original;Base Game;57;38;14,05
461;original;Base Game;56;37;15,1
462;original;Base Game;52;60;14,94
463;original;Base Game;55;66;15,84
464;original;Base Game;56;41;13,6
465;original;Base Game;52;62;15,75
466;original;Base Game;53;57;13,06
467;original;Base Game;56;53;15,9
468;original;Base Game;55;51;15,05
469;original;Base Game;46;59;18,3
470;original;Base Game;52;53;15,81
471;original;Base Game;51;58;16,07
472;original;Base Game;54;46;13,83
473;original;Base Game;55;58;14,84
474;original;Base Game;56;55;13,4
475;original;Base Game;56;51;15,35
476;original;Base Game;54;46;16,44
477;original;Base Game;54;47;14,06
478;original;Base Game;51;61;16,2
479;original;Base Game;51;65;15,93
480;original;Base Game;50;60;15,14
481;original;Base Game;52;61;15
482;original;Base Game;53;45;14,06
483;original;Base Game;55;62;16,32
484;original;Base Game;56;52;15,3
485;original;Base Game;52;50;15,06
486;original;Base Game;45;69;17
487;original;Base Game;51;51;16,27
488;original;Base Game;53;57;15,41
489;original;Base Game;51;65;15
490;original;Base Game;54;58;14,39
491;original;Base Game;47;55;17,09
492;original;Base Game;55;41;13,32
493;original;Base Game;55;48;13,42
494;original;Base Game;49;42;16,23
495;original;Base Game;47;57;16,27
496;original;Base Game;54;50;14,22
497;original;Base Game;57;55;15
498;original;Base Game;57;52;14,71
499;original;Base Game;61;49;14,16
500;original;Base Game;53;54;14,71
501;original;Base Game;52;53;14,06
502;original;Base Game;57;56;12,19
503;original;Base Game;56;56;14,3
504;original;Base Game;59;50;13,26
505;original;Base Game;51;50;16,93
506;original;Base Game;53;62;14,41
507;original;Base Game;52;54;14,81
508;original;Base Game;48;61;16,08
509;original;Base Game;46;55;16,6
510;original;Base Game;48;60;17,17
511;original;Base Game;50;66;16,21
512;original;Base Game;50;56;16,79
513;original;Base Game;57;42;13,81
514;original;Base Game;53;52;14,82
515;original;Base Game;50;57;15,21
516;original;Base Game;49;64;15,77
517;original;Base Game;49;46;16,08
518;original;Base Game;48;52;16,08
519;original;Base Game;60;50;13,96
520;original;Base Game;52;36;15,38
521;original;Base Game;57;51;14,81
522;original;Base Game;51;57;15,07
523;original;Base Game;52;50;15,94
524;original;Base Game;52;48;15,56
525;original;Base Game;58;49;12,5
526;original;Base Game;51;64;14,53
527;original;Base Game;56;60;15,55
528;original;Base Game;57;59;14,9
529;original;Base Game;55;54;15,63
530;original;Base Game;52;52;15,38
531;original;Base Game;51;62;15,87
532;original;Base Game;48;50;15,42
533;original;Base Game;53;58;14,12
534;original;Base Game;56;51;14
535;original;Base Game;49;58;15,38
536;original;Base Game;44;65;17,75
537;original;Base Game;54;41;14,5
538;original;Base Game;59;52;15,35
539;original;Base Game;52;39;14,44
540;original;Base Game;49;47;16,62
541;original;Base Game;54;59;16,78
542;original;Base Game;58;56;15,5
543;original;Base Game;49;64;16,77
544;original;Base Game;49;56;15,15
545;original;Base Game;50;55;16
546;original;Base Game;49;65;16,38
547;original;Base Game;49;64;17,77
548;original;Base Game;53;52;14,76
549;original;Base Game;54;55;15,33
550;original;Base Game;56;45;13,2
551;original;Base Game;56;37;13,2
552;original;Base Game;54;61;15,33
553;original;Base Game;47;59;16,45
554;original;Base Game;52;66;13,12
555;original;Base Game;48;49;16,08
556;original;Base Game;56;51;13,65
557;original;Base Game;51;49;13,73
558;original;Base Game;56;46;13,9
559;original;Base Game;56;54;14,9
560;original;Base Game;45;56;16,67
561;original;Base Game;52;56;16,75
562;original;Base Game;50;54;17
563;original;Base Game;52;52;15,62
564;original;Base Game;52;58;15,81
565;original;Base Game;56;43;14
566;original;Base Game;52;69;16,25
567;original;Base Game;54;48;16,78
568;original;Base Game;49;57;15,46
569;original;Base Game;53;52;14,82
570;original;Base Game;56;42;14,55
571;original;Base Game;53;58;15,29
572;original;Base Game;55;48;13,89
573;original;Base Game;55;61;14,84
574;original;Base Game;52;59;13,94
575;original;Base Game;53;58;15,35
576;original;Base Game;54;42;14,06
577;original;Base Game;49;46;16,38
578;original;Base Game;52;54;13,25
579;original;Base Game;48;59;17,17
580;original;Base Game;55;59;14,42
581;original;Base Game;53;54;15,29
582;original;Base Game;51;46;15,73
583;original;Base Game;55;47;14,47
584;original;Base Game;43;53;18,29
585;original;Base Game;48;63;17,42
586;original;Base Game;52;57;17,12
587;original;Base Game;51;54;16,07
588;original;Base Game;59;45;14,26
589;original;Base Game;57;46;15,52
590;original;Base Game;55;50;15,58
591;original;Base Game;51;63;15,2
592;original;Base Game;46;64;16,7
593;original;Base Game;53;51;14,71
594;original;Base Game;50;56;15,64
595;original;Base Game;54;52;15
596;original;Base Game;53;52;14,18
597;original;Base Game;51;59;15,87
598;original;Base Game;51;57;16,53
599;original;Base Game;51;53;15,93
600;original;Base Game;55;43;15,11
601;original;Base Game;53;54;15,94
602;original;Base Game;55;65;14,11
603;original;Base Game;56;56;14,65
604;original;Base Game;46;45;16,5
605;original;Base Game;51;71;16,4
606;original;Base Game;53;50;14,35
607;original;Base Game;51;48;14,8
608;original;Base Game;55;53;13,89
609;original;Base Game;48;47;15,33
610;original;Base Game;53;55;14,94
611;original;Base Game;52;52;16,44
612;original;Base Game;52;61;14,75
613;original;Base Game;51;51;14,07
614;original;Base Game;58;52;13,91
615;original;Base Game;53;59;14,59
616;original;Base Game;51;49;15,27
617;original;Base Game;51;38;13,53
618;original;Base Game;55;34;13,68
619;original;Base Game;48;60;17,33
620;original;Base Game;52;48;15,25
621;original;Base Game;53;56;15
622;original;Base Game;44;65;16,12
623;original;Base Game;55;52;14,37
624;original;Base Game;51;56;16,53
625;original;Base Game;49;54;16,62
626;original;Base Game;54;47;14,72
627;original;Base Game;52;53;15,75
628;original;Base Game;55;57;15,42
629;original;Base Game;52;51;14,06
630;original;Base Game;51;53;14,53
631;original;Base Game;55;54;14,79
632;original;Base Game;53;48;15,24
633;original;Base Game;53;49;14,18
634;original;Base Game;55;53;15,68
635;original;Base Game;47;65;14,64
636;original;Base Game;51;64;15,4
637;original;Base Game;51;73;16,4
638;original;Base Game;52;54;14,88
639;original;Base Game;51;52;14,87
640;original;Base Game;46;66;17,9
641;original;Base Game;45;64;18,22
642;original;Base Game;56;43;15,1
643;original;Base Game;54;58;15,89
644;original;Base Game;49;64;14,15
645;original;Base Game;49;65;17,31
646;original;Base Game;51;68;16,8
647;original;Base Game;54;48;13,83
648;original;Base Game;53;46;13,29
649;original;Base Game;54;52;14,22
650;original;Base Game;58;45;14,18
651;original;Base Game;50;60;14,79
652;original;Base Game;49;49;15,23
653;original;Base Game;56;37;13,25
654;original;Base Game;53;57;15,35
655;original;Base Game;55;50;15,74
656;original;Base Game;44;58;18,62
657;original;Base Game;48;69;17,08
658;original;Base Game;52;68;15,38
659;original;Base Game;52;61;15,31
660;original;Base Game;60;51;15,04
661;original;Base Game;53;61;13,76
662;original;Base Game;47;66;17,55
663;original;Base Game;58;57;15
664;original;Base Game;50;68;16,21
665;original;Base Game;54;53;14,5
666;original;Base Game;56;57;15,9
667;original;Base Game;51;44;15,53
668;original;Base Game;52;50;14,75
669;original;Base Game;51;46;16
670;original;Base Game;50;61;17,14
671;original;Base Game;58;43;13,05
672;original;Base Game;53;60;15
673;original;Base Game;54;48;14,17
674;original;Base Game;57;46;13
675;original;Base Game;58;59;15,32
676;original;Base Game;55;63;14,79
677;original;Base Game;53;53;15,06
678;original;Base Game;55;48;14,68
679;original;Base Game;55;57;15,26
680;original;Base Game;53;51;14,94
681;original;Base Game;54;49;13,67
682;original;Base Game;46;63;17,3
683;original;Base Game;55;51;16,21
684;original;Base Game;56;56;14,55
685;original;Base Game;49;45;14,92
686;original;Base Game;57;55;15,05
687;original;Base Game;49;64;16,08
688;original;Base Game;53;47;14,88
689;original;Base Game;46;65;16,9
690;original;Base Game;56;52;15,8
691;original;Base Game;52;53;15,94
692;original;Base Game;51;58;16,07
693;original;Base Game;51;59;15,07
694;original;Base Game;55;49;13,05
695;original;Base Game;59;48;15,65
696;original;Base Game;55;63;15,47
697;original;Base Game;55;63;14,58
698;original;Base Game;55;52;15,21
699;original;Base Game;49;65;15
700;original;Base Game;58;59;14,86
701;original;Base Game;49;67;17,46
702;original;Base Game;51;70;16,6
703;original;Base Game;53;39;13
704;original;Base Game;58;49;14,77
705;original;Base Game;59;42;13,7
706;original;Base Game;53;59;14,29
707;original;Base Game;53;50;15,29
708;original;Base Game;51;53;15,13
709;original;Base Game;51;51;17,07
710;original;Base Game;49;64;16
711;original;Base Game;50;49;16,86
712;original;Base Game;54;49;15,11
713;original;Base Game;59;37;16,17
714;original;Base Game;54;47;14,5
715;original;Base Game;60;42;12,79
716;original;Base Game;48;58;16,5
717;original;Base Game;56;52;16,45
718;original;Base Game;52;55;16,06
719;original;Base Game;52;63;14,44
720;original;Base Game;56;53;15,7
721;original;Base Game;46;47;16,1
722;original;Base Game;53;45;12,06
723;original;Base Game;54;38;13,17
724;original;Base Game;50;53;16,71
725;original;Base Game;52;54;15,5
726;original;Base Game;53;55;15,24
727;original;Base Game;50;46;15,36
728;original;Base Game;55;50;15,95
729;original;Base Game;53;58;14,53
730;original;Base Game;59;60;14,48
731;original;Base Game;57;50;12
732;original;Base Game;58;54;13,41
733;original;Base Game;53;44;14,47
734;original;Base Game;48;67;17,5
735;original;Base Game;48;41;16,42
736;original;Base Game;59;59;14,22
737;original;Base Game;44;73;17,38
738;original;Base Game;46;58;16,6
739;original;Base Game;51;50;15,27
740;original;Base Game;46;76;17,4
741;original;Base Game;53;60;14,53
742;original;Base Game;53;46;14,94
743;original;Base Game;53;54;14,94
744;original;Base Game;57;57;13,38
745;original;Base Game;53;47;16,65
746;original;Base Game;54;45;14,94
747;original;Base Game;50;54;15,29
748;original;Base Game;51;55;15
749;original;Base Game;54;67;15,17
750;original;Base Game;52;59;15,31
751;original;Base Game;56;39;14,25
752;original;Base Game;50;54;15,21
753;original;Base Game;50;50;14,43
754;original;Base Game;58;45;15,45
755;original;Base Game;56;55;15,2
756;original;Base Game;50;60;15,93
757;original;Base Game;48;61;16,83
758;original;Base Game;50;51;16,5
759;original;Base Game;59;52;14,83
760;original;Base Game;49;69;16,31
761;original;Base Game;50;64;15,21
762;original;Base Game;50;50;15,79
763;original;Base Game;50;62;16,57
764;original;Base Game;57;52;15,57
765;original;Base Game;50;65;14,93
766;original;Base Game;48;62;16,17
767;original;Base Game;58;45;14,23
768;original;Base Game;49;49;13,46
769;original;Base Game;60;60;14,46
770;original;Base Game;55;45;14,68
771;original;Base Game;49;55;14,85
772;original;Base Game;52;64;15,56
773;original;Base Game;52;45;16,94
774;original;Base Game;56;51;14,2
775;original;Base Game;54;73;15
776;original;Base Game;52;56;16
777;original;Base Game;55;60;15,53
778;original;Base Game;59;44;14,65
779;original;Base Game;49;47;16,85
780;original;Base Game;46;62;17,2
781;original;Base Game;57;33;14,33
782;original;Base Game;54;50;16,06
783;original;Base Game;53;34;14,12
784;original;Base Game;54;55;15,61
785;original;Base Game;53;65;14,76
786;original;Base Game;51;57;15
787;original;Base Game;55;38;14,89
788;original;Base Game;55;54;15,21
789;original;Base Game;52;57;15,75
790;original;Base Game;53;67;16
791;original;Base Game;47;57;17
792;original;Base Game;55;43;15,47
793;original;Base Game;46;52;16,5
794;original;Base Game;47;67;17,36
795;original;Base Game;57;37;14,71
796;original;Base Game;52;56;15,44
797;original;Base Game;51;59;14,13
798;original;Base Game;52;49;15,62
799;original;Base Game;52;44;14,12
800;original;Base Game;52;51;16,12
801;original;Base Game;53;54;13,82
802;original;Base Game;51;43;14,93
803;original;Base Game;46;66;17,7
804;original;Base Game;55;45;12,89
805;original;Base Game;55;60;14,84
806;original;Base Game;54;57;16,22
807;original;Base Game;56;52;15,55
808;original;Base Game;51;52;15,73
809;original;Base Game;52;52;14,25
810;original;Base Game;58;57;13,86
811;original;Base Game;52;64;14,69
812;original;Base Game;56;47;15,3
813;original;Base Game;50;61;14,93
814;original;Base Game;44;63;18
815;original;Base Game;45;66;16,56
816;original;Base Game;50;65;16,57
817;original;Base Game;51;68;16,27
818;original;Base Game;57;54;13,62
819;original;Base Game;53;58;14,29
820;original;Base Game;51;55;15,93
821;original;Base Game;57;44;14,62
822;original;Base Game;54;61;14,39
823;original;Base Game;53;75;14,71
824;original;Base Game;55;48;13,89
825;original;Base Game;52;56;15,81
826;original;Base Game;52;60;16,06
827;original;Base Game;57;59;15,19
828;original;Base Game;50;58;16,29
829;original;Base Game;51;58;16,27
830;original;Base Game;49;48;14,54
831;original;Base Game;55;42;13,89
832;original;Base Game;55;52;14,63
833;original;Base Game;55;62;15,58
834;original;Base Game;56;51;14,3
835;original;Base Game;50;63;15
836;original;Base Game;52;61;14,44
837;original;Base Game;54;55;15,17
838;original;Base Game;53;41;16,18
839;original;Base Game;56;50;15,05
840;original;Base Game;56;46;15,95
841;original;Base Game;57;58;15,62
842;original;Base Game;54;62;15,5
843;original;Base Game;52;68;16
844;original;Base Game;50;45;14
845;original;Base Game;49;62;15,54
846;original;Base Game;53;51;15,94
847;original;Base Game;47;51;15,45
848;original;Base Game;55;38;12,42
849;original;Base Game;52;58;14,94
850;original;Base Game;50;58;14,93
851;original;Base Game;56;50;14,7
852;original;Base Game;58;51;15,36
853;original;Base Game;51;66;15
854;original;Base Game;55;44;15,53
855;original;Base Game;52;41;14,88
856;original;Base Game;53;60;14,76
857;original;Base Game;55;42;14
858;original;Base Game;50;63;14,43
859;original;Base Game;49;60;15,62
860;original;Base Game;50;56;16,36
861;original;Base Game;57;59;14,52
862;original;Base Game;50;55;14,71
863;original;Base Game;52;45;15,44
864;original;Base Game;56;62;14,95
865;original;Base Game;50;56;16,07
866;original;Base Game;59;40;14,96
867;original;Base Game;57;51;15,57
868;original;Base Game;59;60;14,43
869;original;Base Game;52;62;15,12
870;original;Base Game;53;55;14,82
871;original;Base Game;48;58;16,08
872;original;Base Game;58;38;14,77
873;original;Base Game;51;67;16,6
874;original;Base Game;55;47;15,26
875;original;Base Game;54;59;15,94
876;original;Base Game;51;50;16,4
877;original;Base Game;55;55;15,74
878;original;Base Game;50;51;14,86
879;original;Base Game;52;51;15,38
880;original;Base Game;55;50;14,47
881;original;Base Game;54;53;15,11
882;original;Base Game;46;55;16,1
883;original;Base Game;47;59;14,64
884;original;Base Game;55;49;15,53
885;original;Base Game;49;52;14,62
886;original;Base Game;55;41;15,53
887;original;Base Game;45;56;15,44
888;original;Base Game;52;51;14,25
889;original;Base Game;46;75;17,3
890;original;Base Game;55;56;15,26
891;original;Base Game;52;51;15,62
892;original;Base Game;56;54;14,35
893;original;Base Game;57;48;13,67
894;original;Base Game;60;47;13,75
895;original;Base Game;55;32;15
896;original;Base Game;54;53;15,11
897;original;Base Game;50;51;16,86
898;original;Base Game;49;57;16,77
899;original;Base Game;52;52;15,94
900;original;Base Game;49;62;16,46
901;original;Base Game;51;56;14,8
902;original;Base Game;49;59;15,62
903;original;Base Game;52;53;15,88
904;original;Base Game;54;54;14,83
905;original;Base Game;50;56;15,79
906;original;Base Game;56;59;15,1
907;original;Base Game;53;47;15,65
908;original;Base Game;51;46;14,2
909;original;Base Game;51;50;14,6
910;original;Base Game;53;49;15,53
911;original;Base Game;49;57;14,85
912;original;Base Game;49;55;16,31
913;original;Base Game;49;58;17,23
914;original;Base Game;50;46;16,29
915;original;Base Game;53;46;16,12
916;original;Base Game;47;54;16,09
917;original;Base Game;53;46;13,18
918;original;Base Game;53;51;15,53
919;original;Base Game;54;63;14,56
920;original;Base Game;47;61;16,18
921;original;Base Game;55;56;13,74
922;original;Base Game;51;61;16,8
923;original;Base Game;53;62;15,24
924;original;Base Game;58;44;14,59
925;original;Base Game;49;62;15,92
926;original;Base Game;55;57;13,63
927;original;Base Game;61;37;13,72
928;original;Base Game;57;48;14,24
929;original;Base Game;56;39;14,75
930;original;Base Game;57;46;14,29
931;original;Base Game;49;54;16,46
932;original;Base Game;53;40;12
933;original;Base Game;51;52;14,6
934;original;Base Game;57;48;13
935;original;Base Game;51;65;15,13
936;original;Base Game;51;53;15,4
937;original;Base Game;55;40;16,89
938;original;Base Game;56;58;15,25
939;original;Base Game;55;66;14,58
940;original;Base Game;59;46;12,7
941;original;Base Game;52;57;15,62
942;original;Base Game;45;70;16,22
943;original;Base Game;56;47;13
944;original;Base Game;53;48;13,65
945;original;Base Game;47;48;13,55
946;original;Base Game;54;67;16,06
947;original;Base Game;56;53;15,15
948;original;Base Game;49;49;14,08
949;original;Base Game;60;52;13,79
950;original;Base Game;54;52;14,22
951;original;Base Game;52;58;17,31
952;original;Base Game;59;47;15,52
953;original;Base Game;43;58;18
954;original;Base Game;55;60;15,11
955;original;Base Game;52;59;14,69
956;original;Base Game;48;55;17,25
957;original;Base Game;53;69;14,47
958;original;Base Game;53;51;14,82
959;original;Base Game;56;48;14,65
960;original;Base Game;45;63;17,22
961;original;Base Game;52;59;16,06
962;original;Base Game;53;51;15,82
963;original;Base Game;49;59;15,85
964;original;Base Game;54;56;13,94
965;original;Base Game;57;57;14,1
966;original;Base Game;58;40;14,64
967;original;Base Game;50;60;15,29
968;original;Base Game;58;56;13,95
969;original;Base Game;56;52;15,65
970;original;Base Game;48;56;15,5
971;original;Base Game;53;47;14
972;original;Base Game;51;44;14,4
973;original;Base Game;49;74;15,92
974;original;Base Game;53;63;15,65
975;original;Base Game;53;51;15,59
976;original;Base Game;49;61;16,46
977;original;Base Game;53;60;15,94
978;original;Base Game;65;33;12,76
979;original;Base Game;54;60;16,33
980;original;Base Game;46;58;16,7
981;original;Base Game;49;54;16,08
982;original;Base Game;58;52;14,86
983;original;Base Game;53;42;16,41
984;original;Base Game;54;43;13,56
985;original;Base Game;51;60;17,93
986;original;Base Game;51;49;14,07
987;original;Base Game;58;58;14,86
988;original;Base Game;53;49;14,59
989;original;Base Game;55;42;12,89
990;original;Base Game;49;65;17,15
991;original;Base Game;53;60;15,53
992;original;Base Game;53;55;15,47
993;original;Base Game;55;46;16,53
994;original;Base Game;56;67;14,1
995;original;Base Game;55;49;16
996;original;Base Game;52;40;13,12
997;original;Base Game;57;47;14,57
998;original;Base Game;48;60;16,75
999;original;Base Game;57;55;15,33
1000;original;Base Game;50;42;15,93
1001;original;Base Game;52;34;14,88
1002;original;Base Game;56;39;12,4
1003;original;Base Game;53;44;14,71
1004;original;Base Game;53;45;15,76
1005;original;Base Game;55;61;16,11
1006;original;Base Game;54;58;16,22
1007;original;Base Game;60;42;14,83
1008;original;Base Game;57;53;14,52
1009;original;Base Game;56;60;16,3
1010;original;Base Game;57;53;13,24
1011;original;Base Game;45;71;17,67
1012;original;Base Game;49;52;14,08
1013;original;Base Game;50;65;16,07
1014;original;Base Game;47;47;15,64
1015;original;Base Game;38;77;19,5
1016;original;Base Game;52;54;15,5
1017;original;Base Game;54;47;14,28
1018;original;Base Game;55;54;16,58
1019;original;Base Game;53;63;15,71
1020;original;Base Game;55;63;15,21
1021;original;Base Game;59;38;14,09
1022;original;Base Game;50;60;15,86
1023;original;Base Game;55;45;14,26
1024;original;Base Game;53;37;13,47
1025;original;Base Game;55;55;14,84
1026;original;Base Game;53;50;15,06
1027;original;Base Game;50;51;14,29
1028;original;Base Game;51;55;16,2
1029;original;Base Game;50;51;17
1030;original;Base Game;57;35;13,29
1031;original;Base Game;56;42;14,1
1032;original;Base Game;55;53;16,26
1033;original;Base Game;57;43;13,81
1034;original;Base Game;52;53;15,06
1035;original;Base Game;55;58;13,95
1036;original;Base Game;48;53;16,67
1037;original;Base Game;53;50;14,88
1038;original;Base Game;56;54;15,55
1039;original;Base Game;54;58;14,44
1040;original;Base Game;56;40;14,5
1041;original;Base Game;51;48;14,07
1042;original;Base Game;57;55;15,48
1043;original;Base Game;58;50;14,45
1044;original;Base Game;51;53;16,13
1045;original;Base Game;56;53;16
1046;original;Base Game;50;42;13,86
1047;original;Base Game;52;57;15,06
1048;original;Base Game;48;54;15,75
1049;original;Base Game;51;60;15,53
1050;original;Base Game;50;56;15,43
1051;original;Base Game;55;48;13,26
1052;original;Base Game;50;60;13,79
1053;original;Base Game;56;44;16,35
1054;original;Base Game;52;50;15,81
1055;original;Base Game;52;56;16,31
1056;original;Base Game;55;42;14,89
1057;original;Base Game;52;41;14,44
1058;original;Base Game;53;63;14,47
1059;original;Base Game;52;57;16,25
1060;original;Base Game;58;53;16
1061;original;Base Game;47;72;15,91
1062;original;Base Game;51;53;16,07
1063;original;Base Game;51;47;16,27
1064;original;Base Game;55;53;14
1065;original;Base Game;53;63;16,35
1066;original;Base Game;56;41;12,95
1067;original;Base Game;53;45;14
1068;original;Base Game;59;55;15,26
1069;original;Base Game;50;50;16
1070;original;Base Game;47;49;15
1071;original;Base Game;50;46;16,07
1072;original;Base Game;52;41;13,38
1073;original;Base Game;55;59;14,68
1074;original;Base Game;53;60;16,47
1075;original;Base Game;52;52;15,94
1076;original;Base Game;52;54;14,94
1077;original;Base Game;55;52;15,42
1078;original;Base Game;56;55;14,95
1079;original;Base Game;54;50;14,94
1080;original;Base Game;46;46;15,9
1081;original;Base Game;51;50;16,33
1082;original;Base Game;52;46;15,62
1083;original;Base Game;53;66;15,82
1084;original;Base Game;56;44;15,35
1085;original;Base Game;56;53;15,5
1086;original;Base Game;57;42;13,05
1087;original;Base Game;53;57;15,12
1088;original;Base Game;57;36;12,67
1089;original;Base Game;56;52;14,6
1090;original;Base Game;55;67;15,11
1091;original;Base Game;56;50;15,5
1092;original;Base Game;42;63;18
1093;original;Base Game;60;40;13,54
1094;original;Base Game;58;42;13,95
1095;original;Base Game;48;56;15
1096;original;Base Game;49;61;15,15
1097;original;Base Game;55;56;13,58
1098;original;Base Game;52;59;13,75
1099;original;Base Game;56;45;14,45
1100;original;Base Game;51;58;14,07
1101;original;Base Game;49;73;17,46
1102;original;Base Game;51;58;16,93
1103;original;Base Game;53;59;15,41
1104;original;Base Game;53;53;15,12
1105;original;Base Game;53;60;15,71
1106;original;Base Game;45;68;17,33
1107;original;Base Game;48;51;16,58
1108;original;Base Game;53;53;15,12
1109;original;Base Game;54;46;14,44
1110;original;Base Game;56;41;13,85
1111;original;Base Game;56;48;13,85
1112;original;Base Game;51;47;16,27
1113;original;Base Game;55;49;15,53
1114;original;Base Game;54;51;13,89
1115;original;Base Game;55;50;14,11
1116;original;Base Game;52;34;11,69
1117;original;Base Game;51;44;16,2
1118;original;Base Game;52;61;14,62
1119;original;Base Game;56;54;13,85
1120;original;Base Game;56;40;14,5
1121;original;Base Game;52;45;15,06
1122;original;Base Game;60;46;14,46
1123;original;Base Game;50;54;15,43
1124;original;Base Game;50;62;15,64
1125;original;Base Game;48;49;14,83
1126;original;Base Game;56;62;14,4
1127;original;Base Game;47;68;16,82
1128;original;Base Game;53;66;16
1129;original;Base Game;53;62;16,24
1130;original;Base Game;59;45;14,22
1131;original;Base Game;56;57;16,55
1132;original;Base Game;53;56;15,88
1133;original;Base Game;50;51;14,5
1134;original;Base Game;53;48;15,29
1135;original;Base Game;56;34;15,05
1136;original;Base Game;52;45;15,44
1137;original;Base Game;44;71;16,75
1138;original;Base Game;56;46;13,2
1139;original;Base Game;50;65;17,36
1140;original;Base Game;44;54;17,5
1141;original;Base Game;53;65;15,12
1142;original;Base Game;54;57;16,22
1143;original;Base Game;52;50;14,69
1144;original;Base Game;54;42;14,28
1145;original;Base Game;56;58;16,3
1146;original;Base Game;54;57;16,44
1147;original;Base Game;54;63;16,11
1148;original;Base Game;57;38;14,05
1149;original;Base Game;60;49;14,29
1150;original;Base Game;58;43;12,73
1151;original;Base Game;51;56;15
1152;original;Base Game;55;62;14,37
1153;original;Base Game;48;59;16
1154;original;Base Game;54;48;15,28
1155;original;Base Game;50;56;15,14
1156;original;Base Game;46;43;16
1157;original;Base Game;51;58;15,53
1158;original;Base Game;55;61;15,63
1159;original;Base Game;52;58;14,88
1160;original;Base Game;52;72;14,62
1161;original;Base Game;57;49;15,1
1162;original;Base Game;51;43;12
1163;original;Base Game;54;56;15,89
1164;original;Base Game;54;45;12,83
1165;original;Base Game;50;51;15,29
1166;original;Base Game;51;57;14,67
1167;original;Base Game;53;39;11,71
1168;original;Base Game;56;39;14,05
1169;original;Base Game;54;43;14,89
1170;original;Base Game;54;46;14,06
1171;original;Base Game;59;48;13,35
1172;original;Base Game;58;49;15,14
1173;original;Base Game;52;42;14,81
1174;original;Base Game;52;47;15,44
1175;original;Base Game;58;57;14,55
1176;original;Base Game;54;49;15,33
1177;original;Base Game;55;41;14,53
1178;original;Base Game;55;46;13,37
1179;original;Base Game;56;46;14,6
1180;original;Base Game;43;65;18
1181;original;Base Game;54;57;16,33
1182;original;Base Game;52;56;14,69
1183;original;Base Game;56;50;15,05
1184;original;Base Game;48;39;16,17
1185;original;Base Game;48;56;16,33
1186;original;Base Game;51;61;15,53
1187;original;Base Game;55;36;13,37
1188;original;Base Game;58;42;13,23
1189;original;Base Game;55;46;14,58
1190;original;Base Game;53;43;15,35
1191;original;Base Game;45;58;17,33
1192;original;Base Game;57;55;14,9
1193;original;Base Game;52;55;15,56
1194;original;Base Game;54;59;15
1195;original;Base Game;53;66;14,12
1196;original;Base Game;52;51;15
1197;original;Base Game;52;46;15,56
1198;original;Base Game;55;62;15,11
1199;original;Base Game;51;39;14,4
1200;original;Base Game;54;55;15,06
1201;original;Base Game;45;61;16,78
1202;original;Base Game;49;66;17,62
1203;original;Base Game;50;59;16,79
1204;original;Base Game;53;58;15
1205;original;Base Game;53;53;14,06
1206;original;Base Game;51;66;15,4
1207;original;Base Game;56;50;13,4
1208;original;Base Game;50;54;15,5
1209;original;Base Game;53;54;15
1210;original;Base Game;51;56;15,87
1211;original;Base Game;54;57;14,44
1212;original;Base Game;54;44;14,83
1213;original;Base Game;51;62;15,6
1214;original;Base Game;57;38;14,48
1215;original;Base Game;58;38;13,45
1216;original;Base Game;58;55;14,45
1217;original;Base Game;53;61;15,06
1218;original;Base Game;52;51;14,25
1219;original;Base Game;50;76;15,71
1220;original;Base Game;51;53;16,07
1221;original;Base Game;53;67;15,59
1222;original;Base Game;50;51;15,79
1223;original;Base Game;44;72;18
1224;original;Base Game;52;56;15,62
1225;original;Base Game;50;72;16
1226;original;Base Game;54;46;14,89
1227;original;Base Game;55;51;14,42
1228;original;Base Game;46;61;16,1
1229;original;Base Game;51;45;14,67
1230;original;Base Game;58;48;12,77
1231;original;Base Game;49;68;14,85
1232;original;Base Game;56;44;15,15
1233;original;Base Game;53;68;14,82
1234;original;Base Game;56;46;13,6
1235;original;Base Game;52;44;15
1236;original;Base Game;51;48;13,33
1237;original;Base Game;52;60;16
1238;original;Base Game;55;44;14
1239;original;Base Game;50;56;14,93
1240;original;Base Game;54;55;13,56
1241;original;Base Game;54;63;16,28
1242;original;Base Game;56;53;14,55
1243;original;Base Game;55;48;14,74
1244;original;Base Game;50;59;15,79
1245;original;Base Game;46;51;17
1246;original;Base Game;56;51;14,15
1247;original;Base Game;53;37;13,35
1248;original;Base Game;55;62;16,11
1249;original;Base Game;48;58;16,17
1250;original;Base Game;57;52;15
1251;original;Base Game;54;55;13,94
1252;original;Base Game;58;48;12,32
1253;original;Base Game;54;41;15,22
1254;original;Base Game;53;35;15,06
1255;original;Base Game;49;43;16,31
1256;original;Base Game;55;52;14,84
1257;original;Base Game;53;56;14,82
1258;original;Base Game;54;51;14,56
1259;original;Base Game;53;55;14,76
1260;original;Base Game;54;42;14
1261;original;Base Game;50;55;17,79
1262;original;Base Game;48;66;16,42
1263;original;Base Game;54;64;14
1264;original;Base Game;60;34;14,17
1265;original;Base Game;49;45;14,15
1266;original;Base Game;49;60;16,54
1267;original;Base Game;52;46;13,94
1268;original;Base Game;53;56;16
1269;original;Base Game;50;68;16,36
1270;original;Base Game;59;45;13,13
1271;original;Base Game;50;44;14,57
1272;original;Base Game;53;59;16,76
1273;original;Base Game;48;59;17,25
1274;original;Base Game;56;52;14,6
1275;original;Base Game;60;52;15
1276;original;Base Game;54;54;14,39
1277;original;Base Game;49;51;15,23
1278;original;Base Game;58;50;13,68
1279;original;Base Game;53;52;15,82
1280;original;Base Game;52;53;15,62
1281;original;Base Game;49;64;15,23
1282;original;Base Game;49;59;14,38
1283;original;Base Game;53;56;15,47
1284;original;Base Game;46;70;17,2
1285;original;Base Game;53;58;15,12
1286;original;Base Game;56;49;14,6
1287;original;Base Game;52;34;14
1288;original;Base Game;54;68;13,89
1289;original;Base Game;50;47;14,43
1290;original;Base Game;54;55;14,11
1291;original;Base Game;53;54;15,82
1292;original;Base Game;59;49;14,26
1293;original;Base Game;58;58;13,55
1294;original;Base Game;58;45;14,09
1295;original;Base Game;52;52;15,12
1296;original;Base Game;51;51;15,67
1297;original;Base Game;57;50;14,62
1298;original;Base Game;49;66;17,23
1299;original;Base Game;49;50;15,77
1300;original;Base Game;51;49;15,27
1301;original;Base Game;50;47;14,57
1302;original;Base Game;55;48;14,47
1303;original;Base Game;52;66;16,62
1304;original;Base Game;55;66;15
1305;original;Base Game;51;56;15,93
1306;original;Base Game;52;60;15,69
1307;original;Base Game;57;41;13,43
1308;original;Base Game;56;36;11,95
1309;original;Base Game;50;63;16,43
1310;original;Base Game;53;46;12,76
1311;original;Base Game;58;47;13,77
1312;original;Base Game;55;54;15,58
1313;original;Base Game;53;46;15,53
1314;original;Base Game;51;50;14,33
1315;original;Base Game;56;54;14,5
1316;original;Base Game;57;44;14,86
1317;original;Base Game;52;54;15,62
1318;original;Base Game;54;44;13
1319;original;Base Game;55;44;14,05
1320;original;Base Game;50;51;14,43
1321;original;Base Game;51;57;16,47
1322;original;Base Game;50;62;15,93
1323;original;Base Game;56;59;14,1
1324;original;Base Game;54;54;14,94
1325;original;Base Game;56;41;14,95
1326;original;Base Game;59;35;13,74
1327;original;Base Game;54;35;14,39
1328;original;Base Game;57;67;15,52
1329;original;Base Game;52;50;16,69
1330;original;Base Game;53;39;16,12
1331;original;Base Game;52;50;15,25
1332;original;Base Game;48;54;16
1333;original;Base Game;53;58;15,59
1334;original;Base Game;51;56;15,87
1335;original;Base Game;56;70;13,9
1336;original;Base Game;54;34;14,67
1337;original;Base Game;56;48;15,05
1338;original;Base Game;51;50;17,27
1339;original;Base Game;55;51;14,79
1340;original;Base Game;52;49;14,31
1341;original;Base Game;55;48;15,68
1342;original;Base Game;54;62;15,56
1343;original;Base Game;50;65;16,14
1344;original;Base Game;48;50;14,83
1345;original;Base Game;53;44;14,24
1346;original;Base Game;52;49;15,19
1347;original;Base Game;49;59;16,31
1348;original;Base Game;53;69;15,06
1349;original;Base Game;50;62;15,64
1350;original;Base Game;48;59;16,67
1351;original;Base Game;50;50;14,07
1352;original;Base Game;45;59;16
1353;original;Base Game;52;37;15,56
1354;original;Base Game;49;69;15,38
1355;original;Base Game;58;49;16,32
1356;original;Base Game;46;78;16,7
1357;original;Base Game;48;55;17
1358;original;Base Game;49;58;14,15
1359;original;Base Game;57;51;14,29
1360;original;Base Game;56;66;15,3
1361;original;Base Game;53;58;16,82
1362;original;Base Game;49;62;16
1363;original;Base Game;55;63;13,68
1364;original;Base Game;57;53;15,9
1365;original;Base Game;49;46;14,38
1366;original;Base Game;52;49;14,44
1367;original;Base Game;51;44;15,4
1368;original;Base Game;51;54;15,33
1369;original;Base Game;58;60;16,36
1370;original;Base Game;53;57;14,65
1371;original;Base Game;49;63;15,08
1372;original;Base Game;55;49;14,68
1373;original;Base Game;46;47;16
1374;original;Base Game;49;58;16
1375;original;Base Game;53;45;13,94
1376;original;Base Game;50;56;15,79
1377;original;Base Game;48;52;17,17
1378;original;Base Game;51;63;16,33
1379;original;Base Game;50;45;14,71
1380;original;Base Game;54;59;14,56
1381;original;Base Game;54;58;15,33
1382;original;Base Game;56;49;13,8
1383;original;Base Game;49;51;16,85
1384;original;Base Game;55;41;13,53
1385;original;Base Game;48;56;16,08
1386;original;Base Game;58;46;15,45
1387;original;Base Game;55;43;15,05
1388;original;Base Game;50;46;16,14
1389;original;Base Game;51;44;13,53
1390;original;Base Game;52;63;16,31
1391;original;Base Game;48;62;16,5
1392;original;Base Game;48;69;17,17
1393;original;Base Game;51;50;15
1394;original;Base Game;47;63;16,73
1395;original;Base Game;50;49;16,57
1396;original;Base Game;54;62;14,06
1397;original;Base Game;56;41;14,05
1398;original;Base Game;54;61;14,89
1399;original;Base Game;53;52;14,18
1400;original;Base Game;55;54;15,11
1401;original;Base Game;55;72;14,95
1402;original;Base Game;57;49;15,24
1403;original;Base Game;48;53;14,58
1404;original;Base Game;55;37;12,79
1405;original;Base Game;57;49;14,57
1406;original;Base Game;53;51;15,12
1407;original;Base Game;56;51;14,65
1408;original;Base Game;47;56;16,82
1409;original;Base Game;49;47;16,15
1410;original;Base Game;56;49;14,7
1411;original;Base Game;55;59;14,63
1412;original;Base Game;47;64;17,27
1413;original;Base Game;53;39;12,59
1414;original;Base Game;55;30;15,21
1415;original;Base Game;48;57;17,75
1416;original;Base Game;59;49;13,74
1417;original;Base Game;56;56;15,6
1418;original;Base Game;54;59;15
1419;original;Base Game;52;41;13,19
1420;original;Base Game;56;40;15,7
1421;original;Base Game;54;54;15,11
1422;original;Base Game;50;47;15,07
1423;original;Base Game;55;66;15,89
1424;original;Base Game;51;51;14,07
1425;original;Base Game;54;55;14,06
1426;original;Base Game;56;50;13,55
1427;original;Base Game;47;56;16
1428;original;Base Game;56;54;15,05
1429;original;Base Game;55;52;16,11
1430;original;Base Game;53;47;13,24
1431;original;Base Game;57;51;14,19
1432;original;Base Game;52;54;17,5
1433;original;Base Game;51;45;13,47
1434;original;Base Game;56;50;14,6
1435;original;Base Game;54;47;13,89
1436;original;Base Game;57;50;15,1
1437;original;Base Game;58;39;13,64
1438;original;Base Game;53;45;14,88
1439;original;Base Game;53;49;14,76
1440;original;Base Game;57;54;15,14
1441;original;Base Game;53;52;15
1442;original;Base Game;54;50;14,5
1443;original;Base Game;52;60;14,44
1444;original;Base Game;51;56;16,6
1445;original;Base Game;51;54;15,4
1446;original;Base Game;58;51;14,18
1447;original;Base Game;46;63;16,2
1448;original;Base Game;52;44;14
1449;original;Base Game;47;54;15,73
1450;original;Base Game;51;49;15,53
1451;original;Base Game;44;42;17,38
1452;original;Base Game;51;54;14
1453;original;Base Game;56;63;14,95
1454;original;Base Game;52;40;13,69
1455;original;Base Game;50;63;17,07
1456;original;Base Game;54;63;15,44
1457;original;Base Game;51;43;14,73
1458;original;Base Game;50;53;15,64
1459;original;Base Game;53;59;15,18
1460;original;Base Game;57;60;13,43
1461;original;Base Game;51;54;14,07
1462;original;Base Game;55;52;15,42
1463;original;Base Game;53;55;15,12
1464;original;Base Game;51;52;15,67
1465;original;Base Game;55;57;14,26
1466;original;Base Game;59;39;13,52
1467;original;Base Game;50;54;16,64
1468;original;Base Game;53;57;13,76
1469;original;Base Game;52;48;14,62
1470;original;Base Game;51;51;14,47
1471;original;Base Game;53;49;14,82
1472;original;Base Game;56;44;12,9
1473;original;Base Game;54;59;15,17
1474;original;Base Game;55;51;14,95
1475;original;Base Game;56;57;15,25
1476;original;Base Game;51;42;15,27
1477;original;Base Game;48;69;18,25
1478;original;Base Game;49;50;15,46
1479;original;Base Game;55;61;15
1480;original;Base Game;49;52;15,92
1481;original;Base Game;50;60;16,29
1482;original;Base Game;55;47;15,63
1483;original;Base Game;54;44;16,5
1484;original;Base Game;55;45;11,58
1485;original;Base Game;48;52;14,33
1486;original;Base Game;46;49;17,8
1487;original;Base Game;56;61;15,8
1488;original;Base Game;49;58;15,77
1489;original;Base Game;54;41;12,5
1490;original;Base Game;58;53;14,27
1491;original;Base Game;55;46;15,47
1492;original;Base Game;53;54;14,41
1493;original;Base Game;55;46;13,53
1494;original;Base Game;45;59;16,67
1495;original;Base Game;53;54;15,53
1496;original;Base Game;59;43;14,96
1497;original;Base Game;54;34;15
1498;original;Base Game;51;59;15,07
1499;original;Base Game;52;55;14,62
1500;original;Base Game;58;33;13,18
1501;original;Base Game;50;64;14,71
1502;original;Base Game;52;57;14,88
1503;original;Base Game;59;47;13,91
1504;original;Base Game;49;60;14,69
1505;original;Base Game;57;46;14,52
1506;original;Base Game;50;55;15,86
1507;original;Base Game;55;52;14,95
1508;original;Base Game;40;79;18,25
1509;original;Base Game;56;57;15,15
1510;original;Base Game;54;39;14,5
1511;original;Base Game;49;53;14,77
1512;original;Base Game;59;51;14,43
1513;original;Base Game;58;68;14,73
1514;original;Base Game;57;49;14,62
1515;original;Base Game;57;35;14,71
1516;original;Base Game;55;43;14,47
1517;original;Base Game;49;58;16,69
1518;original;Base Game;51;46;14,53
1519;original;Base Game;55;41;13,89
1520;original;Base Game;49;60;15,46
1521;original;Base Game;51;57;15,73
1522;original;Base Game;57;57;15,33
1523;original;Base Game;54;70;13,56
1524;original;Base Game;52;50;14,44
1525;original;Base Game;48;62;16,33
1526;original;Base Game;51;52;15,87
1527;original;Base Game;45;56;17,78
1528;original;Base Game;48;69;16,67
1529;original;Base Game;49;62;15
1530;original;Base Game;50;64;16,21
1531;original;Base Game;60;52;15,21
1532;original;Base Game;50;49;14,43
1533;original;Base Game;49;62;16,31
1534;original;Base Game;56;53;15,5
1535;original;Base Game;53;70;15,29
1536;original;Base Game;53;47;14,06
1537;original;Base Game;57;42;13,52
1538;original;Base Game;57;62;15,81
1539;original;Base Game;54;53;15,83
1540;original;Base Game;52;51;15,75
1541;original;Base Game;53;48;14,71
1542;original;Base Game;50;56;16,93
1543;original;Base Game;54;69;15,11
1544;original;Base Game;55;51;15,05
1545;original;Base Game;53;56;15,88
1546;original;Base Game;56;58;15,05
1547;original;Base Game;56;50;13,8
1548;original;Base Game;52;52;14,5
1549;original;Base Game;54;51;14,94
1550;original;Base Game;54;55;15,39
1551;original;Base Game;51;56;15,93
1552;original;Base Game;51;51;16,13
1553;original;Base Game;54;56;14,61
1554;original;Base Game;46;58;16,6
1555;original;Base Game;57;58;15,24
1556;original;Base Game;50;65;18,07
1557;original;Base Game;57;62;13,43
1558;original;Base Game;55;35;14,47
1559;original;Base Game;46;63;17,4
1560;original;Base Game;58;41;15,27
1561;original;Base Game;45;61;17,67
1562;original;Base Game;56;41;14,9
1563;original;Base Game;54;46;14,06
1564;original;Base Game;57;47;13,67
1565;original;Base Game;53;57;15,94
1566;original;Base Game;54;45;13,83
1567;original;Base Game;50;56;15,14
1568;original;Base Game;48;52;16,25
1569;original;Base Game;53;34;13,35
1570;original;Base Game;51;51;13,93
1571;original;Base Game;53;47;16,24
1572;original;Base Game;55;54;14,47
1573;original;Base Game;52;48;15,31
1574;original;Base Game;53;40;15,35
1575;original;Base Game;54;50;14,44
1576;original;Base Game;51;49;13,93
1577;original;Base Game;48;65;15,5
1578;original;Base Game;55;60;14,84
1579;original;Base Game;54;56;14,78
1580;original;Base Game;54;48;13,11
1581;original;Base Game;55;51;13,74
1582;original;Base Game;54;74;15,78
1583;original;Base Game;55;57;15,11
1584;original;Base Game;55;51;15,11
1585;original;Base Game;55;47;14,05
1586;original;Base Game;48;57;16,08
1587;original;Base Game;53;46;13,35
1588;original;Base Game;53;59;16
1589;original;Base Game;48;53;14,58
1590;original;Base Game;55;42;14,05
1591;original;Base Game;50;63;17,29
1592;original;Base Game;52;42;15
1593;original;Base Game;53;62;15,35
1594;original;Base Game;53;58;16,53
1595;original;Base Game;48;56;15,42
1596;original;Base Game;52;58;15,12
1597;original;Base Game;53;59;14,53
1598;original;Base Game;58;47;15,73
1599;original;Base Game;54;49;14,11
1600;original;Base Game;56;50;15,45
1601;original;Base Game;49;50;16,23
1602;original;Base Game;51;47;16,2
1603;original;Base Game;50;41;14,21
1604;original;Base Game;58;40;13,95
1605;original;Base Game;52;68;16,12
1606;original;Base Game;56;41;14,4
1607;original;Base Game;63;50;14,22
1608;original;Base Game;57;46;13,67
1609;original;Base Game;55;46;13,21
1610;original;Base Game;54;54;15,11
1611;original;Base Game;55;56;15,37
1612;original;Base Game;54;35;13,17
1613;original;Base Game;50;55;15,43
1614;original;Base Game;53;56;15,12
1615;original;Base Game;49;59;15,54
1616;original;Base Game;53;56;16,94
1617;original;Base Game;56;48;13,35
1618;original;Base Game;57;29;14,29
1619;original;Base Game;48;57;16,25
1620;original;Base Game;53;52;13,76
1621;original;Base Game;56;60;14,65
1622;original;Base Game;52;43;14,94
1623;original;Base Game;50;70;15,43
1624;original;Base Game;54;57;15,5
1625;original;Base Game;51;68;17,4
1626;original;Base Game;50;51;14,71
1627;original;Base Game;48;57;16,75
1628;original;Base Game;52;50;15,88
1629;original;Base Game;56;40;13,7
1630;original;Base Game;51;57;14,07
1631;original;Base Game;56;40;13,8
1632;original;Base Game;52;51;15,06
1633;original;Base Game;53;55;15,47
1634;original;Base Game;49;57;16,54
1635;original;Base Game;45;56;17,78
1636;original;Base Game;48;41;14,5
1637;original;Base Game;51;60;15,13
1638;original;Base Game;54;45;13,56
1639;original;Base Game;49;56;16,69
1640;original;Base Game;50;43;15,64
1641;original;Base Game;50;52;15
1642;original;Base Game;52;50;13,62
1643;original;Base Game;55;46;14,21
1644;original;Base Game;57;45;13,48
1645;original;Base Game;54;58;15,17
1646;original;Base Game;48;65;16,42
1647;original;Base Game;49;46;17,46
1648;original;Base Game;53;41;13,94
1649;original;Base Game;55;52;14,21
1650;original;Base Game;52;40;13,12
1651;original;Base Game;59;45;14,74
1652;original;Base Game;51;48;15,13
1653;original;Base Game;53;54;15,12
1654;original;Base Game;49;56;16,46
1655;original;Base Game;55;53;16
1656;original;Base Game;51;57;16,33
1657;original;Base Game;53;49;15
1658;original;Base Game;53;48;14,12
1659;original;Base Game;59;50;13,83
1660;original;Base Game;55;61;16,26
1661;original;Base Game;54;47;14,83
1662;original;Base Game;49;52;14,46
1663;original;Base Game;49;51;16,54
1664;original;Base Game;50;68;14,57
1665;original;Base Game;52;51;15,5
1666;original;Base Game;56;45;15,5
1667;original;Base Game;54;54;15,61
1668;original;Base Game;48;58;15,58
1669;original;Base Game;55;54;16,21
1670;original;Base Game;54;45;16,06
1671;original;Base Game;57;49;13,71
1672;original;Base Game;52;71;15,69
1673;original;Base Game;55;54;14,26
1674;original;Base Game;49;53;14,92
1675;original;Base Game;54;51;15
1676;original;Base Game;51;42;13,93
1677;original;Base Game;58;56;13,82
1678;original;Base Game;45;58;17,22
1679;original;Base Game;53;56;13,41
1680;original;Base Game;54;52;13,56
1681;original;Base Game;51;49;15,47
1682;original;Base Game;59;62;15,09
1683;original;Base Game;54;60;15,61
1684;original;Base Game;48;58;16,25
1685;original;Base Game;55;57;15,21
1686;original;Base Game;49;65;17,54
1687;original;Base Game;51;58;16,6
1688;original;Base Game;56;53;14,6
1689;original;Base Game;56;67;14,75
1690;original;Base Game;52;56;15,19
1691;original;Base Game;47;65;16,64
1692;original;Base Game;44;58;17,38
1693;original;Base Game;55;49;14,53
1694;original;Base Game;49;60;14,85
1695;original;Base Game;48;69;15,92
1696;original;Base Game;52;64;14,88
1697;original;Base Game;51;47;16,73
1698;original;Base Game;47;77;17,09
1699;original;Base Game;54;47;14,89
1700;original;Base Game;54;59;15,06
1701;original;Base Game;56;54;14,6
1702;original;Base Game;49;64;16,38
1703;original;Base Game;58;52;12,86
1704;original;Base Game;57;39;14
1705;original;Base Game;54;51;15,56
1706;original;Base Game;53;53;14,41
1707;original;Base Game;52;47;15,44
1708;original;Base Game;55;58;14,95
1709;original;Base Game;56;48;15,35
1710;original;Base Game;47;53;17,27
1711;original;Base Game;53;49;13,76
1712;original;Base Game;52;53;13,88
1713;original;Base Game;53;55;15,82
1714;original;Base Game;51;53;14
1715;original;Base Game;54;46;14,56
1716;original;Base Game;56;45;16,35
1717;original;Base Game;51;59;16,07
1718;original;Base Game;46;67;15,4
1719;original;Base Game;49;68;16,92
1720;original;Base Game;48;56;16
1721;original;Base Game;55;48;15,63
1722;original;Base Game;54;51;15,5
1723;original;Base Game;47;63;15,27
1724;original;Base Game;50;60;15,21
1725;original;Base Game;56;49;16,1
1726;original;Base Game;49;53;15,38
1727;original;Base Game;57;58;13,19
1728;original;Base Game;54;49;14,94
1729;original;Base Game;46;74;18,1
1730;original;Base Game;51;52;13,93
1731;original;Base Game;51;52;16
1732;original;Base Game;48;48;14
1733;original;Base Game;57;54;14,86
1734;original;Base Game;55;43;14,26
1735;original;Base Game;50;58;17,36
1736;original;Base Game;49;47;15,31
1737;original;Base Game;49;48;15,15
1738;original;Base Game;57;49;14,62
1739;original;Base Game;54;37;15,44
1740;original;Base Game;45;70;16,89
1741;original;Base Game;52;50;15,12
1742;original;Base Game;45;66;18
1743;original;Base Game;56;61;14,55
1744;original;Base Game;57;50;13,52
1745;original;Base Game;58;52;14,36
1746;original;Base Game;52;59;14,5
1747;original;Base Game;45;63;18,33
1748;original;Base Game;55;55;12,68
1749;original;Base Game;51;56;14,8
1750;original;Base Game;57;50;15,1
1751;original;Base Game;48;45;15,42
1752;original;Base Game;57;44;14,1
1753;original;Base Game;56;57;15
1754;original;Base Game;55;37;13,74
1755;original;Base Game;48;59;17,25
1756;original;Base Game;50;52;16,21
1757;original;Base Game;52;55;15,94
1758;original;Base Game;54;54;14,61
1759;original;Base Game;48;61;15,42
1760;original;Base Game;53;48;14,06
1761;original;Base Game;49;54;15
1762;original;Base Game;52;58;15,31
1763;original;Base Game;53;50;15,06
1764;original;Base Game;47;53;16,18
1765;original;Base Game;47;55;15,27
1766;original;Base Game;56;55;13,3
1767;original;Base Game;60;42;13,67
1768;original;Base Game;48;66;17,67
1769;original;Base Game;52;62;16,44
1770;original;Base Game;52;61;14,88
1771;original;Base Game;53;47;14,88
1772;original;Base Game;53;51;13,59
1773;original;Base Game;48;65;15,58
1774;original;Base Game;49;46;17,15
1775;original;Base Game;50;35;14,71
1776;original;Base Game;51;48;14,47
1777;original;Base Game;52;75;17,06
1778;original;Base Game;54;40;17,06
1779;original;Base Game;54;47;16,11
1780;original;Base Game;51;54;13,6
1781;original;Base Game;47;47;16,91
1782;original;Base Game;48;64;17,33
1783;original;Base Game;56;49;15,15
1784;original;Base Game;46;46;16,4
1785;original;Base Game;54;54;15,83
1786;original;Base Game;50;59;15,14
1787;original;Base Game;55;52;14,95
1788;original;Base Game;57;49;13,62
1789;original;Base Game;51;62;15,87
1790;original;Base Game;58;45;14,95
1791;original;Base Game;56;48;14,16
1792;original;Base Game;53;62;16,06
1793;original;Base Game;53;73;16
1794;original;Base Game;54;52;14,94
1795;original;Base Game;51;53;15,73
1796;original;Base Game;52;51;15,06
1797;original;Base Game;54;51;14,83
1798;original;Base Game;54;49;12,78
1799;original;Base Game;49;67;15,23
1800;original;Base Game;52;64;15,12
1801;original;Base Game;50;51;15,43
1802;original;Base Game;50;57;16,57
1803;original;Base Game;50;51;15,79
1804;original;Base Game;56;59;15,5
1805;original;Base Game;53;72;16
1806;original;Base Game;48;59;16,5
1807;original;Base Game;54;57;13,83
1808;original;Base Game;53;45;16,35
1809;original;Base Game;58;41;13,86
1810;original;Base Game;56;54;14,55
1811;original;Base Game;51;55;16,6
1812;original;Base Game;55;59;13,05
1813;original;Base Game;49;53;15,85
1814;original;Base Game;55;52;14,68
1815;original;Base Game;54;67;15,67
1816;original;Base Game;58;45;14,14
1817;original;Base Game;51;66;15,8
1818;original;Base Game;51;56;15,13
1819;original;Base Game;54;45;15,94
1820;original;Base Game;52;56;15,75
1821;original;Base Game;55;45;14,74
1822;original;Base Game;49;48;14,62
1823;original;Base Game;53;57;14,06
1824;original;Base Game;55;50;14,95
1825;original;Base Game;53;48;15,76
1826;original;Base Game;52;46;16,19
1827;original;Base Game;53;56;13,59
1828;original;Base Game;53;62;16,24
1829;original;Base Game;50;63;15,64
1830;original;Base Game;53;53;14
1831;original;Base Game;50;48;15,64
1832;original;Base Game;57;40;12,86
1833;original;Base Game;52;45;14,31
1834;original;Base Game;52;51;14,56
1835;original;Base Game;55;49;13,26
1836;original;Base Game;54;40;13,44
1837;original;Base Game;52;57;14,75
1838;original;Base Game;50;62;16,21
1839;original;Base Game;52;45;15,62
1840;original;Base Game;53;50;14,65
1841;original;Base Game;54;57;15,72
1842;original;Base Game;53;47;13,88
1843;original;Base Game;59;43;16,13
1844;original;Base Game;52;48;15,44
1845;original;Base Game;59;55;14,09
1846;original;Base Game;51;48;13,93
1847;original;Base Game;48;57;16,92
1848;original;Base Game;48;51;16,83
1849;original;Base Game;50;42;16,79
1850;original;Base Game;54;63;15,67
1851;original;Base Game;56;49;15,4
1852;original;Base Game;52;64;15,75
1853;original;Base Game;52;59;16,25
1854;original;Base Game;51;43;14,87
1855;original;Base Game;50;61;16
1856;original;Base Game;52;60;16,19
1857;original;Base Game;52;50;15,19
1858;original;Base Game;50;62;15,79
1859;original;Base Game;51;54;14,2
1860;original;Base Game;54;54;15,61
1861;original;Base Game;52;74;15,5
1862;original;Base Game;45;73;17,67
1863;original;Base Game;54;62;14,89
1864;original;Base Game;61;35;14,64
1865;original;Base Game;56;51;15,05
1866;original;Base Game;57;56;15,24
1867;original;Base Game;55;53;16,42
1868;original;Base Game;54;51;14,22
1869;original;Base Game;54;45;15,56
1870;original;Base Game;55;44;15,47
1871;original;Base Game;52;59;15,62
1872;original;Base Game;51;55;15,8
1873;original;Base Game;49;55;16,31
1874;original;Base Game;58;43;14,23
1875;original;Base Game;57;41;14,48
1876;original;Base Game;57;47;13,38
1877;original;Base Game;53;67;15,12
1878;original;Base Game;54;70;15,5
1879;original;Base Game;46;81;17,6
1880;original;Base Game;47;52;16,91
1881;original;Base Game;53;60;16,29
1882;original;Base Game;56;46;13,7
1883;original;Base Game;52;46;14,44
1884;original;Base Game;55;54;14,37
1885;original;Base Game;52;53;15,06
1886;original;Base Game;57;45;13,86
1887;original;Base Game;51;56;15,53
1888;original;Base Game;52;43;15,38
1889;original;Base Game;53;57;14,88
1890;original;Base Game;56;58;15,55
1891;original;Base Game;50;54;15,07
1892;original;Base Game;54;49;14
1893;original;Base Game;51;38;14,07
1894;original;Base Game;50;62;16,57
1895;original;Base Game;50;52;14,86
1896;original;Base Game;53;41;13,82
1897;original;Base Game;58;46;14,09
1898;original;Base Game;49;67;16,62
1899;original;Base Game;54;43;15
1900;original;Base Game;52;42;15,56
1901;original;Base Game;50;67;16,29
1902;original;Base Game;57;53;14,05
1903;original;Base Game;53;63;15,94
1904;original;Base Game;52;46;13,94
1905;original;Base Game;57;49;15,62
1906;original;Base Game;55;54;15,84
1907;original;Base Game;51;46;14,4
1908;original;Base Game;60;60;14,92
1909;original;Base Game;51;57;16,13
1910;original;Base Game;51;59;15,13
1911;original;Base Game;54;63;15,33
1912;original;Base Game;46;57;16
1913;original;Base Game;52;56;14,88
1914;original;Base Game;54;55;15,5
1915;original;Base Game;51;39;16,07
1916;original;Base Game;50;50;17
1917;original;Base Game;56;50;14,5
1918;original;Base Game;53;54;16,47
1919;original;Base Game;57;56;15,38
1920;original;Base Game;49;56;16,38
1921;original;Base Game;51;58;16,27
1922;original;Base Game;43;70;17,71
1923;original;Base Game;48;59;17,17
1924;original;Base Game;53;55;16,24
1925;original;Base Game;55;53;13,26
1926;original;Base Game;55;45;15,74
1927;original;Base Game;50;59;15,86
1928;original;Base Game;56;61;15,45
1929;original;Base Game;52;40;13,81
1930;original;Base Game;58;35;14,09
1931;original;Base Game;44;54;18,5
1932;original;Base Game;49;49;15,38
1933;original;Base Game;57;62;14,33
1934;original;Base Game;51;61;15,8
1935;original;Base Game;53;62;15,76
1936;original;Base Game;52;45;14,94
1937;original;Base Game;55;43;13,63
1938;original;Base Game;54;65;14,72
1939;original;Base Game;48;63;17,5
1940;original;Base Game;54;41;14,94
1941;original;Base Game;58;45;14
1942;original;Base Game;56;50;15,3
1943;original;Base Game;57;62;14,95
1944;original;Base Game;52;61;13,88
1945;original;Base Game;52;59;15,38
1946;original;Base Game;54;61;15,33
1947;original;Base Game;57;61;14,81
1948;original;Base Game;50;59;15,57
1949;original;Base Game;50;63;13,79
1950;original;Base Game;54;51;12,83
1951;original;Base Game;52;58;16,56
1952;original;Base Game;50;68;14,71
1953;original;Base Game;52;50;16,31
1954;original;Base Game;56;57;14,85
1955;original;Base Game;55;54;14,11
1956;original;Base Game;55;47;13,68
1957;original;Base Game;52;56;15,31
1958;original;Base Game;55;48;15,32
1959;original;Base Game;54;49;15,56
1960;original;Base Game;54;52;15,17
1961;original;Base Game;52;57;16,12
1962;original;Base Game;50;53;16,64
1963;original;Base Game;45;59;17,67
1964;original;Base Game;52;55;16,25
1965;original;Base Game;52;46;14,38
1966;original;Base Game;56;61;14,55
1967;original;Base Game;50;60;15,43
1968;original;Base Game;56;44;13,65
1969;original;Base Game;47;64;15,45
1970;original;Base Game;52;36;13,75
1971;original;Base Game;53;42;14,29
1972;original;Base Game;59;47;13,48
1973;original;Base Game;53;61;16
1974;original;Base Game;48;38;17,08
1975;original;Base Game;46;63;17
1976;original;Base Game;52;59;14,56
1977;original;Base Game;57;58;15,52
1978;original;Base Game;50;38;17,21
1979;original;Base Game;53;61;16,41
1980;original;Base Game;52;44;15,56
1981;original;Base Game;52;56;14
1982;original;Base Game;55;48;15,47
1983;original;Base Game;51;75;15,4
1984;original;Base Game;48;52;14,25
1985;original;Base Game;53;55;15,82
1986;original;Base Game;57;42;13,71
1987;original;Base Game;51;51;16,53
1988;original;Base Game;49;63;16,54
1989;original;Base Game;53;63;15,24
1990;original;Base Game;51;47;14,53
1991;original;Base Game;52;53;15,62
1992;original;Base Game;52;62;17,25
1993;original;Base Game;51;45;13,8
1994;original;Base Game;56;47;13,15
1995;original;Base Game;52;52;14,31
1996;original;Base Game;49;52;17,23
1997;original;Base Game;47;53;18
1998;original;Base Game;45;62;17
1999;original;Base Game;49;58;14,69
2000;original;Base Game;55;54;15,11
2001;original;Base Game;52;60;14,5
2002;original;Base Game;55;55;15,42
2003;original;Base Game;51;53;15
2004;original;Base Game;51;53;16,87
2005;original;Base Game;49;53;14,69
2006;original;Base Game;53;61;15,76
2007;original;Base Game;46;46;16,8
2008;original;Base Game;51;43;14,87
2009;original;Base Game;45;59;16
2010;original;Base Game;47;55;15,36
2011;original;Base Game;53;58;14,47
2012;original;Base Game;50;71;16,5
2013;original;Base Game;53;48;13,35
2014;original;Base Game;54;53;15,17
2015;original;Base Game;52;38;15,5
2016;original;Base Game;57;51;15,48
2017;original;Base Game;48;63;17,33
2018;original;Base Game;49;60;14
2019;original;Base Game;56;56;14,35
2020;original;Base Game;52;48;14,81
2021;original;Base Game;56;48;13,55
2022;original;Base Game;52;71;16,06
2023;original;Base Game;57;48;15,67
2024;original;Base Game;42;63;18
2025;original;Base Game;57;53;16,19
2026;original;Base Game;48;64;16,83
2027;original;Base Game;52;58;15,81
2028;original;Base Game;59;49;15,04
2029;original;Base Game;60;48;14,92
2030;original;Base Game;55;43;14,32
2031;original;Base Game;57;52;15,19
2032;original;Base Game;50;64;17
2033;original;Base Game;49;44;15,08
2034;original;Base Game;54;49;15,56
2035;original;Base Game;55;43;14
2036;original;Base Game;50;38;15,57
2037;original;Base Game;55;43;14,58
2038;original;Base Game;54;44;15,33
2039;original;Base Game;55;50;13,47
2040;original;Base Game;52;53;15,19
2041;original;Base Game;51;67;16,67
2042;original;Base Game;49;66;16,62
2043;original;Base Game;52;74;17,56
2044;original;Base Game;44;59;17
2045;original;Base Game;51;51;14,6
2046;original;Base Game;55;43;15,16
2047;original;Base Game;53;42;14,24
2048;original;Base Game;57;39;13,19
2049;original;Base Game;59;53;14,61
2050;original;Base Game;54;46;15,28
2051;original;Base Game;52;49;15
2052;original;Base Game;48;58;16,33
2053;original;Base Game;56;41;15
2054;original;Base Game;49;58;16,54
2055;original;Base Game;56;45;14,5
2056;original;Base Game;52;48;15,38
2057;original;Base Game;53;62;14,65
2058;original;Base Game;49;61;14,69
2059;original;Base Game;52;69;15,5
2060;original;Base Game;55;45;14,21
2061;original;Base Game;50;58;16
2062;original;Base Game;58;50;13,5
2063;original;Base Game;56;47;14,9
2064;original;Base Game;46;56;17,5
2065;original;Base Game;54;57;15
2066;original;Base Game;51;53;16,4
2067;original;Base Game;52;64;14,56
2068;original;Base Game;54;43;14,33
2069;original;Base Game;52;50;16,75
2070;original;Base Game;55;54;14,53
2071;original;Base Game;52;46;14,19
2072;original;Base Game;47;50;17
2073;original;Base Game;53;58;16
2074;original;Base Game;51;62;15,53
2075;original;Base Game;51;52;13,67
2076;original;Base Game;53;62;14,76
2077;original;Base Game;55;45;13,42
2078;original;Base Game;53;55;15,71
2079;original;Base Game;53;61;14,88
2080;original;Base Game;50;47;14,71
2081;original;Base Game;54;66;15,44
2082;original;Base Game;54;51;15,83
2083;original;Base Game;50;65;15,86
2084;original;Base Game;54;50;15,39
2085;original;Base Game;49;49;15,85
2086;original;Base Game;58;48;14,14
2087;original;Base Game;56;66;14,8
2088;original;Base Game;58;55;14,18
2089;original;Base Game;50;62;17
2090;original;Base Game;56;45;15,95
2091;original;Base Game;54;48;14,39
2092;original;Base Game;54;57;15,78
2093;original;Base Game;53;44;15,29
2094;original;Base Game;52;58;16,62
2095;original;Base Game;54;54;14,5
2096;original;Base Game;50;68;14,79
2097;original;Base Game;50;62;16
2098;original;Base Game;58;63;14
2099;original;Base Game;54;55;14,28
2100;original;Base Game;52;60;14,56
2101;original;Base Game;54;40;15,61
2102;original;Base Game;48;72;17,08
2103;original;Base Game;51;47;16,33
2104;original;Base Game;53;66;16,12
2105;original;Base Game;58;56;15,41
2106;original;Base Game;52;58;16,12
2107;original;Base Game;51;51;14,2
2108;original;Base Game;52;54;15,06
2109;original;Base Game;55;47;13,68
2110;original;Base Game;56;56;15,5
2111;original;Base Game;55;59;14,32
2112;original;Base Game;52;59;16,88
2113;original;Base Game;51;62;14,87
2114;original;Base Game;57;48;14,86
2115;original;Base Game;54;59;16,33
2116;original;Base Game;54;56;15,33
2117;original;Base Game;52;41;13,75
2118;original;Base Game;51;51;13,8
2119;original;Base Game;57;45;14,52
2120;original;Base Game;47;47;16,27
2121;original;Base Game;52;54;16,19
2122;original;Base Game;57;36;13,48
2123;original;Base Game;51;59;15,93
2124;original;Base Game;51;53;13,33
2125;original;Base Game;48;65;15,58
2126;original;Base Game;50;47;15,57
2127;original;Base Game;54;53;15,39
2128;original;Base Game;57;51;14,48
2129;original;Base Game;54;44;14,78
2130;original;Base Game;54;57;15,06
2131;original;Base Game;55;60;12,42
2132;original;Base Game;51;49;14,53
2133;original;Base Game;49;58;15,62
2134;original;Base Game;52;50;15,88
2135;original;Base Game;55;34;14,32
2136;original;Base Game;54;54;15,28
2137;original;Base Game;57;53;15,57
2138;original;Base Game;48;68;16,08
2139;original;Base Game;50;50;14,79
2140;original;Base Game;46;46;16,5
2141;original;Base Game;48;52;14,58
2142;original;Base Game;51;52;15,8
2143;original;Base Game;47;55;17,09
2144;original;Base Game;51;54;15,2
2145;original;Base Game;52;68;14,81
2146;original;Base Game;47;56;16,36
2147;original;Base Game;54;50;14,83
2148;original;Base Game;45;50;17,67
2149;original;Base Game;57;50;14,81
2150;original;Base Game;51;57;16,73
2151;original;Base Game;57;64;15,76
2152;original;Base Game;52;60;14,94
2153;original;Base Game;55;64;13,84
2154;original;Base Game;53;67;15,06
2155;original;Base Game;56;57;15,1
2156;original;Base Game;50;50;15,79
2157;original;Base Game;49;58;16,62
2158;original;Base Game;57;54;15,9
2159;original;Base Game;49;65;16,69
2160;original;Base Game;50;64;17,07
2161;original;Base Game;55;38;14,26
2162;original;Base Game;58;55;14
2163;original;Base Game;54;53;15,67
2164;original;Base Game;56;41;12,55
2165;original;Base Game;55;41;13,21
2166;original;Base Game;57;56;14,29
2167;original;Base Game;52;56;16
2168;original;Base Game;53;51;15,47
2169;original;Base Game;54;60;14,83
2170;original;Base Game;52;57;15,88
2171;original;Base Game;55;46;15,21
2172;original;Base Game;52;67;16,75
2173;original;Base Game;56;50;15,85
2174;original;Base Game;48;54;15,58
2175;original;Base Game;55;47;15,53
2176;original;Base Game;56;50;13,75
2177;original;Base Game;53;53;14,71
2178;original;Base Game;53;56;15,71
2179;original;Base Game;57;49;12,95
2180;original;Base Game;50;66;15,36
2181;original;Base Game;54;48;14,22
2182;original;Base Game;49;55;15,62
2183;original;Base Game;48;46;15,33
2184;original;Base Game;58;56;15
2185;original;Base Game;53;72;15,18
2186;original;Base Game;48;42;17,58
2187;original;Base Game;53;58;15,65
2188;original;Base Game;51;61;16,07
2189;original;Base Game;48;58;17,67
2190;original;Base Game;56;57;13,8
2191;original;Base Game;50;46;17
2192;original;Base Game;53;58;15,12
2193;original;Base Game;53;60;14,82
2194;original;Base Game;54;53;15
2195;original;Base Game;53;62;15,24
2196;original;Base Game;52;70;16,19
2197;original;Base Game;53;66;16,59
2198;original;Base Game;50;69;15,64
2199;original;Base Game;55;56;16,53
2200;original;Base Game;55;46;14,53
2201;original;Base Game;49;53;16,15
2202;original;Base Game;50;60;14,36
2203;original;Base Game;50;43;15,14
2204;original;Base Game;49;63;17,31
2205;original;Base Game;56;53;13,75
2206;original;Base Game;58;61;15,5
2207;original;Base Game;51;57;14,47
2208;original;Base Game;52;42;15,06
2209;original;Base Game;50;49;15,71
2210;original;Base Game;48;65;17,67
2211;original;Base Game;51;55;16,07
2212;original;Base Game;50;55;15,21
2213;original;Base Game;57;42;13,1
2214;original;Base Game;49;57;15,69
2215;original;Base Game;50;65;15,93
2216;original;Base Game;55;47;15,16
2217;original;Base Game;54;51;12,94
2218;original;Base Game;54;37;14,22
2219;original;Base Game;50;62;13,71
2220;original;Base Game;51;47;14,93
2221;original;Base Game;55;73;14,84
2222;original;Base Game;41;52;18,6
2223;original;Base Game;57;43;15,71
2224;original;Base Game;50;55;15
2225;original;Base Game;55;43;13,37
2226;original;Base Game;51;52;15,13
2227;original;Base Game;56;62;14,1
2228;original;Base Game;56;61;13,45
2229;original;Base Game;55;43;14,21
2230;original;Base Game;54;56;15,56
2231;original;Base Game;55;57;13,47
2232;original;Base Game;50;43;17,57
2233;original;Base Game;52;53;14,94
2234;original;Base Game;51;52;16,13
2235;original;Base Game;46;51;15,4
2236;original;Base Game;54;33;12,56
2237;original;Base Game;50;46;14,57
2238;original;Base Game;51;55;14,2
2239;original;Base Game;52;53;15,81
2240;original;Base Game;54;45;13,61
2241;original;Base Game;53;54;16,12
2242;original;Base Game;57;43;13,24
2243;original;Base Game;51;54;16,6
2244;original;Base Game;55;50;15,53
2245;original;Base Game;51;56;14,53
2246;original;Base Game;51;54;15,13
2247;original;Base Game;50;43;13,86
2248;original;Base Game;52;57;15,06
2249;original;Base Game;51;60;16,13
2250;original;Base Game;48;54;16,83
2251;original;Base Game;54;61;16,67
2252;original;Base Game;54;38;14,44
2253;original;Base Game;56;52;15,25
2254;original;Base Game;52;51;16,38
2255;original;Base Game;49;45;15,38
2256;original;Base Game;56;60;13,5
2257;original;Base Game;49;57;15,46
2258;original;Base Game;52;47;14,69
2259;original;Base Game;56;43;15,15
2260;original;Base Game;54;56;15,78
2261;original;Base Game;54;49;14,78
2262;original;Base Game;56;50;14,3
2263;original;Base Game;45;57;17,44
2264;original;Base Game;59;48;14,87
2265;original;Base Game;54;53;14,17
2266;original;Base Game;56;44;13,55
2267;original;Base Game;56;40;13,2
2268;original;Base Game;54;64;14
2269;original;Base Game;53;40;13,71
2270;original;Base Game;51;52;16,13
2271;original;Base Game;50;66;15,86
2272;original;Base Game;51;55;14,93
2273;original;Base Game;51;58;15,6
2274;original;Base Game;46;58;17,9
2275;original;Base Game;50;54;14,93
2276;original;Base Game;54;47;15,94
2277;original;Base Game;50;63;14,93
2278;original;Base Game;48;49;15,75
2279;original;Base Game;56;47;13,7
2280;original;Base Game;50;40;14,64
2281;original;Base Game;52;46;16,56
2282;original;Base Game;53;47;14,76
2283;original;Base Game;47;58;16,36
2284;original;Base Game;50;54;16
2285;original;Base Game;57;40;12,71
2286;original;Base Game;46;62;16,5
2287;original;Base Game;55;64;15,47
2288;original;Base Game;54;63;15,94
2289;original;Base Game;48;70;16,42
2290;original;Base Game;55;60;14,21
2291;original;Base Game;56;43;14,2
2292;original;Base Game;53;48;14,41
2293;original;Base Game;54;58;15,72
2294;original;Base Game;47;66;14,73
2295;original;Base Game;55;64;15
2296;original;Base Game;53;51;13,82
2297;original;Base Game;58;44;13,95
2298;original;Base Game;60;39;14,21
2299;original;Base Game;54;51;14,5
2300;original;Base Game;53;59;15,59
2301;original;Base Game;55;50;13,89
2302;original;Base Game;52;50;13,44
2303;original;Base Game;52;50;13,56
2304;original;Base Game;52;71;15,88
2305;original;Base Game;57;54;14,43
2306;original;Base Game;52;52;15,81
2307;original;Base Game;53;46;15,65
2308;original;Base Game;54;57;16,67
2309;original;Base Game;56;46;15,55
2310;original;Base Game;51;61;14,87
2311;original;Base Game;46;55;16,4
2312;original;Base Game;55;49;12,74
2313;original;Base Game;44;71;17,62
2314;original;Base Game;48;60;15,67
2315;original;Base Game;46;50;16,1
2316;original;Base Game;54;47;14,78
2317;original;Base Game;53;55;15,47
2318;original;Base Game;54;42;13,94
2319;original;Base Game;50;53;15,79
2320;original;Base Game;52;58;15,12
2321;original;Base Game;53;44;16,29
2322;original;Base Game;56;42;14,6
2323;original;Base Game;52;52;16,25
2324;original;Base Game;51;57;16,2
2325;original;Base Game;55;49;15,16
2326;original;Base Game;45;63;16,89
2327;original;Base Game;55;49;15,95
2328;original;Base Game;56;54;15,1
2329;original;Base Game;45;66;18,44
2330;original;Base Game;53;57;15,29
2331;original;Base Game;55;58;14,95
2332;original;Base Game;48;61;16,42
2333;original;Base Game;52;44;13,25
2334;original;Base Game;54;60;14,94
2335;original;Base Game;49;58;15,69
2336;original;Base Game;49;44;16,46
2337;original;Base Game;49;63;16,08
2338;original;Base Game;50;72;15,64
2339;original;Base Game;54;43;14,94
2340;original;Base Game;51;60;15,07
2341;original;Base Game;49;55;14,77
2342;original;Base Game;49;60;17,62
2343;original;Base Game;53;46;14,65
2344;original;Base Game;48;58;17,25
2345;original;Base Game;55;60;15,16
2346;original;Base Game;52;47;13,94
2347;original;Base Game;52;59;15,31
2348;original;Base Game;50;56;15
2349;original;Base Game;55;40;14,26
2350;original;Base Game;52;46;15,81
2351;original;Base Game;53;43;14,94
2352;original;Base Game;53;56;16,82
2353;original;Base Game;50;48;17,57
2354;original;Base Game;49;47;14,31
2355;original;Base Game;48;49;17,83
2356;original;Base Game;49;45;15,08
2357;original;Base Game;56;57;15,55
2358;original;Base Game;52;47;15,12
2359;original;Base Game;49;59;15,54
2360;original;Base Game;57;50;14,05
2361;original;Base Game;55;58;13,84
2362;original;Base Game;50;72;15,93
2363;original;Base Game;54;56;16,44
2364;original;Base Game;58;56;15,68
2365;original;Base Game;50;50;13,43
2366;original;Base Game;51;75;16,2
2367;original;Base Game;55;50;14,84
2368;original;Base Game;58;41;13,41
2369;original;Base Game;53;53;15,82
2370;original;Base Game;52;47;15,69
2371;original;Base Game;51;51;15
2372;original;Base Game;54;53;13,94
2373;original;Base Game;54;52;15,56
2374;original;Base Game;53;54;16,59
2375;original;Base Game;51;63;15,47
2376;original;Base Game;52;47;15,31
2377;original;Base Game;53;59;14,53
2378;original;Base Game;49;45;14,92
2379;original;Base Game;50;58;15,14
2380;original;Base Game;51;40;12,53
2381;original;Base Game;50;56;16,14
2382;original;Base Game;45;64;17,22
2383;original;Base Game;60;54;15
2384;original;Base Game;47;76;16,09
2385;original;Base Game;52;61;15,12
2386;original;Base Game;52;44;12,56
2387;original;Base Game;58;46;13,09
2388;original;Base Game;57;41;16,86
2389;original;Base Game;53;47;14,41
2390;original;Base Game;49;50;16,08
2391;original;Base Game;56;52;14,95
2392;original;Base Game;56;49;13,95
2393;original;Base Game;60;41;14,83
2394;original;Base Game;53;33;13,41
2395;original;Base Game;55;39;14,58
2396;original;Base Game;55;51;14,89
2397;original;Base Game;52;60;15,94
2398;original;Base Game;54;53;14,89
2399;original;Base Game;53;49;15,12
2400;original;Base Game;51;61;15,6
2401;original;Base Game;54;55;14,28
2402;original;Base Game;60;52;13,79
2403;original;Base Game;60;53;14,29
2404;original;Base Game;50;54;15,71
2405;original;Base Game;57;39;13,52
2406;original;Base Game;52;54;16,69
2407;original;Base Game;54;58;15,94
2408;original;Base Game;58;47;13,5
2409;original;Base Game;50;65;15,5
2410;original;Base Game;53;51;15,29
2411;original;Base Game;51;57;16,07
2412;original;Base Game;56;44;14,6
2413;original;Base Game;55;58;13,58
2414;original;Base Game;56;56;14,6
2415;original;Base Game;51;61;15,53
2416;original;Base Game;40;66;18,5
2417;original;Base Game;59;37;13,35
2418;original;Base Game;58;60;15,68
2419;original;Base Game;53;46;13,59
2420;original;Base Game;46;63;17,7
2421;original;Base Game;47;37;15,82
2422;original;Base Game;57;58;14,52
2423;original;Base Game;52;53;16,69
2424;original;Base Game;61;49;14,52
2425;original;Base Game;55;43;15,89
2426;original;Base Game;44;57;17
2427;original;Base Game;50;57;15,79
2428;original;Base Game;59;66;14,7
2429;original;Base Game;53;54;17,12
2430;original;Base Game;58;47;14,5
2431;original;Base Game;52;39;15
2432;original;Base Game;51;49;15,4
2433;original;Base Game;54;55;14,61
2434;original;Base Game;51;53;14,4
2435;original;Base Game;56;55;15,25
2436;original;Base Game;54;44;14,06
2437;original;Base Game;55;56;14,47
2438;original;Base Game;50;59;15,5
2439;original;Base Game;54;48;15,33
2440;original;Base Game;58;40;14,55
2441;original;Base Game;48;76;16,75
2442;original;Base Game;52;46;12,56
2443;original;Base Game;52;60;14,69
2444;original;Base Game;48;46;14,92
2445;original;Base Game;52;52;13,94
2446;original;Base Game;53;29;13,53
2447;original;Base Game;55;50;15,74
2448;original;Base Game;56;55;14,5
2449;original;Base Game;57;53;14,48
2450;original;Base Game;46;54;15
2451;original;Base Game;56;38;14,35
2452;original;Base Game;54;43;14,39
2453;original;Base Game;52;49;15,25
2454;original;Base Game;53;42;15,18
2455;original;Base Game;50;64;17,14
2456;original;Base Game;50;52;16,21
2457;original;Base Game;56;51;13,65
2458;original;Base Game;54;38;12,39
2459;original;Base Game;53;48;16
2460;original;Base Game;43;46;16,57
2461;original;Base Game;51;65;14,6
2462;original;Base Game;54;47;14,67
2463;original;Base Game;49;48;17,15
2464;original;Base Game;50;57;14,93
2465;original;Base Game;52;58;14,5
2466;original;Base Game;56;67;15,85
2467;original;Base Game;54;44;14,72
2468;original;Base Game;54;37;14,67
2469;original;Base Game;59;44;14,57
2470;original;Base Game;52;44;15,38
2471;original;Base Game;55;48;13,89
2472;original;Base Game;54;53;14,39
2473;original;Base Game;46;60;17,2
2474;original;Base Game;53;53;12,76
2475;original;Base Game;55;48;14,68
2476;original;Base Game;53;42;14,65
2477;original;Base Game;56;57;12,8
2478;original;Base Game;51;56;15,07
2479;original;Base Game;50;47;12,64
2480;original;Base Game;50;48;15,5
2481;original;Base Game;49;68;14,92
2482;original;Base Game;53;62;15,59
2483;original;Base Game;44;65;16,12
2484;original;Base Game;52;53;15,44
2485;original;Base Game;56;57;15,3
2486;original;Base Game;56;63;15,5
2487;original;Base Game;53;63;15,59
2488;original;Base Game;50;59;15,5
2489;original;Base Game;49;63;15,92
2490;original;Base Game;49;58;15,54
2491;original;Base Game;52;77;16,69
2492;original;Base Game;55;55;15,16
2493;original;Base Game;56;42;13,4
2494;original;Base Game;51;47;14,93
2495;original;Base Game;51;67;15,67
2496;original;Base Game;50;55;14,21
2497;original;Base Game;55;44;14,84
2498;original;Base Game;61;50;13,4
2499;original;Base Game;48;68;14,58
2500;original;Base Game;53;54;14,29
2501;original;Base Game;53;46;16,41
2502;original;Base Game;59;45;14
2503;original;Base Game;53;48;12,71
2504;original;Base Game;53;49;15,35
2505;original;Base Game;52;57;14,5
2506;original;Base Game;48;50;17,75
2507;original;Base Game;48;68;14,92
2508;original;Base Game;51;62;15,8
2509;original;Base Game;55;48;12,84
2510;original;Base Game;55;40;12,79
2511;original;Base Game;55;46;15,42
2512;original;Base Game;54;34;14,56
2513;original;Base Game;50;42;15,14
2514;original;Base Game;47;53;15
2515;original;Base Game;58;46;14,27
2516;original;Base Game;50;67;16,43
2517;original;Base Game;56;57;13,5
2518;original;Base Game;50;61;16,29
2519;original;Base Game;52;56;15
2520;original;Base Game;57;37;13,57
2521;original;Base Game;53;62;16,65
2522;original;Base Game;47;47;14,55
2523;original;Base Game;52;40;15,62
2524;original;Base Game;49;60;17,62
2525;original;Base Game;53;46;14,06
2526;original;Base Game;53;41;15,35
2527;original;Base Game;53;43;11,76
2528;original;Base Game;52;58;15,44
2529;original;Base Game;55;57;14,68
2530;original;Base Game;54;59;15,5
2531;original;Base Game;60;36;13
2532;original;Base Game;51;43;15,87
2533;original;Base Game;48;50;15,92
2534;original;Base Game;57;43;14,81
2535;original;Base Game;57;47;15,14
2536;original;Base Game;58;42;13,86
2537;original;Base Game;50;60;17,71
2538;original;Base Game;55;42;15,37
2539;original;Base Game;53;43;15,53
2540;original;Base Game;50;64;14,79
2541;original;Base Game;50;58;15,14
2542;original;Base Game;54;52;15,39
2543;original;Base Game;53;48;14,65
2544;original;Base Game;56;52;15,15
2545;original;Base Game;55;63;15,84
2546;original;Base Game;49;53;16,38
2547;original;Base Game;54;58;15,83
2548;original;Base Game;56;45;14,85
2549;original;Base Game;49;69;15,54
2550;original;Base Game;49;56;14,54
2551;original;Base Game;51;70;16,73
2552;original;Base Game;55;59;14,89
2553;original;Base Game;57;64;13,81
2554;original;Base Game;46;55;17,7
2555;original;Base Game;53;47;14,88
2556;original;Base Game;51;47;13,27
2557;original;Base Game;52;43;14,62
2558;original;Base Game;56;50;13,65
2559;original;Base Game;53;53;15,18
2560;original;Base Game;54;59;15,33
2561;original;Base Game;54;43;14,72
2562;original;Base Game;52;49;15,31
2563;original;Base Game;57;44;14,48
2564;original;Base Game;53;66;15,47
2565;original;Base Game;52;61;17,25
2566;original;Base Game;53;53;15,12
2567;original;Base Game;53;43;14,76
2568;original;Base Game;57;37;13,14
2569;original;Base Game;56;54;15,85
2570;original;Base Game;53;56;14,18
2571;original;Base Game;50;42;13,29
2572;original;Base Game;52;66;16,25
2573;original;Base Game;51;51;15,53
2574;original;Base Game;52;65;15,75
2575;original;Base Game;55;49;14,74
2576;original;Base Game;47;65;17,09
2577;original;Base Game;54;61;15,22
2578;original;Base Game;54;55;14,83
2579;original;Base Game;54;46;15,78
2580;original;Base Game;55;61;14,42
2581;original;Base Game;60;41;14,21
2582;original;Base Game;56;46;15,5
2583;original;Base Game;56;51;14,9
2584;original;Base Game;53;51;14,53
2585;original;Base Game;54;65;15,56
2586;original;Base Game;53;55;15,65
2587;original;Base Game;51;51;16,07
2588;original;Base Game;56;62;15,35
2589;original;Base Game;54;62;15,28
2590;original;Base Game;48;73;16,75
2591;original;Base Game;49;51;15,85
2592;original;Base Game;47;46;15,73
2593;original;Base Game;56;54;15,5
2594;original;Base Game;50;54;14,86
2595;original;Base Game;58;51;14,73
2596;original;Base Game;52;64;13,56
2597;original;Base Game;52;45;13,44
2598;original;Base Game;48;48;16,42
2599;original;Base Game;50;64;15,93
2600;original;Base Game;52;43;14,56
2601;original;Base Game;49;61;15,62
2602;original;Base Game;55;41;14,63
2603;original;Base Game;49;65;16,31
2604;original;Base Game;55;52;15,63
2605;original;Base Game;52;65;15,62
2606;original;Base Game;49;56;17,08
2607;original;Base Game;61;53;13,96
2608;original;Base Game;53;43;14,65
2609;original;Base Game;58;51;14,09
2610;original;Base Game;54;49;14,39
2611;original;Base Game;48;50;15,33
2612;original;Base Game;55;56;16,84
2613;original;Base Game;55;68;15,58
2614;original;Base Game;52;65;14,31
2615;original;Base Game;58;54;12,73
2616;original;Base Game;54;54;15,83
2617;original;Base Game;56;63;14,55
2618;original;Base Game;54;58;15,83
2619;original;Base Game;51;53;15,13
2620;original;Base Game;54;49;14,72
2621;original;Base Game;51;62;15,87
2622;original;Base Game;58;53;14,09
2623;original;Base Game;53;50;15,82
2624;original;Base Game;54;50;13,39
2625;original;Base Game;53;56;13,76
2626;original;Base Game;59;46;14,13
2627;original;Base Game;47;52;15,73
2628;original;Base Game;54;45;13,89
2629;original;Base Game;54;45;13,89
2630;original;Base Game;48;59;15,5
2631;original;Base Game;52;54;15,88
2632;original;Base Game;57;58;15,62
2633;original;Base Game;51;50;16,73
2634;original;Base Game;51;48;14,47
2635;original;Base Game;54;46;15,11
2636;original;Base Game;50;51;16,43
2637;original;Base Game;45;59;17
2638;original;Base Game;51;40;14,07
2639;original;Base Game;52;61;16
2640;original;Base Game;49;65;16,46
2641;original;Base Game;54;44;13,72
2642;original;Base Game;55;38;14,68
2643;original;Base Game;56;61;14,35
2644;original;Base Game;53;53;16
2645;original;Base Game;56;56;15,8
2646;original;Base Game;50;49;14,93
2647;original;Base Game;54;54;13,61
2648;original;Base Game;51;47;14,8
2649;original;Base Game;52;49;13,94
2650;original;Base Game;49;46;13,23
2651;original;Base Game;51;49;16,33
2652;original;Base Game;51;48;15,8
2653;original;Base Game;54;43;15,22
2654;original;Base Game;49;69;15,92
2655;original;Base Game;54;49;15,5
2656;original;Base Game;46;56;15,6
2657;original;Base Game;47;65;17,36
2658;original;Base Game;56;52;15,35
2659;original;Base Game;51;56;14,47
2660;original;Base Game;55;63;15,37
2661;original;Base Game;56;48;13,2
2662;original;Base Game;50;47;15,5
2663;original;Base Game;61;48;12,88
2664;original;Base Game;51;33;14,67
2665;original;Base Game;55;55;15
2666;original;Base Game;53;58;15,71
2667;original;Base Game;53;53;15,06
2668;original;Base Game;55;55;15,11
2669;original;Base Game;53;52;16,41
2670;original;Base Game;58;44;14,32
2671;original;Base Game;51;49;16,73
2672;original;Base Game;52;54;14,5
2673;original;Base Game;52;50;16,88
2674;original;Base Game;58;44;14,32
2675;original;Base Game;58;54;15,32
2676;original;Base Game;50;76;15,21
2677;original;Base Game;53;57;16,71
2678;original;Base Game;50;58;15,5
2679;original;Base Game;53;59;14,35
2680;original;Base Game;50;58;15,07
2681;original;Base Game;58;45;15,05
2682;original;Base Game;53;43;14,76
2683;original;Base Game;52;45;13,56
2684;original;Base Game;52;61;16,12
2685;original;Base Game;56;44;14,5
2686;original;Base Game;53;60;15,35
2687;original;Base Game;46;51;17,4
2688;original;Base Game;53;58;15,76
2689;original;Base Game;55;46;13,68
2690;original;Base Game;51;51;16,47
2691;original;Base Game;55;52;14,74
2692;original;Base Game;54;49;15,11
2693;original;Base Game;50;70;15,64
2694;original;Base Game;54;41;13,83
2695;original;Base Game;54;56;14,61
2696;original;Base Game;55;41;15,21
2697;original;Base Game;49;53;16,69
2698;original;Base Game;56;45;14,85
2699;original;Base Game;51;43;16
2700;original;Base Game;46;52;16,6
2701;original;Base Game;56;33;15,5
2702;original;Base Game;55;40;13,42
2703;original;Base Game;52;46;13,44
2704;original;Base Game;52;36;14,56
2705;original;Base Game;54;57;15,72
2706;original;Base Game;58;57;15,23
2707;original;Base Game;51;53;15,73
2708;original;Base Game;57;52;15,1
2709;original;Base Game;54;60;15,56
2710;original;Base Game;55;38;13,84
2711;original;Base Game;51;53;14,33
2712;original;Base Game;53;55;16,35
2713;original;Base Game;53;48;15,06
2714;original;Base Game;52;40;14,69
2715;original;Base Game;52;63;16,25
2716;original;Base Game;53;60;16,41
2717;original;Base Game;48;69;16,25
2718;original;Base Game;48;57;16,25
2719;original;Base Game;51;47;14,6
2720;original;Base Game;54;46;13,83
2721;original;Base Game;56;40;14,6
2722;original;Base Game;52;51;15,06
2723;original;Base Game;48;52;16,17
2724;original;Base Game;54;50;15,22
2725;original;Base Game;51;53;15,87
2726;original;Base Game;52;51;13,81
2727;original;Base Game;62;45;13,04
2728;original;Base Game;52;59;14,75
2729;original;Base Game;55;54;15,05
2730;original;Base Game;50;57;12,93
2731;original;Base Game;55;56;15,74
2732;original;Base Game;44;70;18,12
2733;original;Base Game;53;50;14,76
2734;original;Base Game;53;48;14,65
2735;original;Base Game;53;64;13,29
2736;original;Base Game;50;53;14,07
2737;original;Base Game;55;56;14,47
2738;original;Base Game;52;45;15
2739;original;Base Game;51;63;15,6
2740;original;Base Game;49;59;15,62
2741;original;Base Game;52;68;15,44
2742;original;Base Game;48;54;15,5
2743;original;Base Game;48;56;16,25
2744;original;Base Game;55;49;14,68
2745;original;Base Game;54;53;15,83
2746;original;Base Game;54;56;12,89
2747;original;Base Game;54;64;14,22
2748;original;Base Game;55;50;13,79
2749;original;Base Game;58;49;15,32
2750;original;Base Game;53;48;15,29
2751;original;Base Game;52;53;15,56
2752;original;Base Game;53;43;14,59
2753;original;Base Game;52;53;16,44
2754;original;Base Game;59;52;14,26
2755;original;Base Game;50;55;15,86
2756;original;Base Game;50;59;15,93
2757;original;Base Game;50;46;16,93
2758;original;Base Game;52;46;14,56
2759;original;Base Game;49;70;16,92
2760;original;Base Game;56;45;14,65
2761;original;Base Game;50;51;16,29
2762;original;Base Game;42;75;18,5
2763;original;Base Game;52;51;16,62
2764;original;Base Game;57;45;15,38
2765;original;Base Game;54;54;15,39
2766;original;Base Game;61;51;14,28
2767;original;Base Game;52;53;14,88
2768;original;Base Game;52;63;15,5
2769;original;Base Game;53;41;13,71
2770;original;Base Game;51;55;16,2
2771;original;Base Game;52;46;14,62
2772;original;Base Game;50;65;17,71
2773;original;Base Game;50;64;15,57
2774;original;Base Game;51;47;16,13
2775;original;Base Game;54;39;13,56
2776;original;Base Game;51;53;15,67
2777;original;Base Game;54;43;15,22
2778;original;Base Game;57;36;12,81
2779;original;Base Game;58;50;14
2780;original;Base Game;51;46;14,87
2781;original;Base Game;48;53;16,08
2782;original;Base Game;50;58;16,21
2783;original;Base Game;52;54;16,25
2784;original;Base Game;50;53;17
2785;original;Base Game;51;65;15,4
2786;original;Base Game;54;53;13,72
2787;original;Base Game;50;55;14,57
2788;original;Base Game;54;49;14,78
2789;original;Base Game;52;54;15,12
2790;original;Base Game;51;67;16,53
2791;original;Base Game;49;54;15,69
2792;original;Base Game;52;53;14,12
2793;original;Base Game;53;69;16
2794;original;Base Game;50;65;16,36
2795;original;Base Game;54;51;13
2796;original;Base Game;50;55;14,5
2797;original;Base Game;50;55;15,43
2798;original;Base Game;52;59;16
2799;original;Base Game;50;61;15,43
2800;original;Base Game;61;42;13,92
2801;original;Base Game;51;56;16,07
2802;original;Base Game;49;48;16,77
2803;original;Base Game;57;39;15,1
2804;original;Base Game;55;32;13,95
2805;original;Base Game;49;57;16,31
2806;original;Base Game;49;59;15,69
2807;original;Base Game;54;47;11,94
2808;original;Base Game;56;52;14,3
2809;original;Base Game;56;51;14
2810;original;Base Game;47;58;17,45
2811;original;Base Game;52;47;14,12
2812;original;Base Game;52;63;15,12
2813;original;Base Game;53;52;15,59
2814;original;Base Game;52;56;14,5
2815;original;Base Game;51;56;16,47
2816;original;Base Game;52;46;17,06
2817;original;Base Game;48;59;16,17
2818;original;Base Game;52;46;14,31
2819;original;Base Game;50;53;16,21
2820;original;Base Game;59;52;13,43
2821;original;Base Game;51;55;13,53
2822;original;Base Game;56;52;15,3
2823;original;Base Game;54;60;16,33
2824;original;Base Game;49;55;16,08
2825;original;Base Game;48;58;16
2826;original;Base Game;49;70;16,69
2827;original;Base Game;50;67;15,71
2828;original;Base Game;51;73;16,27
2829;original;Base Game;54;52;15,89
2830;original;Base Game;51;58;14,13
2831;original;Base Game;53;70;15,35
2832;original;Base Game;47;51;16,73
2833;original;Base Game;54;67;15,28
2834;original;Base Game;55;48;14,63
2835;original;Base Game;54;50;15,65
2836;original;Base Game;53;51;15,35
2837;original;Base Game;59;35;13,3
2838;original;Base Game;53;54;14,59
2839;original;Base Game;50;39;16
2840;original;Base Game;55;45;13,63
2841;original;Base Game;53;62;15,29
2842;original;Base Game;51;54;16,53
2843;original;Base Game;55;48;14,74
2844;original;Base Game;48;59;16,5
2845;original;Base Game;48;47;16,83
2846;original;Base Game;52;53;16,06
2847;original;Base Game;55;53;13,95
2848;original;Base Game;53;55;16,24
2849;original;Base Game;59;50;14,26
2850;original;Base Game;47;52;16,91
2851;original;Base Game;56;52;13,9
2852;original;Base Game;48;58;17,42
2853;original;Base Game;48;52;15,83
2854;original;Base Game;52;52;13,81
2855;original;Base Game;46;51;16,9
2856;original;Base Game;51;55;15,73
2857;original;Base Game;54;62;15,06
2858;original;Base Game;51;53;16,33
2859;original;Base Game;53;61;15
2860;original;Base Game;51;48;14,93
2861;original;Base Game;54;30;13,17
2862;original;Base Game;54;47;14,78
2863;original;Base Game;46;62;15,6
2864;original;Base Game;53;50;14,76
2865;original;Base Game;55;51;14,42
2866;original;Base Game;53;53;14,76
2867;original;Base Game;56;44;14,65
2868;original;Base Game;59;60;14,57
2869;original;Base Game;56;45;14,45
2870;original;Base Game;50;49;16,71
2871;original;Base Game;51;43;16,6
2872;original;Base Game;53;60;14,29
2873;original;Base Game;52;46;15,31
2874;original;Base Game;55;67;15,58
2875;original;Base Game;52;49;14,69
2876;original;Base Game;53;67;15,82
2877;original;Base Game;53;47;14,88
2878;original;Base Game;56;49;14,35
2879;original;Base Game;52;65;15,12
2880;original;Base Game;56;50;14,85
2881;original;Base Game;54;43;14,22
2882;original;Base Game;54;56;16,89
2883;original;Base Game;53;39;13,94
2884;original;Base Game;51;52;16,47
2885;original;Base Game;56;45;13,85
2886;original;Base Game;56;55;15,35
2887;original;Base Game;56;33;12,9
2888;original;Base Game;54;58;13,83
2889;original;Base Game;50;66;16,14
2890;original;Base Game;52;47;15,62
2891;original;Base Game;46;57;17
2892;original;Base Game;57;44;13,71
2893;original;Base Game;52;56;15,31
2894;original;Base Game;53;46;15,18
2895;original;Base Game;52;55;14,25
2896;original;Base Game;52;47;14,19
2897;original;Base Game;45;59;18,22
2898;original;Base Game;56;47;15,2
2899;original;Base Game;54;42;16,67
2900;original;Base Game;50;49;17
2901;original;Base Game;48;61;15,33
2902;original;Base Game;51;44;13,8
2903;original;Base Game;55;64;15,21
2904;original;Base Game;49;62;17,08
2905;original;Base Game;53;56;14,94
2906;original;Base Game;58;44;13,59
2907;original;Base Game;56;59;14,35
2908;original;Base Game;53;44;14,88
2909;original;Base Game;53;65;16,24
2910;original;Base Game;54;50;15,78
2911;original;Base Game;55;46;14,84
2912;original;Base Game;48;65;16,75
2913;original;Base Game;54;58;13,94
2914;original;Base Game;55;58;15,79
2915;original;Base Game;53;62;15,88
2916;original;Base Game;57;42;14,76
2917;original;Base Game;53;50;16,35
2918;original;Base Game;58;38;14,27
2919;original;Base Game;56;47;14,55
2920;original;Base Game;50;56;15,43
2921;original;Base Game;47;44;15,64
2922;original;Base Game;54;56;14,39
2923;original;Base Game;52;61;16,06
2924;original;Base Game;55;58;15,42
2925;original;Base Game;55;55;15,42
2926;original;Base Game;52;52;16,88
2927;original;Base Game;51;51;15,73
2928;original;Base Game;55;49;14,37
2929;original;Base Game;53;36;14,59
2930;original;Base Game;50;76;15,86
2931;original;Base Game;55;53;14,63
2932;original;Base Game;51;55;14,4
2933;original;Base Game;53;55;16,12
2934;original;Base Game;51;57;16,27
2935;original;Base Game;50;55;16,5
2936;original;Base Game;50;58;14,36
2937;original;Base Game;54;50;14,5
2938;original;Base Game;49;45;16,08
2939;original;Base Game;60;48;13,83
2940;original;Base Game;53;52;14,82
2941;original;Base Game;60;55;14,71
2942;original;Base Game;52;47;17,19
2943;original;Base Game;55;53;15,89
2944;original;Base Game;52;52;13
2945;original;Base Game;54;54;14,61
2946;original;Base Game;52;59;14,88
2947;original;Base Game;52;36;15,25
2948;original;Base Game;58;52;14,59
2949;original;Base Game;51;50;15,93
2950;original;Base Game;53;46;14,53
2951;original;Base Game;48;58;17,25
2952;original;Base Game;55;58;13,89
2953;original;Base Game;54;45;16,28
2954;original;Base Game;51;48;14,67
2955;original;Base Game;52;54;14,5
2956;original;Base Game;53;59;14,53
2957;original;Base Game;53;57;15,29
2958;original;Base Game;54;47;15,61
2959;original;Base Game;55;43;12,37
2960;original;Base Game;46;54;15,3
2961;original;Base Game;54;51;14,17
2962;original;Base Game;51;58;15,6
2963;original;Base Game;55;52;15,53
2964;original;Base Game;58;51;14,59
2965;original;Base Game;58;58;14,55
2966;original;Base Game;48;47;17
2967;original;Base Game;52;55;16,25
2968;original;Base Game;52;46;14,75
2969;original;Base Game;48;57;15,67
2970;original;Base Game;52;60;14,06
2971;original;Base Game;53;61;16
2972;original;Base Game;49;45;16,23
2973;original;Base Game;51;53;17,2
2974;original;Base Game;52;63;15,56
2975;original;Base Game;50;51;17,14
2976;original;Base Game;51;50;14,6
2977;original;Base Game;52;54;13,56
2978;original;Base Game;50;55;15,93
2979;original;Base Game;56;39;14,6
2980;original;Base Game;57;46;13,33
2981;original;Base Game;53;62;15,65
2982;original;Base Game;49;62;13,77
2983;original;Base Game;52;45;14,31
2984;original;Base Game;54;54;16,28
2985;original;Base Game;48;47;17,5
2986;original;Base Game;53;51;13,29
2987;original;Base Game;55;46;14,58
2988;original;Base Game;50;52;16,07
2989;original;Base Game;56;47;15
2990;original;Base Game;55;42;14,42
2991;original;Base Game;54;54;14,5
2992;original;Base Game;46;56;16,7
2993;original;Base Game;54;58;16,17
2994;original;Base Game;50;60;15,93
2995;original;Base Game;51;40;13,53
2996;original;Base Game;55;58;14,95
2997;original;Base Game;54;65;16,11
2998;original;Base Game;48;56;15,92
2999;original;Base Game;45;54;17
3000;A;Increased Capacity (1-7);57;45;13,95
3001;A;Increased Capacity (1-7);57;57;13,86
3002;A;Increased Capacity (1-7);53;54;15,29
3003;A;Increased Capacity (1-7);51;67;15,93
3004;A;Increased Capacity (1-7);51;65;16,4
3005;A;Increased Capacity (1-7);56;55;14,15
3006;A;Increased Capacity (1-7);52;63;15,62
3007;A;Increased Capacity (1-7);59;43;13,78
3008;A;Increased Capacity (1-7);58;69;15,09
3009;A;Increased Capacity (1-7);49;69;15,77
3010;A;Increased Capacity (1-7);58;58;13,55
3011;A;Increased Capacity (1-7);54;49;12,67
3012;A;Increased Capacity (1-7);60;49;14,54
3013;A;Increased Capacity (1-7);58;71;13,95
3014;A;Increased Capacity (1-7);57;53;15,14
3015;A;Increased Capacity (1-7);55;67;15,26
3016;A;Increased Capacity (1-7);59;54;15,04
3017;A;Increased Capacity (1-7);53;51;15,47
3018;A;Increased Capacity (1-7);59;46;15,22
3019;A;Increased Capacity (1-7);54;60;15,39
3020;A;Increased Capacity (1-7);57;73;16,71
3021;A;Increased Capacity (1-7);59;60;15,83
3022;A;Increased Capacity (1-7);54;63;15,11
3023;A;Increased Capacity (1-7);61;65;13,44
3024;A;Increased Capacity (1-7);60;51;15,83
3025;A;Increased Capacity (1-7);54;55;14,11
3026;A;Increased Capacity (1-7);59;61;15,09
3027;A;Increased Capacity (1-7);58;54;13,55
3028;A;Increased Capacity (1-7);50;62;15,79
3029;A;Increased Capacity (1-7);58;70;14,14
3030;A;Increased Capacity (1-7);54;59;15,06
3031;A;Increased Capacity (1-7);56;67;14,8
3032;A;Increased Capacity (1-7);53;55;13,59
3033;A;Increased Capacity (1-7);48;69;15,67
3034;A;Increased Capacity (1-7);56;64;14,65
3035;A;Increased Capacity (1-7);51;76;15,6
3036;A;Increased Capacity (1-7);65;41;13,93
3037;A;Increased Capacity (1-7);57;52;15,95
3038;A;Increased Capacity (1-7);50;69;16,43
3039;A;Increased Capacity (1-7);57;45;13,76
3040;A;Increased Capacity (1-7);55;52;16,05
3041;A;Increased Capacity (1-7);59;36;13,43
3042;A;Increased Capacity (1-7);59;67;13,43
3043;A;Increased Capacity (1-7);52;64;15,5
3044;A;Increased Capacity (1-7);57;56;13,57
3045;A;Increased Capacity (1-7);56;41;11,85
3046;A;Increased Capacity (1-7);66;52;14,13
3047;A;Increased Capacity (1-7);58;71;14,55
3048;A;Increased Capacity (1-7);55;55;16,05
3049;A;Increased Capacity (1-7);54;52;13,89
3050;A;Increased Capacity (1-7);59;65;12,65
3051;A;Increased Capacity (1-7);57;54;15
3052;A;Increased Capacity (1-7);56;66;14,9
3053;A;Increased Capacity (1-7);63;63;14,48
3054;A;Increased Capacity (1-7);64;59;14,96
3055;A;Increased Capacity (1-7);55;45;15,79
3056;A;Increased Capacity (1-7);56;59;14,95
3057;A;Increased Capacity (1-7);53;55;16,24
3058;A;Increased Capacity (1-7);58;62;14,18
3059;A;Increased Capacity (1-7);54;79;14
3060;A;Increased Capacity (1-7);62;65;16,04
3061;A;Increased Capacity (1-7);60;60;14,08
3062;A;Increased Capacity (1-7);52;77;15,06
3063;A;Increased Capacity (1-7);53;53;14,82
3064;A;Increased Capacity (1-7);61;50;12,92
3065;A;Increased Capacity (1-7);57;58;15,29
3066;A;Increased Capacity (1-7);53;70;14,82
3067;A;Increased Capacity (1-7);53;63;14,94
3068;A;Increased Capacity (1-7);54;62;16,22
3069;A;Increased Capacity (1-7);61;46;15,52
3070;A;Increased Capacity (1-7);60;83;14,71
3071;A;Increased Capacity (1-7);58;56;14,68
3072;A;Increased Capacity (1-7);60;62;14,08
3073;A;Increased Capacity (1-7);61;46;13,48
3074;A;Increased Capacity (1-7);53;64;13,71
3075;A;Increased Capacity (1-7);49;87;14,85
3076;A;Increased Capacity (1-7);63;40;13,33
3077;A;Increased Capacity (1-7);60;50;14,08
3078;A;Increased Capacity (1-7);54;75;15,28
3079;A;Increased Capacity (1-7);54;70;14,33
3080;A;Increased Capacity (1-7);51;71;13,33
3081;A;Increased Capacity (1-7);57;45;12,62
3082;A;Increased Capacity (1-7);60;47;13,17
3083;A;Increased Capacity (1-7);56;51;15,4
3084;A;Increased Capacity (1-7);63;76;14,52
3085;A;Increased Capacity (1-7);62;82;15,19
3086;A;Increased Capacity (1-7);56;62;13,95
3087;A;Increased Capacity (1-7);47;71;14,45
3088;A;Increased Capacity (1-7);59;51;12,91
3089;A;Increased Capacity (1-7);55;72;13,26
3090;A;Increased Capacity (1-7);54;60;14,89
3091;A;Increased Capacity (1-7);51;62;14,67
3092;A;Increased Capacity (1-7);55;57;13,68
3093;A;Increased Capacity (1-7);58;71;15,41
3094;A;Increased Capacity (1-7);65;53;14,1
3095;A;Increased Capacity (1-7);59;67;14,74
3096;A;Increased Capacity (1-7);54;59;13,83
3097;A;Increased Capacity (1-7);58;69;15,14
3098;A;Increased Capacity (1-7);48;61;15,83
3099;A;Increased Capacity (1-7);54;63;14,22
3100;A;Increased Capacity (1-7);54;45;12,5
3101;A;Increased Capacity (1-7);51;75;15,6
3102;A;Increased Capacity (1-7);53;88;16,12
3103;A;Increased Capacity (1-7);59;58;15,61
3104;A;Increased Capacity (1-7);61;48;14,16
3105;A;Increased Capacity (1-7);54;65;16,5
3106;A;Increased Capacity (1-7);65;69;13,97
3107;A;Increased Capacity (1-7);55;67;15,32
3108;A;Increased Capacity (1-7);56;39;14,75
3109;A;Increased Capacity (1-7);61;42;14,2
3110;A;Increased Capacity (1-7);64;62;15,04
3111;A;Increased Capacity (1-7);57;70;15,48
3112;A;Increased Capacity (1-7);54;67;14,78
3113;A;Increased Capacity (1-7);58;57;14,23
3114;A;Increased Capacity (1-7);57;57;14,81
3115;A;Increased Capacity (1-7);55;58;15,26
3116;A;Increased Capacity (1-7);57;60;14,81
3117;A;Increased Capacity (1-7);59;54;16,09
3118;A;Increased Capacity (1-7);56;48;12,8
3119;A;Increased Capacity (1-7);54;64;15,56
3120;A;Increased Capacity (1-7);53;54;15,41
3121;A;Increased Capacity (1-7);58;61;14,18
3122;A;Increased Capacity (1-7);55;46;14,63
3123;A;Increased Capacity (1-7);56;78;13,85
3124;A;Increased Capacity (1-7);52;67;14,75
3125;A;Increased Capacity (1-7);58;58;15,36
3126;A;Increased Capacity (1-7);65;50;14,62
3127;A;Increased Capacity (1-7);50;71;15,14
3128;A;Increased Capacity (1-7);52;60;15,94
3129;A;Increased Capacity (1-7);56;53;13,9
3130;A;Increased Capacity (1-7);54;67;14
3131;A;Increased Capacity (1-7);53;58;16
3132;A;Increased Capacity (1-7);52;56;15,62
3133;A;Increased Capacity (1-7);58;64;14,73
3134;A;Increased Capacity (1-7);53;61;12,76
3135;A;Increased Capacity (1-7);58;53;16,18
3136;A;Increased Capacity (1-7);58;55;14,18
3137;A;Increased Capacity (1-7);54;71;12,83
3138;A;Increased Capacity (1-7);56;66;14,15
3139;A;Increased Capacity (1-7);63;50;15,19
3140;A;Increased Capacity (1-7);52;47;14,88
3141;A;Increased Capacity (1-7);61;68;14,8
3142;A;Increased Capacity (1-7);57;50;14,29
3143;A;Increased Capacity (1-7);59;66;15,22
3144;A;Increased Capacity (1-7);55;65;15,42
3145;A;Increased Capacity (1-7);59;57;14
3146;A;Increased Capacity (1-7);55;40;13,63
3147;A;Increased Capacity (1-7);49;66;16,15
3148;A;Increased Capacity (1-7);54;58;16,17
3149;A;Increased Capacity (1-7);62;71;15,12
3150;A;Increased Capacity (1-7);56;58;14,15
3151;A;Increased Capacity (1-7);60;41;14,08
3152;A;Increased Capacity (1-7);57;63;14,48
3153;A;Increased Capacity (1-7);56;54;13,9
3154;A;Increased Capacity (1-7);57;64;14,9
3155;A;Increased Capacity (1-7);56;53;13,9
3156;A;Increased Capacity (1-7);59;59;14,35
3157;A;Increased Capacity (1-7);58;56;13,95
3158;A;Increased Capacity (1-7);55;54;15,32
3159;A;Increased Capacity (1-7);57;50;12,43
3160;A;Increased Capacity (1-7);58;53;15,18
3161;A;Increased Capacity (1-7);61;50;12,92
3162;A;Increased Capacity (1-7);49;74;16,69
3163;A;Increased Capacity (1-7);54;57;14,28
3164;A;Increased Capacity (1-7);53;43;13,53
3165;A;Increased Capacity (1-7);44;71;16,75
3166;A;Increased Capacity (1-7);58;57;15,77
3167;A;Increased Capacity (1-7);55;49;13,47
3168;A;Increased Capacity (1-7);62;47;14
3169;A;Increased Capacity (1-7);60;62;12,92
3170;A;Increased Capacity (1-7);54;46;14
3171;A;Increased Capacity (1-7);57;66;13,86
3172;A;Increased Capacity (1-7);61;48;13,2
3173;A;Increased Capacity (1-7);53;53;14,47
3174;A;Increased Capacity (1-7);59;60;14,74
3175;A;Increased Capacity (1-7);52;66;16,5
3176;A;Increased Capacity (1-7);55;65;15,26
3177;A;Increased Capacity (1-7);61;59;14,76
3178;A;Increased Capacity (1-7);58;55;13,86
3179;A;Increased Capacity (1-7);51;56;15,4
3180;A;Increased Capacity (1-7);58;73;14,91
3181;A;Increased Capacity (1-7);58;51;15,27
3182;A;Increased Capacity (1-7);58;54;15,18
3183;A;Increased Capacity (1-7);56;50;12,6
3184;A;Increased Capacity (1-7);59;50;13,09
3185;A;Increased Capacity (1-7);51;63;14
3186;A;Increased Capacity (1-7);59;57;14,57
3187;A;Increased Capacity (1-7);52;49;13,38
3188;A;Increased Capacity (1-7);54;58;15,72
3189;A;Increased Capacity (1-7);52;76;16,31
3190;A;Increased Capacity (1-7);52;60;16,81
3191;A;Increased Capacity (1-7);53;59;13,82
3192;A;Increased Capacity (1-7);62;54;14,81
3193;A;Increased Capacity (1-7);53;68;14,82
3194;A;Increased Capacity (1-7);51;57;13,87
3195;A;Increased Capacity (1-7);58;58;15,55
3196;A;Increased Capacity (1-7);57;63;15,14
3197;A;Increased Capacity (1-7);52;69;16
3198;A;Increased Capacity (1-7);63;47;12,52
3199;A;Increased Capacity (1-7);53;54;15,59
3200;A;Increased Capacity (1-7);56;67;13,95
3201;A;Increased Capacity (1-7);55;65;15,05
3202;A;Increased Capacity (1-7);57;40;12,71
3203;A;Increased Capacity (1-7);60;55;14
3204;A;Increased Capacity (1-7);52;55;16,19
3205;A;Increased Capacity (1-7);50;56;14,93
3206;A;Increased Capacity (1-7);55;80;14,37
3207;A;Increased Capacity (1-7);54;54;14,72
3208;A;Increased Capacity (1-7);57;53;15,52
3209;A;Increased Capacity (1-7);54;78;14,89
3210;A;Increased Capacity (1-7);57;72;13,86
3211;A;Increased Capacity (1-7);60;54;13,88
3212;A;Increased Capacity (1-7);51;75;15,93
3213;A;Increased Capacity (1-7);55;54;14,26
3214;A;Increased Capacity (1-7);60;75;14,17
3215;A;Increased Capacity (1-7);54;68;16,28
3216;A;Increased Capacity (1-7);59;63;14,35
3217;A;Increased Capacity (1-7);60;68;14,58
3218;A;Increased Capacity (1-7);51;68;16
3219;A;Increased Capacity (1-7);61;69;15,76
3220;A;Increased Capacity (1-7);58;71;14,77
3221;A;Increased Capacity (1-7);54;72;15,56
3222;A;Increased Capacity (1-7);56;77;15,1
3223;A;Increased Capacity (1-7);66;48;12,87
3224;A;Increased Capacity (1-7);58;44;13,86
3225;A;Increased Capacity (1-7);63;43;14,26
3226;A;Increased Capacity (1-7);56;62;13,5
3227;A;Increased Capacity (1-7);54;69;13,11
3228;A;Increased Capacity (1-7);59;72;16,09
3229;A;Increased Capacity (1-7);53;57;14,18
3230;A;Increased Capacity (1-7);50;71;15,43
3231;A;Increased Capacity (1-7);60;61;14,08
3232;A;Increased Capacity (1-7);65;59;14,83
3233;A;Increased Capacity (1-7);51;74;15,73
3234;A;Increased Capacity (1-7);51;61;14,13
3235;A;Increased Capacity (1-7);53;64;15,88
3236;A;Increased Capacity (1-7);51;57;17,47
3237;A;Increased Capacity (1-7);60;62;14,38
3238;A;Increased Capacity (1-7);62;58;13,42
3239;A;Increased Capacity (1-7);49;64;16,92
3240;A;Increased Capacity (1-7);55;49;15,11
3241;A;Increased Capacity (1-7);63;42;13,26
3242;A;Increased Capacity (1-7);56;62;14,55
3243;A;Increased Capacity (1-7);60;60;14,71
3244;A;Increased Capacity (1-7);53;53;14,65
3245;A;Increased Capacity (1-7);57;38;14
3246;A;Increased Capacity (1-7);55;59;15,21
3247;A;Increased Capacity (1-7);52;51;15,19
3248;A;Increased Capacity (1-7);60;58;14,58
3249;A;Increased Capacity (1-7);53;70;14,88
3250;A;Increased Capacity (1-7);58;59;15
3251;A;Increased Capacity (1-7);53;66;15,82
3252;A;Increased Capacity (1-7);60;47;12,17
3253;A;Increased Capacity (1-7);56;66;13,85
3254;A;Increased Capacity (1-7);50;59;15,93
3255;A;Increased Capacity (1-7);60;55;12,42
3256;A;Increased Capacity (1-7);57;54;14,62
3257;A;Increased Capacity (1-7);62;56;15
3258;A;Increased Capacity (1-7);58;52;14,27
3259;A;Increased Capacity (1-7);56;63;15,75
3260;A;Increased Capacity (1-7);54;77;16,89
3261;A;Increased Capacity (1-7);57;39;12,48
3262;A;Increased Capacity (1-7);59;62;13,7
3263;A;Increased Capacity (1-7);53;60;17,29
3264;A;Increased Capacity (1-7);54;54;14,11
3265;A;Increased Capacity (1-7);58;69;14,59
3266;A;Increased Capacity (1-7);59;58;13,43
3267;A;Increased Capacity (1-7);60;70;14,12
3268;A;Increased Capacity (1-7);56;56;14,05
3269;A;Increased Capacity (1-7);59;54;14,22
3270;A;Increased Capacity (1-7);57;54;13,71
3271;A;Increased Capacity (1-7);51;67;15,67
3272;A;Increased Capacity (1-7);46;65;17,6
3273;A;Increased Capacity (1-7);57;50;13,71
3274;A;Increased Capacity (1-7);58;68;14,18
3275;A;Increased Capacity (1-7);59;62;14,48
3276;A;Increased Capacity (1-7);61;56;15,48
3277;A;Increased Capacity (1-7);47;54;17
3278;A;Increased Capacity (1-7);59;71;16,09
3279;A;Increased Capacity (1-7);53;63;15,71
3280;A;Increased Capacity (1-7);60;64;16,29
3281;A;Increased Capacity (1-7);56;71;15,35
3282;A;Increased Capacity (1-7);59;47;15,3
3283;A;Increased Capacity (1-7);52;80;16,88
3284;A;Increased Capacity (1-7);54;63;15
3285;A;Increased Capacity (1-7);54;59;14,5
3286;A;Increased Capacity (1-7);52;65;15,75
3287;A;Increased Capacity (1-7);58;60;15,05
3288;A;Increased Capacity (1-7);56;67;14,8
3289;A;Increased Capacity (1-7);62;50;12,69
3290;A;Increased Capacity (1-7);57;69;15,14
3291;A;Increased Capacity (1-7);55;56;14,58
3292;A;Increased Capacity (1-7);55;58;15,42
3293;A;Increased Capacity (1-7);58;59;13,09
3294;A;Increased Capacity (1-7);58;56;13,27
3295;A;Increased Capacity (1-7);59;54;13,7
3296;A;Increased Capacity (1-7);59;63;14,09
3297;A;Increased Capacity (1-7);54;68;15,61
3298;A;Increased Capacity (1-7);57;51;13,24
3299;A;Increased Capacity (1-7);52;68;16,62
3300;A;Increased Capacity (1-7);47;67;17,27
3301;A;Increased Capacity (1-7);58;56;14,95
3302;A;Increased Capacity (1-7);60;47;15,42
3303;A;Increased Capacity (1-7);62;67;14,88
3304;A;Increased Capacity (1-7);55;64;15,05
3305;A;Increased Capacity (1-7);60;65;14,75
3306;A;Increased Capacity (1-7);56;57;15,2
3307;A;Increased Capacity (1-7);54;70;14,89
3308;A;Increased Capacity (1-7);52;72;16
3309;A;Increased Capacity (1-7);60;40;13,42
3310;A;Increased Capacity (1-7);58;59;14,68
3311;A;Increased Capacity (1-7);51;81;17,07
3312;A;Increased Capacity (1-7);51;69;16,53
3313;A;Increased Capacity (1-7);55;65;15,32
3314;A;Increased Capacity (1-7);57;71;14,71
3315;A;Increased Capacity (1-7);52;74;16,12
3316;A;Increased Capacity (1-7);58;60;14,5
3317;A;Increased Capacity (1-7);55;49;14,89
3318;A;Increased Capacity (1-7);55;58;13,68
3319;A;Increased Capacity (1-7);58;65;15
3320;A;Increased Capacity (1-7);55;52;13,11
3321;A;Increased Capacity (1-7);56;75;15,55
3322;A;Increased Capacity (1-7);61;73;15,64
3323;A;Increased Capacity (1-7);56;57;14,9
3324;A;Increased Capacity (1-7);53;58;14,29
3325;A;Increased Capacity (1-7);56;63;17,15
3326;A;Increased Capacity (1-7);49;80;16,85
3327;A;Increased Capacity (1-7);57;57;12,9
3328;A;Increased Capacity (1-7);58;66;14,5
3329;A;Increased Capacity (1-7);53;63;14,29
3330;A;Increased Capacity (1-7);55;79;14,95
3331;A;Increased Capacity (1-7);54;52;13,44
3332;A;Increased Capacity (1-7);55;57;15,58
3333;A;Increased Capacity (1-7);61;49;12,16
3334;A;Increased Capacity (1-7);52;52;13,31
3335;A;Increased Capacity (1-7);57;65;14,24
3336;A;Increased Capacity (1-7);57;73;14,19
3337;A;Increased Capacity (1-7);59;57;12,78
3338;A;Increased Capacity (1-7);63;55;13,85
3339;A;Increased Capacity (1-7);51;67;16,4
3340;A;Increased Capacity (1-7);60;60;14,75
3341;A;Increased Capacity (1-7);52;66;16
3342;A;Increased Capacity (1-7);57;56;16,33
3343;A;Increased Capacity (1-7);55;38;14,68
3344;A;Increased Capacity (1-7);55;58;13,95
3345;A;Increased Capacity (1-7);59;54;13,65
3346;A;Increased Capacity (1-7);59;69;14,87
3347;A;Increased Capacity (1-7);55;77;15,05
3348;A;Increased Capacity (1-7);54;65;15,78
3349;A;Increased Capacity (1-7);57;67;14,86
3350;A;Increased Capacity (1-7);52;67;16,12
3351;A;Increased Capacity (1-7);57;53;15
3352;A;Increased Capacity (1-7);53;81;15,59
3353;A;Increased Capacity (1-7);55;53;14,16
3354;A;Increased Capacity (1-7);54;69;14,33
3355;A;Increased Capacity (1-7);51;74;17,33
3356;A;Increased Capacity (1-7);59;74;14,39
3357;A;Increased Capacity (1-7);57;53;13,71
3358;A;Increased Capacity (1-7);50;60;16,14
3359;A;Increased Capacity (1-7);57;62;15,19
3360;A;Increased Capacity (1-7);58;53;14,5
3361;A;Increased Capacity (1-7);52;75;16,12
3362;A;Increased Capacity (1-7);58;66;14,86
3363;A;Increased Capacity (1-7);56;71;15,45
3364;A;Increased Capacity (1-7);56;62;14,45
3365;A;Increased Capacity (1-7);59;60;14,83
3366;A;Increased Capacity (1-7);58;62;13,59
3367;A;Increased Capacity (1-7);59;60;13,96
3368;A;Increased Capacity (1-7);51;67;14,53
3369;A;Increased Capacity (1-7);58;44;13,82
3370;A;Increased Capacity (1-7);55;60;14,74
3371;A;Increased Capacity (1-7);60;35;13,38
3372;A;Increased Capacity (1-7);54;64;15,17
3373;A;Increased Capacity (1-7);53;62;15,94
3374;A;Increased Capacity (1-7);50;68;16,14
3375;A;Increased Capacity (1-7);56;62;14,9
3376;A;Increased Capacity (1-7);53;64;15
3377;A;Increased Capacity (1-7);56;51;15,8
3378;A;Increased Capacity (1-7);57;60;15,9
3379;A;Increased Capacity (1-7);60;45;14,04
3380;A;Increased Capacity (1-7);55;63;14,11
3381;A;Increased Capacity (1-7);50;66;16,29
3382;A;Increased Capacity (1-7);61;46;13,92
3383;A;Increased Capacity (1-7);60;48;14
3384;A;Increased Capacity (1-7);53;61;14,18
3385;A;Increased Capacity (1-7);52;57;15,75
3386;A;Increased Capacity (1-7);56;66;15,05
3387;A;Increased Capacity (1-7);58;46;14,41
3388;A;Increased Capacity (1-7);54;53;14,33
3389;A;Increased Capacity (1-7);57;69;14,1
3390;A;Increased Capacity (1-7);61;40;14,48
3391;A;Increased Capacity (1-7);53;57;14,76
3392;A;Increased Capacity (1-7);46;66;15,6
3393;A;Increased Capacity (1-7);58;56;14,59
3394;A;Increased Capacity (1-7);58;59;13,68
3395;A;Increased Capacity (1-7);56;73;15,7
3396;A;Increased Capacity (1-7);60;55;14,33
3397;A;Increased Capacity (1-7);56;59;15,9
3398;A;Increased Capacity (1-7);56;69;15,95
3399;A;Increased Capacity (1-7);55;54;15,53
3400;A;Increased Capacity (1-7);53;70;14,88
3401;A;Increased Capacity (1-7);57;72;14,33
3402;A;Increased Capacity (1-7);61;49;12,4
3403;A;Increased Capacity (1-7);55;80;15,68
3404;A;Increased Capacity (1-7);52;69;15,5
3405;A;Increased Capacity (1-7);49;80;15,08
3406;A;Increased Capacity (1-7);54;71;13,78
3407;A;Increased Capacity (1-7);50;50;15,43
3408;A;Increased Capacity (1-7);59;64;13,83
3409;A;Increased Capacity (1-7);57;48;15,76
3410;A;Increased Capacity (1-7);61;48;12,56
3411;A;Increased Capacity (1-7);52;67;14,5
3412;A;Increased Capacity (1-7);58;66;14,82
3413;A;Increased Capacity (1-7);55;70;14,53
3414;A;Increased Capacity (1-7);57;51;13,14
3415;A;Increased Capacity (1-7);48;68;15,58
3416;A;Increased Capacity (1-7);58;67;14,5
3417;A;Increased Capacity (1-7);56;43;14,3
3418;A;Increased Capacity (1-7);61;49;14,04
3419;A;Increased Capacity (1-7);57;47;14,38
3420;A;Increased Capacity (1-7);57;58;14,76
3421;A;Increased Capacity (1-7);49;62;14,62
3422;A;Increased Capacity (1-7);55;62;12,79
3423;A;Increased Capacity (1-7);54;46;15,5
3424;A;Increased Capacity (1-7);46;78;17,1
3425;A;Increased Capacity (1-7);56;59;16,15
3426;A;Increased Capacity (1-7);55;57;14,11
3427;A;Increased Capacity (1-7);52;66;17,31
3428;A;Increased Capacity (1-7);59;46;15,52
3429;A;Increased Capacity (1-7);55;62;15,95
3430;A;Increased Capacity (1-7);65;59;13,72
3431;A;Increased Capacity (1-7);48;75;16,83
3432;A;Increased Capacity (1-7);60;51;14,29
3433;A;Increased Capacity (1-7);48;65;17
3434;A;Increased Capacity (1-7);57;39;12,43
3435;A;Increased Capacity (1-7);56;46;14,2
3436;A;Increased Capacity (1-7);54;73;15,61
3437;A;Increased Capacity (1-7);65;46;12,66
3438;A;Increased Capacity (1-7);57;60;14,48
3439;A;Increased Capacity (1-7);57;58;14,67
3440;A;Increased Capacity (1-7);58;51;13,45
3441;A;Increased Capacity (1-7);56;50;15,65
3442;A;Increased Capacity (1-7);54;77;15,28
3443;A;Increased Capacity (1-7);57;66;14,67
3444;A;Increased Capacity (1-7);56;54;15,4
3445;A;Increased Capacity (1-7);54;63;15,83
3446;A;Increased Capacity (1-7);57;49;13,81
3447;A;Increased Capacity (1-7);53;68;15,35
3448;A;Increased Capacity (1-7);58;67;15,5
3449;A;Increased Capacity (1-7);57;59;14,71
3450;A;Increased Capacity (1-7);53;55;16,18
3451;A;Increased Capacity (1-7);59;51;12,04
3452;A;Increased Capacity (1-7);54;71;17
3453;A;Increased Capacity (1-7);61;56;13,6
3454;A;Increased Capacity (1-7);52;58;15,56
3455;A;Increased Capacity (1-7);55;67;15,53
3456;A;Increased Capacity (1-7);53;69;15,18
3457;A;Increased Capacity (1-7);60;53;15,5
3458;A;Increased Capacity (1-7);59;59;12,61
3459;A;Increased Capacity (1-7);54;57;15,56
3460;A;Increased Capacity (1-7);60;56;13,54
3461;A;Increased Capacity (1-7);54;60;15,33
3462;A;Increased Capacity (1-7);56;62;14
3463;A;Increased Capacity (1-7);46;65;17,6
3464;A;Increased Capacity (1-7);52;69;16,56
3465;A;Increased Capacity (1-7);58;57;14,41
3466;A;Increased Capacity (1-7);59;76;15,17
3467;A;Increased Capacity (1-7);57;65;13,52
3468;A;Increased Capacity (1-7);58;59;13,18
3469;A;Increased Capacity (1-7);54;43;11,44
3470;A;Increased Capacity (1-7);56;57;16,4
3471;A;Increased Capacity (1-7);62;65;15
3472;A;Increased Capacity (1-7);56;68;15,3
3473;A;Increased Capacity (1-7);53;68;14,65
3474;A;Increased Capacity (1-7);56;52;15,75
3475;A;Increased Capacity (1-7);52;64;14,88
3476;A;Increased Capacity (1-7);54;46;14,11
3477;A;Increased Capacity (1-7);58;64;14,41
3478;A;Increased Capacity (1-7);55;44;14,05
3479;A;Increased Capacity (1-7);53;63;15
3480;A;Increased Capacity (1-7);63;59;14,04
3481;A;Increased Capacity (1-7);57;53;15,19
3482;A;Increased Capacity (1-7);52;74;15,44
3483;A;Increased Capacity (1-7);61;59;13,88
3484;A;Increased Capacity (1-7);61;44;13,8
3485;A;Increased Capacity (1-7);59;51;14,91
3486;A;Increased Capacity (1-7);55;67;14,68
3487;A;Increased Capacity (1-7);60;49;14,38
3488;A;Increased Capacity (1-7);53;68;15,18
3489;A;Increased Capacity (1-7);56;65;14,4
3490;A;Increased Capacity (1-7);53;58;13,24
3491;A;Increased Capacity (1-7);65;59;13,93
3492;A;Increased Capacity (1-7);56;61;13,85
3493;A;Increased Capacity (1-7);59;41;14,48
3494;A;Increased Capacity (1-7);58;62;16,27
3495;A;Increased Capacity (1-7);55;57;14,32
3496;A;Increased Capacity (1-7);52;53;13,38
3497;A;Increased Capacity (1-7);55;46;14,84
3498;A;Increased Capacity (1-7);46;66;16,1
3499;A;Increased Capacity (1-7);64;44;13,75
3500;A;Increased Capacity (1-7);59;64;12,91
3501;A;Increased Capacity (1-7);54;58;14
3502;A;Increased Capacity (1-7);58;50;12,95
3503;A;Increased Capacity (1-7);55;63;16,26
3504;A;Increased Capacity (1-7);61;55;14,56
3505;A;Increased Capacity (1-7);59;42;12,91
3506;A;Increased Capacity (1-7);60;59;13,88
3507;A;Increased Capacity (1-7);62;53;13,46
3508;A;Increased Capacity (1-7);54;60;14
3509;A;Increased Capacity (1-7);57;42;14,19
3510;A;Increased Capacity (1-7);54;73;15,22
3511;A;Increased Capacity (1-7);64;61;14,43
3512;A;Increased Capacity (1-7);58;60;14,23
3513;A;Increased Capacity (1-7);62;56;14,12
3514;A;Increased Capacity (1-7);57;52;15,9
3515;A;Increased Capacity (1-7);57;71;15,81
3516;A;Increased Capacity (1-7);55;56;14,84
3517;A;Increased Capacity (1-7);58;41;14,86
3518;A;Increased Capacity (1-7);58;56;14,18
3519;A;Increased Capacity (1-7);57;55;13,81
3520;A;Increased Capacity (1-7);50;52;13,14
3521;A;Increased Capacity (1-7);54;52;15,33
3522;A;Increased Capacity (1-7);53;47;14,59
3523;A;Increased Capacity (1-7);60;59;14,33
3524;A;Increased Capacity (1-7);52;71;15,94
3525;A;Increased Capacity (1-7);56;59;15,75
3526;A;Increased Capacity (1-7);54;64;15,61
3527;A;Increased Capacity (1-7);55;56;15,05
3528;A;Increased Capacity (1-7);55;68;16
3529;A;Increased Capacity (1-7);56;52;13,95
3530;A;Increased Capacity (1-7);59;75;14,39
3531;A;Increased Capacity (1-7);63;66;13,63
3532;A;Increased Capacity (1-7);62;67;13,96
3533;A;Increased Capacity (1-7);57;61;12,38
3534;A;Increased Capacity (1-7);56;67;12,45
3535;A;Increased Capacity (1-7);60;61;13,83
3536;A;Increased Capacity (1-7);63;75;13,52
3537;A;Increased Capacity (1-7);58;55;15
3538;A;Increased Capacity (1-7);51;49;14,6
3539;A;Increased Capacity (1-7);56;56;15,5
3540;A;Increased Capacity (1-7);55;62;14,37
3541;A;Increased Capacity (1-7);54;65;16,89
3542;A;Increased Capacity (1-7);55;49;13,58
3543;A;Increased Capacity (1-7);52;74;15,38
3544;A;Increased Capacity (1-7);62;59;13,38
3545;A;Increased Capacity (1-7);54;73;15,17
3546;A;Increased Capacity (1-7);57;72;14,67
3547;A;Increased Capacity (1-7);52;68;15,56
3548;A;Increased Capacity (1-7);52;58;15,81
3549;A;Increased Capacity (1-7);55;67;13,32
3550;A;Increased Capacity (1-7);49;71;15,69
3551;A;Increased Capacity (1-7);59;57;13,65
3552;A;Increased Capacity (1-7);56;63;14,05
3553;A;Increased Capacity (1-7);60;56;13,96
3554;A;Increased Capacity (1-7);65;63;14,31
3555;A;Increased Capacity (1-7);57;59;14,29
3556;A;Increased Capacity (1-7);56;79;14,3
3557;A;Increased Capacity (1-7);49;59;14,69
3558;A;Increased Capacity (1-7);52;48;15
3559;A;Increased Capacity (1-7);59;66;14,17
3560;A;Increased Capacity (1-7);54;58;15
3561;A;Increased Capacity (1-7);50;66;15,21
3562;A;Increased Capacity (1-7);50;65;14,64
3563;A;Increased Capacity (1-7);54;67;14,39
3564;A;Increased Capacity (1-7);58;50;16
3565;A;Increased Capacity (1-7);55;54;13,79
3566;A;Increased Capacity (1-7);62;63;14,76
3567;A;Increased Capacity (1-7);58;70;16,18
3568;A;Increased Capacity (1-7);56;52;14,4
3569;A;Increased Capacity (1-7);59;64;15,65
3570;A;Increased Capacity (1-7);64;62;13,54
3571;A;Increased Capacity (1-7);54;67;15,22
3572;A;Increased Capacity (1-7);51;73;15,27
3573;A;Increased Capacity (1-7);58;47;14,59
3574;A;Increased Capacity (1-7);57;69;13,86
3575;A;Increased Capacity (1-7);57;56;15,9
3576;A;Increased Capacity (1-7);58;55;14,45
3577;A;Increased Capacity (1-7);54;53;14,89
3578;A;Increased Capacity (1-7);56;76;15,3
3579;A;Increased Capacity (1-7);56;64;15
3580;A;Increased Capacity (1-7);44;91;16,38
3581;A;Increased Capacity (1-7);59;68;15,26
3582;A;Increased Capacity (1-7);57;52;12,95
3583;A;Increased Capacity (1-7);57;60;14,29
3584;A;Increased Capacity (1-7);46;71;17
3585;A;Increased Capacity (1-7);56;50;14,75
3586;A;Increased Capacity (1-7);51;83;16,47
3587;A;Increased Capacity (1-7);58;60;14,41
3588;A;Increased Capacity (1-7);49;71;16,38
3589;A;Increased Capacity (1-7);56;59;15
3590;A;Increased Capacity (1-7);60;64;14,33
3591;A;Increased Capacity (1-7);54;75;16,22
3592;A;Increased Capacity (1-7);57;60;14,29
3593;A;Increased Capacity (1-7);57;59;13,9
3594;A;Increased Capacity (1-7);59;53;14,74
3595;A;Increased Capacity (1-7);56;75;16,35
3596;A;Increased Capacity (1-7);57;49;15,05
3597;A;Increased Capacity (1-7);54;55;14
3598;A;Increased Capacity (1-7);55;69;15,16
3599;A;Increased Capacity (1-7);57;61;14,67
3600;A;Increased Capacity (1-7);54;52;14,39
3601;A;Increased Capacity (1-7);56;62;15,7
3602;A;Increased Capacity (1-7);55;73;15,21
3603;A;Increased Capacity (1-7);53;68;16,29
3604;A;Increased Capacity (1-7);60;58;13,62
3605;A;Increased Capacity (1-7);54;69;15,72
3606;A;Increased Capacity (1-7);66;59;12,97
3607;A;Increased Capacity (1-7);56;67;13,7
3608;A;Increased Capacity (1-7);59;46;13,83
3609;A;Increased Capacity (1-7);53;65;13,65
3610;A;Increased Capacity (1-7);53;72;15,06
3611;A;Increased Capacity (1-7);54;65;14,67
3612;A;Increased Capacity (1-7);54;56;13,28
3613;A;Increased Capacity (1-7);56;80;15,55
3614;A;Increased Capacity (1-7);52;62;15,19
3615;A;Increased Capacity (1-7);59;56;14,35
3616;A;Increased Capacity (1-7);63;66;14,3
3617;A;Increased Capacity (1-7);55;57;15,58
3618;A;Increased Capacity (1-7);52;61;16,67
3619;A;Increased Capacity (1-7);53;63;14,29
3620;A;Increased Capacity (1-7);53;52;14,41
3621;A;Increased Capacity (1-7);53;56;16,53
3622;A;Increased Capacity (1-7);57;49;15,57
3623;A;Increased Capacity (1-7);55;49;14,32
3624;A;Increased Capacity (1-7);60;52;14,29
3625;A;Increased Capacity (1-7);58;62;12,59
3626;A;Increased Capacity (1-7);62;41;13,58
3627;A;Increased Capacity (1-7);51;65;16,53
3628;A;Increased Capacity (1-7);60;57;15,79
3629;A;Increased Capacity (1-7);60;61;14,17
3630;A;Increased Capacity (1-7);52;75;15,38
3631;A;Increased Capacity (1-7);57;70;15,76
3632;A;Increased Capacity (1-7);55;67;15,58
3633;A;Increased Capacity (1-7);52;67;14,56
3634;A;Increased Capacity (1-7);57;58;14,48
3635;A;Increased Capacity (1-7);57;72;14,38
3636;A;Increased Capacity (1-7);54;69;14,78
3637;A;Increased Capacity (1-7);49;55;16,46
3638;A;Increased Capacity (1-7);56;49;13,6
3639;A;Increased Capacity (1-7);51;82;16
3640;A;Increased Capacity (1-7);49;61;15,46
3641;A;Increased Capacity (1-7);55;62;15,89
3642;A;Increased Capacity (1-7);59;68;14,7
3643;A;Increased Capacity (1-7);53;57;15,88
3644;A;Increased Capacity (1-7);49;70;16,69
3645;A;Increased Capacity (1-7);57;56;14,05
3646;A;Increased Capacity (1-7);55;55;16,26
3647;A;Increased Capacity (1-7);52;68;15,94
3648;A;Increased Capacity (1-7);55;67;16,05
3649;A;Increased Capacity (1-7);53;56;13,82
3650;A;Increased Capacity (1-7);60;63;13,17
3651;A;Increased Capacity (1-7);61;47;14,04
3652;A;Increased Capacity (1-7);56;58;14,25
3653;A;Increased Capacity (1-7);52;66;15,31
3654;A;Increased Capacity (1-7);56;69;16,25
3655;A;Increased Capacity (1-7);54;50;15,78
3656;A;Increased Capacity (1-7);54;57;14,17
3657;A;Increased Capacity (1-7);54;53;15,06
3658;A;Increased Capacity (1-7);52;61;14,31
3659;A;Increased Capacity (1-7);52;60;15,69
3660;A;Increased Capacity (1-7);56;68;14,45
3661;A;Increased Capacity (1-7);52;54;12,88
3662;A;Increased Capacity (1-7);58;61;14,5
3663;A;Increased Capacity (1-7);53;60;14,71
3664;A;Increased Capacity (1-7);59;59;14,3
3665;A;Increased Capacity (1-7);63;75;14,22
3666;A;Increased Capacity (1-7);56;58;15,4
3667;A;Increased Capacity (1-7);55;59;13,74
3668;A;Increased Capacity (1-7);58;69;14,82
3669;A;Increased Capacity (1-7);53;62;15,59
3670;A;Increased Capacity (1-7);58;68;13,73
3671;A;Increased Capacity (1-7);59;45;14,35
3672;A;Increased Capacity (1-7);59;68;14,35
3673;A;Increased Capacity (1-7);56;47;14,75
3674;A;Increased Capacity (1-7);60;47;14,17
3675;A;Increased Capacity (1-7);56;49;16,95
3676;A;Increased Capacity (1-7);64;75;14,93
3677;A;Increased Capacity (1-7);61;56;14,24
3678;A;Increased Capacity (1-7);55;55;14,11
3679;A;Increased Capacity (1-7);56;66;15,3
3680;A;Increased Capacity (1-7);60;68;14,46
3681;A;Increased Capacity (1-7);48;75;17,08
3682;A;Increased Capacity (1-7);58;53;14,32
3683;A;Increased Capacity (1-7);52;72;15,75
3684;A;Increased Capacity (1-7);51;62;16,73
3685;A;Increased Capacity (1-7);54;65;14,67
3686;A;Increased Capacity (1-7);56;73;15,8
3687;A;Increased Capacity (1-7);59;54;14,17
3688;A;Increased Capacity (1-7);51;68;15,6
3689;A;Increased Capacity (1-7);53;54;14,76
3690;A;Increased Capacity (1-7);51;61;15
3691;A;Increased Capacity (1-7);58;71;14,18
3692;A;Increased Capacity (1-7);56;60;12,25
3693;A;Increased Capacity (1-7);59;67;15,35
3694;A;Increased Capacity (1-7);59;51;14,61
3695;A;Increased Capacity (1-7);55;68;15
3696;A;Increased Capacity (1-7);56;74;14,5
3697;A;Increased Capacity (1-7);48;80;17,75
3698;A;Increased Capacity (1-7);53;60;15,71
3699;A;Increased Capacity (1-7);57;62;14,43
3700;A;Increased Capacity (1-7);58;67;16
3701;A;Increased Capacity (1-7);56;62;15,6
3702;A;Increased Capacity (1-7);56;64;14,1
3703;A;Increased Capacity (1-7);53;53;14,41
3704;A;Increased Capacity (1-7);55;55;14,11
3705;A;Increased Capacity (1-7);55;55;13,53
3706;A;Increased Capacity (1-7);54;77;14,78
3707;A;Increased Capacity (1-7);61;39;12,92
3708;A;Increased Capacity (1-7);50;64;15,57
3709;A;Increased Capacity (1-7);58;58;14,55
3710;A;Increased Capacity (1-7);62;59;15,23
3711;A;Increased Capacity (1-7);55;43;13,21
3712;A;Increased Capacity (1-7);56;67;16,65
3713;A;Increased Capacity (1-7);59;63;14,87
3714;A;Increased Capacity (1-7);62;66;14,5
3715;A;Increased Capacity (1-7);54;51;14,17
3716;A;Increased Capacity (1-7);54;59;15,83
3717;A;Increased Capacity (1-7);57;49;14,86
3718;A;Increased Capacity (1-7);52;69;14,88
3719;A;Increased Capacity (1-7);48;71;16
3720;A;Increased Capacity (1-7);54;73;15,83
3721;A;Increased Capacity (1-7);55;64;14,84
3722;A;Increased Capacity (1-7);59;63;11,83
3723;A;Increased Capacity (1-7);57;62;14,81
3724;A;Increased Capacity (1-7);56;57;14,9
3725;A;Increased Capacity (1-7);55;63;14,79
3726;A;Increased Capacity (1-7);61;61;12,92
3727;A;Increased Capacity (1-7);61;61;15,44
3728;A;Increased Capacity (1-7);60;61;14,79
3729;A;Increased Capacity (1-7);55;66;15,11
3730;A;Increased Capacity (1-7);57;57;13,57
3731;A;Increased Capacity (1-7);57;47;14,76
3732;A;Increased Capacity (1-7);56;46;13,3
3733;A;Increased Capacity (1-7);54;57;14,44
3734;A;Increased Capacity (1-7);56;66;13,3
3735;A;Increased Capacity (1-7);52;61;14,56
3736;A;Increased Capacity (1-7);56;59;12,9
3737;A;Increased Capacity (1-7);52;86;15,62
3738;A;Increased Capacity (1-7);59;51;13,52
3739;A;Increased Capacity (1-7);58;63;14,41
3740;A;Increased Capacity (1-7);57;54;14,1
3741;A;Increased Capacity (1-7);62;55;13,81
3742;A;Increased Capacity (1-7);53;63;15,94
3743;A;Increased Capacity (1-7);61;58;12,44
3744;A;Increased Capacity (1-7);52;71;15,5
3745;A;Increased Capacity (1-7);63;51;13,48
3746;A;Increased Capacity (1-7);50;75;16,64
3747;A;Increased Capacity (1-7);58;47;14,86
3748;A;Increased Capacity (1-7);60;73;14,42
3749;A;Increased Capacity (1-7);53;56;14,24
3750;A;Increased Capacity (1-7);58;54;14,05
3751;A;Increased Capacity (1-7);59;46;14,17
3752;A;Increased Capacity (1-7);62;41;13,85
3753;A;Increased Capacity (1-7);54;61;15
3754;A;Increased Capacity (1-7);57;54;13
3755;A;Increased Capacity (1-7);54;63;14,17
3756;A;Increased Capacity (1-7);54;63;14,83
3757;A;Increased Capacity (1-7);57;56;14,05
3758;A;Increased Capacity (1-7);56;60;13
3759;A;Increased Capacity (1-7);65;53;12,72
3760;A;Increased Capacity (1-7);58;75;14,86
3761;A;Increased Capacity (1-7);47;73;18
3762;A;Increased Capacity (1-7);58;67;15,55
3763;A;Increased Capacity (1-7);53;71;15,71
3764;A;Increased Capacity (1-7);51;77;16,4
3765;A;Increased Capacity (1-7);59;55;14,22
3766;A;Increased Capacity (1-7);54;66;15,78
3767;A;Increased Capacity (1-7);51;74;16,93
3768;A;Increased Capacity (1-7);51;78;16,33
3769;A;Increased Capacity (1-7);63;36;14,48
3770;A;Increased Capacity (1-7);52;58;14,5
3771;A;Increased Capacity (1-7);56;57;12,85
3772;A;Increased Capacity (1-7);58;62;13,91
3773;A;Increased Capacity (1-7);58;57;12,64
3774;A;Increased Capacity (1-7);57;57;13,62
3775;A;Increased Capacity (1-7);58;54;13,86
3776;A;Increased Capacity (1-7);53;60;13,76
3777;A;Increased Capacity (1-7);52;60;15,38
3778;A;Increased Capacity (1-7);57;72;13,48
3779;A;Increased Capacity (1-7);54;62;17,5
3780;A;Increased Capacity (1-7);57;64;14,19
3781;A;Increased Capacity (1-7);59;61;13,7
3782;A;Increased Capacity (1-7);55;54;13,47
3783;A;Increased Capacity (1-7);54;34;13,22
3784;A;Increased Capacity (1-7);59;71;15,22
3785;A;Increased Capacity (1-7);47;79;16,36
3786;A;Increased Capacity (1-7);53;63;14,94
3787;A;Increased Capacity (1-7);63;60;15,85
3788;A;Increased Capacity (1-7);58;58;15,36
3789;A;Increased Capacity (1-7);59;66;14,91
3790;A;Increased Capacity (1-7);57;55;15,48
3791;A;Increased Capacity (1-7);56;55;14,8
3792;A;Increased Capacity (1-7);55;72;14,58
3793;A;Increased Capacity (1-7);59;69;14,39
3794;A;Increased Capacity (1-7);53;62;13,12
3795;A;Increased Capacity (1-7);54;61;14,22
3796;A;Increased Capacity (1-7);54;82;15,5
3797;A;Increased Capacity (1-7);58;57;14,27
3798;A;Increased Capacity (1-7);51;58;15,4
3799;A;Increased Capacity (1-7);57;55;14,14
3800;A;Increased Capacity (1-7);56;47;14,6
3801;A;Increased Capacity (1-7);63;59;14,52
3802;A;Increased Capacity (1-7);56;46;13,95
3803;A;Increased Capacity (1-7);55;61;15,68
3804;A;Increased Capacity (1-7);58;65;14,55
3805;A;Increased Capacity (1-7);56;49;14,6
3806;A;Increased Capacity (1-7);56;56;14,25
3807;A;Increased Capacity (1-7);53;65;15,94
3808;A;Increased Capacity (1-7);53;60;15,76
3809;A;Increased Capacity (1-7);62;64;13,08
3810;A;Increased Capacity (1-7);57;46;12,9
3811;A;Increased Capacity (1-7);53;58;15,65
3812;A;Increased Capacity (1-7);49;68;17
3813;A;Increased Capacity (1-7);51;64;16,47
3814;A;Increased Capacity (1-7);53;56;13,47
3815;A;Increased Capacity (1-7);63;53;14,19
3816;A;Increased Capacity (1-7);51;57;16,67
3817;A;Increased Capacity (1-7);54;68;14,5
3818;A;Increased Capacity (1-7);61;60;14,4
3819;A;Increased Capacity (1-7);55;51;14,37
3820;A;Increased Capacity (1-7);54;70;15,11
3821;A;Increased Capacity (1-7);54;56;15,78
3822;A;Increased Capacity (1-7);49;61;14,38
3823;A;Increased Capacity (1-7);54;46;13,44
3824;A;Increased Capacity (1-7);61;58;15,16
3825;A;Increased Capacity (1-7);53;67;16,35
3826;A;Increased Capacity (1-7);54;66;15,06
3827;A;Increased Capacity (1-7);47;73;15,45
3828;A;Increased Capacity (1-7);53;46;13,29
3829;A;Increased Capacity (1-7);58;58;14,59
3830;A;Increased Capacity (1-7);56;56;13
3831;A;Increased Capacity (1-7);54;68;14,78
3832;A;Increased Capacity (1-7);56;68;15,75
3833;A;Increased Capacity (1-7);60;43;14,25
3834;A;Increased Capacity (1-7);52;63;16,25
3835;A;Increased Capacity (1-7);50;70;15,14
3836;A;Increased Capacity (1-7);58;47;16,14
3837;A;Increased Capacity (1-7);62;45;13,85
3838;A;Increased Capacity (1-7);56;63;14,65
3839;A;Increased Capacity (1-7);54;65;14,11
3840;A;Increased Capacity (1-7);59;55;15
3841;A;Increased Capacity (1-7);61;60;14,28
3842;A;Increased Capacity (1-7);51;68;15,53
3843;A;Increased Capacity (1-7);57;69;14,67
3844;A;Increased Capacity (1-7);50;75;15,14
3845;A;Increased Capacity (1-7);55;47;14,26
3846;A;Increased Capacity (1-7);54;63;14,17
3847;A;Increased Capacity (1-7);54;55;13,94
3848;A;Increased Capacity (1-7);55;58;14,37
3849;A;Increased Capacity (1-7);53;59;14,29
3850;A;Increased Capacity (1-7);55;53;14,37
3851;A;Increased Capacity (1-7);47;72;18,09
3852;A;Increased Capacity (1-7);60;51;13,83
3853;A;Increased Capacity (1-7);53;60;13,12
3854;A;Increased Capacity (1-7);55;65;13,79
3855;A;Increased Capacity (1-7);56;69;14,45
3856;A;Increased Capacity (1-7);51;71;16,6
3857;A;Increased Capacity (1-7);53;66;15,76
3858;A;Increased Capacity (1-7);57;56;12,86
3859;A;Increased Capacity (1-7);54;57;16,17
3860;A;Increased Capacity (1-7);57;57;14,43
3861;A;Increased Capacity (1-7);54;65;14,39
3862;A;Increased Capacity (1-7);52;60;15,81
3863;A;Increased Capacity (1-7);60;68;15,04
3864;A;Increased Capacity (1-7);53;64;14,12
3865;A;Increased Capacity (1-7);57;65;15,9
3866;A;Increased Capacity (1-7);56;59;14,4
3867;A;Increased Capacity (1-7);56;65;13,2
3868;A;Increased Capacity (1-7);60;47;13,54
3869;A;Increased Capacity (1-7);55;60;14,58
3870;A;Increased Capacity (1-7);55;67;15,21
3871;A;Increased Capacity (1-7);54;57;14,67
3872;A;Increased Capacity (1-7);60;70;13,67
3873;A;Increased Capacity (1-7);50;75;15,29
3874;A;Increased Capacity (1-7);59;55;13,35
3875;A;Increased Capacity (1-7);53;76;15,47
3876;A;Increased Capacity (1-7);54;55;13,28
3877;A;Increased Capacity (1-7);61;53;13,24
3878;A;Increased Capacity (1-7);44;69;17,62
3879;A;Increased Capacity (1-7);60;57;15,71
3880;A;Increased Capacity (1-7);52;77;17,31
3881;A;Increased Capacity (1-7);56;61;13,75
3882;A;Increased Capacity (1-7);57;64;14,43
3883;A;Increased Capacity (1-7);52;81;15,94
3884;A;Increased Capacity (1-7);56;68;15,3
3885;A;Increased Capacity (1-7);51;60;13,87
3886;A;Increased Capacity (1-7);55;53;14,47
3887;A;Increased Capacity (1-7);57;54;14,62
3888;A;Increased Capacity (1-7);54;61;14,33
3889;A;Increased Capacity (1-7);56;65;15,5
3890;A;Increased Capacity (1-7);55;60;14,26
3891;A;Increased Capacity (1-7);46;73;14,7
3892;A;Increased Capacity (1-7);52;61;14,94
3893;A;Increased Capacity (1-7);60;73;14,75
3894;A;Increased Capacity (1-7);56;65;13,95
3895;A;Increased Capacity (1-7);49;67;15,38
3896;A;Increased Capacity (1-7);53;59;16,12
3897;A;Increased Capacity (1-7);61;54;14,76
3898;A;Increased Capacity (1-7);53;65;14,53
3899;A;Increased Capacity (1-7);52;70;15,75
3900;A;Increased Capacity (1-7);58;45;14,27
3901;A;Increased Capacity (1-7);58;53;14,32
3902;A;Increased Capacity (1-7);54;69;14,22
3903;A;Increased Capacity (1-7);63;52;13,56
3904;A;Increased Capacity (1-7);56;61;13,95
3905;A;Increased Capacity (1-7);58;61;11,68
3906;A;Increased Capacity (1-7);55;72;16,42
3907;A;Increased Capacity (1-7);51;56;14,8
3908;A;Increased Capacity (1-7);54;58;15,17
3909;A;Increased Capacity (1-7);61;61;14,36
3910;A;Increased Capacity (1-7);59;54;15,04
3911;A;Increased Capacity (1-7);58;59;13,77
3912;A;Increased Capacity (1-7);56;70;15
3913;A;Increased Capacity (1-7);60;46;14,96
3914;A;Increased Capacity (1-7);56;51;13,1
3915;A;Increased Capacity (1-7);60;46;13,46
3916;A;Increased Capacity (1-7);57;59;14,9
3917;A;Increased Capacity (1-7);53;56;15,24
3918;A;Increased Capacity (1-7);61;49;13,4
3919;A;Increased Capacity (1-7);51;42;12,73
3920;A;Increased Capacity (1-7);60;50;12,88
3921;A;Increased Capacity (1-7);53;78;16,71
3922;A;Increased Capacity (1-7);62;48;13,5
3923;A;Increased Capacity (1-7);53;71;16,24
3924;A;Increased Capacity (1-7);60;65;12,71
3925;A;Increased Capacity (1-7);63;70;13,78
3926;A;Increased Capacity (1-7);53;63;15,65
3927;A;Increased Capacity (1-7);62;51;13,31
3928;A;Increased Capacity (1-7);53;74;15,18
3929;A;Increased Capacity (1-7);59;67;14,35
3930;A;Increased Capacity (1-7);57;44;11,9
3931;A;Increased Capacity (1-7);54;65;15
3932;A;Increased Capacity (1-7);58;51;13,36
3933;A;Increased Capacity (1-7);53;69;15,47
3934;A;Increased Capacity (1-7);63;48;12,96
3935;A;Increased Capacity (1-7);55;49;12,68
3936;A;Increased Capacity (1-7);62;47;13,08
3937;A;Increased Capacity (1-7);58;47;13,86
3938;A;Increased Capacity (1-7);57;63;14,14
3939;A;Increased Capacity (1-7);52;59;17,25
3940;A;Increased Capacity (1-7);51;48;16,2
3941;A;Increased Capacity (1-7);53;55;12,82
3942;A;Increased Capacity (1-7);55;51;15,16
3943;A;Increased Capacity (1-7);60;51;13,71
3944;A;Increased Capacity (1-7);58;47;14
3945;A;Increased Capacity (1-7);52;84;15,69
3946;A;Increased Capacity (1-7);60;67;14,58
3947;A;Increased Capacity (1-7);59;57;13,52
3948;A;Increased Capacity (1-7);57;49;15,19
3949;A;Increased Capacity (1-7);60;55;15,71
3950;A;Increased Capacity (1-7);56;63;14,9
3951;A;Increased Capacity (1-7);50;66;16,57
3952;A;Increased Capacity (1-7);59;46;12,48
3953;A;Increased Capacity (1-7);58;53;13,91
3954;A;Increased Capacity (1-7);56;49;13,95
3955;A;Increased Capacity (1-7);52;59;15,69
3956;A;Increased Capacity (1-7);55;58;13,95
3957;A;Increased Capacity (1-7);51;58;15,4
3958;A;Increased Capacity (1-7);54;62;13,33
3959;A;Increased Capacity (1-7);64;49;14,29
3960;A;Increased Capacity (1-7);57;72;14,14
3961;A;Increased Capacity (1-7);60;51;14,83
3962;A;Increased Capacity (1-7);61;53;14,56
3963;A;Increased Capacity (1-7);58;75;13,82
3964;A;Increased Capacity (1-7);54;66;16,17
3965;A;Increased Capacity (1-7);57;46;12,76
3966;A;Increased Capacity (1-7);51;59;16,67
3967;A;Increased Capacity (1-7);60;59;14,42
3968;A;Increased Capacity (1-7);60;44;12,5
3969;A;Increased Capacity (1-7);54;47;15,22
3970;A;Increased Capacity (1-7);55;74;15,37
3971;A;Increased Capacity (1-7);59;62;13,7
3972;A;Increased Capacity (1-7);58;59;14,64
3973;A;Increased Capacity (1-7);57;67;14,1
3974;A;Increased Capacity (1-7);57;65;14,05
3975;A;Increased Capacity (1-7);62;57;14,31
3976;A;Increased Capacity (1-7);55;58;15,68
3977;A;Increased Capacity (1-7);61;54;15,08
3978;A;Increased Capacity (1-7);58;61;12,86
3979;A;Increased Capacity (1-7);52;62;15
3980;A;Increased Capacity (1-7);59;62;13,96
3981;A;Increased Capacity (1-7);52;66;14,88
3982;A;Increased Capacity (1-7);54;57;14,17
3983;A;Increased Capacity (1-7);57;66;14,38
3984;A;Increased Capacity (1-7);51;66;13,27
3985;A;Increased Capacity (1-7);61;55;13,64
3986;A;Increased Capacity (1-7);59;66;14,96
3987;A;Increased Capacity (1-7);53;47;15,41
3988;A;Increased Capacity (1-7);58;60;13,45
3989;A;Increased Capacity (1-7);52;71;15,38
3990;A;Increased Capacity (1-7);55;53;15,11
3991;A;Increased Capacity (1-7);52;53;15,12
3992;A;Increased Capacity (1-7);52;76;16,06
3993;A;Increased Capacity (1-7);53;66;16,47
3994;A;Increased Capacity (1-7);49;59;15,54
3995;A;Increased Capacity (1-7);59;53;14,74
3996;A;Increased Capacity (1-7);58;66;14,55
3997;A;Increased Capacity (1-7);57;38;14,57
3998;A;Increased Capacity (1-7);62;74;15,35
3999;A;Increased Capacity (1-7);57;60;13,52
4000;A;Increased Capacity (1-7);64;54;14,46
4001;A;Increased Capacity (1-7);54;68;15,39
4002;A;Increased Capacity (1-7);51;63;15,8
4003;A;Increased Capacity (1-7);63;53;14
4004;A;Increased Capacity (1-7);60;56;14,62
4005;A;Increased Capacity (1-7);60;62;15,33
4006;A;Increased Capacity (1-7);62;61;13,85
4007;A;Increased Capacity (1-7);54;53;15,17
4008;A;Increased Capacity (1-7);54;63;14,72
4009;A;Increased Capacity (1-7);57;54;14,48
4010;A;Increased Capacity (1-7);61;47;13,48
4011;A;Increased Capacity (1-7);59;44;12,57
4012;A;Increased Capacity (1-7);62;65;14
4013;A;Increased Capacity (1-7);53;43;13,24
4014;A;Increased Capacity (1-7);52;63;14,81
4015;A;Increased Capacity (1-7);55;53;13,37
4016;A;Increased Capacity (1-7);57;74;15,43
4017;A;Increased Capacity (1-7);52;71;13,38
4018;A;Increased Capacity (1-7);58;60;13,82
4019;A;Increased Capacity (1-7);62;62;15,46
4020;A;Increased Capacity (1-7);59;58;12,48
4021;A;Increased Capacity (1-7);57;61;15,57
4022;A;Increased Capacity (1-7);60;58;14,38
4023;A;Increased Capacity (1-7);56;66;14,1
4024;A;Increased Capacity (1-7);58;70;15,77
4025;A;Increased Capacity (1-7);51;85;16,4
4026;A;Increased Capacity (1-7);56;43;13,8
4027;A;Increased Capacity (1-7);62;39;12,54
4028;A;Increased Capacity (1-7);57;56;14,29
4029;A;Increased Capacity (1-7);61;57;15
4030;A;Increased Capacity (1-7);54;74;15,44
4031;A;Increased Capacity (1-7);59;66;14
4032;A;Increased Capacity (1-7);57;53;14,62
4033;A;Increased Capacity (1-7);53;57;15,76
4034;A;Increased Capacity (1-7);50;45;15,36
4035;A;Increased Capacity (1-7);55;55;15,26
4036;A;Increased Capacity (1-7);55;55;12,79
4037;A;Increased Capacity (1-7);52;81;16,25
4038;A;Increased Capacity (1-7);56;53;15,35
4039;A;Increased Capacity (1-7);65;55;12,97
4040;A;Increased Capacity (1-7);52;65;14,44
4041;A;Increased Capacity (1-7);62;49;14,28
4042;A;Increased Capacity (1-7);57;71;15,14
4043;A;Increased Capacity (1-7);52;56;16,56
4044;A;Increased Capacity (1-7);66;42;13,47
4045;A;Increased Capacity (1-7);62;63;14,38
4046;A;Increased Capacity (1-7);56;55;15,35
4047;A;Increased Capacity (1-7);50;64;16,64
4048;A;Increased Capacity (1-7);54;58;16,11
4049;A;Increased Capacity (1-7);60;64;13,92
4050;A;Increased Capacity (1-7);51;59;16,07
4051;A;Increased Capacity (1-7);57;49;13,95
4052;A;Increased Capacity (1-7);58;70;15,59
4053;A;Increased Capacity (1-7);50;60;15,71
4054;A;Increased Capacity (1-7);57;46;12,9
4055;A;Increased Capacity (1-7);52;58;15,56
4056;A;Increased Capacity (1-7);53;58;15,29
4057;A;Increased Capacity (1-7);54;62;14,72
4058;A;Increased Capacity (1-7);56;73;14,85
4059;A;Increased Capacity (1-7);55;61;15,21
4060;A;Increased Capacity (1-7);59;53;15,22
4061;A;Increased Capacity (1-7);60;48;13,88
4062;A;Increased Capacity (1-7);55;53;15,47
4063;A;Increased Capacity (1-7);62;66;14,54
4064;A;Increased Capacity (1-7);62;54;14,77
4065;A;Increased Capacity (1-7);57;36;11,1
4066;A;Increased Capacity (1-7);59;59;14,17
4067;A;Increased Capacity (1-7);55;67;13,37
4068;A;Increased Capacity (1-7);57;55;12,76
4069;A;Increased Capacity (1-7);57;51;13,67
4070;A;Increased Capacity (1-7);58;62;15,68
4071;A;Increased Capacity (1-7);61;55;13,28
4072;A;Increased Capacity (1-7);54;52;14,28
4073;A;Increased Capacity (1-7);55;77;15,53
4074;A;Increased Capacity (1-7);57;64;15,19
4075;A;Increased Capacity (1-7);53;72;15,94
4076;A;Increased Capacity (1-7);52;72;14,81
4077;A;Increased Capacity (1-7);57;62;15,19
4078;A;Increased Capacity (1-7);59;70;15,57
4079;A;Increased Capacity (1-7);54;76;15,61
4080;A;Increased Capacity (1-7);57;46;14,43
4081;A;Increased Capacity (1-7);56;57;13,95
4082;A;Increased Capacity (1-7);48;72;16,08
4083;A;Increased Capacity (1-7);61;47;14,04
4084;A;Increased Capacity (1-7);54;65;14,5
4085;A;Increased Capacity (1-7);53;57;16
4086;A;Increased Capacity (1-7);56;64;14,95
4087;A;Increased Capacity (1-7);59;44;12,13
4088;A;Increased Capacity (1-7);51;67;16,53
4089;A;Increased Capacity (1-7);58;54;13,82
4090;A;Increased Capacity (1-7);56;71;13,55
4091;A;Increased Capacity (1-7);60;56;14,96
4092;A;Increased Capacity (1-7);47;66;17,27
4093;A;Increased Capacity (1-7);52;60;14,06
4094;A;Increased Capacity (1-7);61;63;15,12
4095;A;Increased Capacity (1-7);51;70;17,47
4096;A;Increased Capacity (1-7);55;64;15,05
4097;A;Increased Capacity (1-7);63;57;13,15
4098;A;Increased Capacity (1-7);60;47;12,71
4099;A;Increased Capacity (1-7);55;54;13,11
4100;A;Increased Capacity (1-7);58;48;14,27
4101;A;Increased Capacity (1-7);53;47;15,53
4102;A;Increased Capacity (1-7);58;74;14,86
4103;A;Increased Capacity (1-7);57;71;14,95
4104;A;Increased Capacity (1-7);63;61;14,04
4105;A;Increased Capacity (1-7);49;85;14,85
4106;A;Increased Capacity (1-7);50;65;15,07
4107;A;Increased Capacity (1-7);58;52;12,23
4108;A;Increased Capacity (1-7);51;66;13,27
4109;A;Increased Capacity (1-7);61;53;15,08
4110;A;Increased Capacity (1-7);55;54;14,16
4111;A;Increased Capacity (1-7);58;42;14,59
4112;A;Increased Capacity (1-7);50;46;15,5
4113;A;Increased Capacity (1-7);52;43;15,12
4114;A;Increased Capacity (1-7);57;59;14,71
4115;A;Increased Capacity (1-7);57;65;15,33
4116;A;Increased Capacity (1-7);47;69;16,91
4117;A;Increased Capacity (1-7);60;49;14,54
4118;A;Increased Capacity (1-7);53;61;15,35
4119;A;Increased Capacity (1-7);55;51;13,05
4120;A;Increased Capacity (1-7);51;71;15,27
4121;A;Increased Capacity (1-7);52;70;16,62
4122;A;Increased Capacity (1-7);59;50;14,3
4123;A;Increased Capacity (1-7);61;38;13,04
4124;A;Increased Capacity (1-7);54;69;14,33
4125;A;Increased Capacity (1-7);57;56;15,9
4126;A;Increased Capacity (1-7);49;71;15,92
4127;A;Increased Capacity (1-7);62;61;13,77
4128;A;Increased Capacity (1-7);55;66;15,47
4129;A;Increased Capacity (1-7);60;48;14
4130;A;Increased Capacity (1-7);63;67;14,56
4131;A;Increased Capacity (1-7);63;38;13,67
4132;A;Increased Capacity (1-7);55;57;15,11
4133;A;Increased Capacity (1-7);53;68;14,65
4134;A;Increased Capacity (1-7);52;54;15,5
4135;A;Increased Capacity (1-7);55;65;16,53
4136;A;Increased Capacity (1-7);50;81;15,57
4137;A;Increased Capacity (1-7);55;56;13,74
4138;A;Increased Capacity (1-7);54;41;15,5
4139;A;Increased Capacity (1-7);55;76;14,37
4140;A;Increased Capacity (1-7);56;62;14,65
4141;A;Increased Capacity (1-7);57;46;14,14
4142;A;Increased Capacity (1-7);59;66;14,52
4143;A;Increased Capacity (1-7);53;56;17,47
4144;A;Increased Capacity (1-7);55;76;14,53
4145;A;Increased Capacity (1-7);56;62;15,35
4146;A;Increased Capacity (1-7);58;46;12,86
4147;A;Increased Capacity (1-7);58;62;15,73
4148;A;Increased Capacity (1-7);54;65;15,33
4149;A;Increased Capacity (1-7);61;58;15,16
4150;A;Increased Capacity (1-7);59;57;13,3
4151;A;Increased Capacity (1-7);56;56;15,85
4152;A;Increased Capacity (1-7);61;55;13,24
4153;A;Increased Capacity (1-7);61;62;13,44
4154;A;Increased Capacity (1-7);59;62;13,74
4155;A;Increased Capacity (1-7);57;68;13,14
4156;A;Increased Capacity (1-7);54;52;16,5
4157;A;Increased Capacity (1-7);57;55;14,52
4158;A;Increased Capacity (1-7);53;51;14,82
4159;A;Increased Capacity (1-7);48;63;16,67
4160;A;Increased Capacity (1-7);58;64;16,64
4161;A;Increased Capacity (1-7);59;51;13,26
4162;A;Increased Capacity (1-7);60;64;15,25
4163;A;Increased Capacity (1-7);52;71;14,5
4164;A;Increased Capacity (1-7);57;41;11,86
4165;A;Increased Capacity (1-7);57;56;15,76
4166;A;Increased Capacity (1-7);55;60;14,05
4167;A;Increased Capacity (1-7);46;64;16
4168;A;Increased Capacity (1-7);49;56;15,69
4169;A;Increased Capacity (1-7);56;66;14,2
4170;A;Increased Capacity (1-7);51;66;15,87
4171;A;Increased Capacity (1-7);55;67;15,16
4172;A;Increased Capacity (1-7);56;47;13,6
4173;A;Increased Capacity (1-7);53;68;14,06
4174;A;Increased Capacity (1-7);54;49;14,83
4175;A;Increased Capacity (1-7);59;49;14,48
4176;A;Increased Capacity (1-7);61;39;13,36
4177;A;Increased Capacity (1-7);51;69;16
4178;A;Increased Capacity (1-7);56;48;12,8
4179;A;Increased Capacity (1-7);53;69;16,59
4180;A;Increased Capacity (1-7);60;59;13,54
4181;A;Increased Capacity (1-7);55;44;13,84
4182;A;Increased Capacity (1-7);53;74;17
4183;A;Increased Capacity (1-7);63;61;13,7
4184;A;Increased Capacity (1-7);64;51;13,11
4185;A;Increased Capacity (1-7);52;65;15,56
4186;A;Increased Capacity (1-7);51;73;16,6
4187;A;Increased Capacity (1-7);57;62;15,9
4188;A;Increased Capacity (1-7);58;51;13,45
4189;A;Increased Capacity (1-7);49;43;15,08
4190;A;Increased Capacity (1-7);61;55;12,88
4191;A;Increased Capacity (1-7);55;68;13,21
4192;A;Increased Capacity (1-7);54;59;15,94
4193;A;Increased Capacity (1-7);59;56;15,52
4194;A;Increased Capacity (1-7);55;61;14,89
4195;A;Increased Capacity (1-7);56;55;13,25
4196;A;Increased Capacity (1-7);56;62;14
4197;A;Increased Capacity (1-7);56;81;13,8
4198;A;Increased Capacity (1-7);57;51;14,48
4199;A;Increased Capacity (1-7);53;41;13,71
4200;A;Increased Capacity (1-7);58;41;14,05
4201;A;Increased Capacity (1-7);51;69;16,93
4202;A;Increased Capacity (1-7);52;68;15,06
4203;A;Increased Capacity (1-7);52;73;16,25
4204;A;Increased Capacity (1-7);64;55;13,75
4205;A;Increased Capacity (1-7);58;64;14,91
4206;A;Increased Capacity (1-7);53;74;15,24
4207;A;Increased Capacity (1-7);52;55;16,19
4208;A;Increased Capacity (1-7);59;43;12
4209;A;Increased Capacity (1-7);60;58;13,79
4210;A;Increased Capacity (1-7);52;52;16,19
4211;A;Increased Capacity (1-7);56;81;16,1
4212;A;Increased Capacity (1-7);58;53;15,45
4213;A;Increased Capacity (1-7);60;37;13,67
4214;A;Increased Capacity (1-7);48;64;14,92
4215;A;Increased Capacity (1-7);54;56;16,28
4216;A;Increased Capacity (1-7);55;64;14,95
4217;A;Increased Capacity (1-7);56;72;15,35
4218;A;Increased Capacity (1-7);55;53;15,68
4219;A;Increased Capacity (1-7);54;72;15,5
4220;A;Increased Capacity (1-7);58;57;13,68
4221;A;Increased Capacity (1-7);61;62;15,08
4222;A;Increased Capacity (1-7);54;59;15,44
4223;A;Increased Capacity (1-7);56;54;14,55
4224;A;Increased Capacity (1-7);58;64;14,05
4225;A;Increased Capacity (1-7);51;68;15,87
4226;A;Increased Capacity (1-7);59;64;14,17
4227;A;Increased Capacity (1-7);56;68;15,85
4228;A;Increased Capacity (1-7);58;52;13,91
4229;A;Increased Capacity (1-7);57;65;14,62
4230;A;Increased Capacity (1-7);56;60;16
4231;A;Increased Capacity (1-7);59;50;14,7
4232;A;Increased Capacity (1-7);59;60;14,3
4233;A;Increased Capacity (1-7);58;51;14,5
4234;A;Increased Capacity (1-7);57;48;12,95
4235;A;Increased Capacity (1-7);54;61;13,56
4236;A;Increased Capacity (1-7);51;65;17,07
4237;A;Increased Capacity (1-7);54;73;14,22
4238;A;Increased Capacity (1-7);60;71;15,54
4239;A;Increased Capacity (1-7);55;61;15,32
4240;A;Increased Capacity (1-7);54;73;14,72
4241;A;Increased Capacity (1-7);58;46;13,18
4242;A;Increased Capacity (1-7);49;71;16,85
4243;A;Increased Capacity (1-7);60;51;14,38
4244;A;Increased Capacity (1-7);55;72;15,95
4245;A;Increased Capacity (1-7);64;63;14,39
4246;A;Increased Capacity (1-7);53;64;13,88
4247;A;Increased Capacity (1-7);46;73;16,1
4248;A;Increased Capacity (1-7);53;73;14
4249;A;Increased Capacity (1-7);55;40;12,53
4250;A;Increased Capacity (1-7);52;65;14,44
4251;A;Increased Capacity (1-7);61;47;13,04
4252;A;Increased Capacity (1-7);58;82;15,45
4253;A;Increased Capacity (1-7);58;46;14,59
4254;A;Increased Capacity (1-7);58;60;13,73
4255;A;Increased Capacity (1-7);56;46;13,85
4256;A;Increased Capacity (1-7);52;63;15,12
4257;A;Increased Capacity (1-7);58;58;13,5
4258;A;Increased Capacity (1-7);56;66;13,5
4259;A;Increased Capacity (1-7);57;66;14,38
4260;A;Increased Capacity (1-7);63;49;12,7
4261;A;Increased Capacity (1-7);58;53;13,82
4262;A;Increased Capacity (1-7);56;49;13,1
4263;A;Increased Capacity (1-7);57;48;15,81
4264;A;Increased Capacity (1-7);52;50;14,56
4265;A;Increased Capacity (1-7);51;57;15,27
4266;A;Increased Capacity (1-7);55;44;14,32
4267;A;Increased Capacity (1-7);51;60;16,53
4268;A;Increased Capacity (1-7);55;52;13,84
4269;A;Increased Capacity (1-7);50;65;17,29
4270;A;Increased Capacity (1-7);55;67;13,63
4271;A;Increased Capacity (1-7);54;52;14,17
4272;A;Increased Capacity (1-7);58;54;13,55
4273;A;Increased Capacity (1-7);58;61;14,05
4274;A;Increased Capacity (1-7);56;58;14,35
4275;A;Increased Capacity (1-7);61;48;12,36
4276;A;Increased Capacity (1-7);55;77;15,16
4277;A;Increased Capacity (1-7);57;66;15,48
4278;A;Increased Capacity (1-7);62;45;13,31
4279;A;Increased Capacity (1-7);58;65;14,91
4280;A;Increased Capacity (1-7);54;40;14,78
4281;A;Increased Capacity (1-7);55;60;13,95
4282;A;Increased Capacity (1-7);53;67;14,29
4283;A;Increased Capacity (1-7);59;47;14
4284;A;Increased Capacity (1-7);62;56;13,62
4285;A;Increased Capacity (1-7);54;63;14,06
4286;A;Increased Capacity (1-7);57;54;14,67
4287;A;Increased Capacity (1-7);54;71;15,17
4288;A;Increased Capacity (1-7);52;62;16,88
4289;A;Increased Capacity (1-7);48;61;17,25
4290;A;Increased Capacity (1-7);55;61;15,32
4291;A;Increased Capacity (1-7);51;59;13,93
4292;A;Increased Capacity (1-7);55;59;13,53
4293;A;Increased Capacity (1-7);50;70;16,21
4294;A;Increased Capacity (1-7);57;50;15,38
4295;A;Increased Capacity (1-7);59;59;15,3
4296;A;Increased Capacity (1-7);56;53;12,6
4297;A;Increased Capacity (1-7);56;58;15,55
4298;A;Increased Capacity (1-7);53;55;15,29
4299;A;Increased Capacity (1-7);56;46;13,6
4300;A;Increased Capacity (1-7);54;67;16,33
4301;A;Increased Capacity (1-7);61;51;15,17
4302;A;Increased Capacity (1-7);52;55;16,94
4303;A;Increased Capacity (1-7);56;67;16,1
4304;A;Increased Capacity (1-7);54;61;16,56
4305;A;Increased Capacity (1-7);62;53;14,35
4306;A;Increased Capacity (1-7);52;67;15,5
4307;A;Increased Capacity (1-7);54;67;14,94
4308;A;Increased Capacity (1-7);56;61;14,8
4309;A;Increased Capacity (1-7);58;61;14,64
4310;A;Increased Capacity (1-7);58;54;12,91
4311;A;Increased Capacity (1-7);54;68;15,61
4312;A;Increased Capacity (1-7);53;50;13,29
4313;A;Increased Capacity (1-7);57;64;13,67
4314;A;Increased Capacity (1-7);54;72;14,89
4315;A;Increased Capacity (1-7);62;55;14,46
4316;A;Increased Capacity (1-7);56;51;13,05
4317;A;Increased Capacity (1-7);61;41;13,2
4318;A;Increased Capacity (1-7);54;50;12,83
4319;A;Increased Capacity (1-7);55;61;15,05
4320;A;Increased Capacity (1-7);53;68;16,12
4321;A;Increased Capacity (1-7);56;42;15
4322;A;Increased Capacity (1-7);58;66;14,23
4323;A;Increased Capacity (1-7);61;47;13
4324;A;Increased Capacity (1-7);51;72;15,93
4325;A;Increased Capacity (1-7);64;43;13,71
4326;A;Increased Capacity (1-7);57;67;14,24
4327;A;Increased Capacity (1-7);61;43;11,16
4328;A;Increased Capacity (1-7);64;49;12,86
4329;A;Increased Capacity (1-7);55;69;16,05
4330;A;Increased Capacity (1-7);60;60;12,71
4331;A;Increased Capacity (1-7);58;54;13,05
4332;A;Increased Capacity (1-7);53;70;15,88
4333;A;Increased Capacity (1-7);57;63;13,48
4334;A;Increased Capacity (1-7);54;70;15,44
4335;A;Increased Capacity (1-7);58;69;13,91
4336;A;Increased Capacity (1-7);54;69;15,39
4337;A;Increased Capacity (1-7);58;64;14,55
4338;A;Increased Capacity (1-7);58;56;14,59
4339;A;Increased Capacity (1-7);55;62;15,53
4340;A;Increased Capacity (1-7);56;82;15,8
4341;A;Increased Capacity (1-7);54;66;15,28
4342;A;Increased Capacity (1-7);57;65;14,19
4343;A;Increased Capacity (1-7);54;59;15
4344;A;Increased Capacity (1-7);54;68;15,56
4345;A;Increased Capacity (1-7);53;68;13,29
4346;A;Increased Capacity (1-7);58;59;14
4347;A;Increased Capacity (1-7);57;45;14,1
4348;A;Increased Capacity (1-7);53;72;16,88
4349;A;Increased Capacity (1-7);53;57;14,41
4350;A;Increased Capacity (1-7);53;65;12,94
4351;A;Increased Capacity (1-7);56;64;14,15
4352;A;Increased Capacity (1-7);63;61;13,52
4353;A;Increased Capacity (1-7);54;65;14,11
4354;A;Increased Capacity (1-7);58;68;15,91
4355;A;Increased Capacity (1-7);53;56;14,47
4356;A;Increased Capacity (1-7);59;54;13,96
4357;A;Increased Capacity (1-7);53;48;15,35
4358;A;Increased Capacity (1-7);53;65;15,47
4359;A;Increased Capacity (1-7);59;55;14,74
4360;A;Increased Capacity (1-7);49;54;17,38
4361;A;Increased Capacity (1-7);55;60;14,47
4362;A;Increased Capacity (1-7);55;80;15,16
4363;A;Increased Capacity (1-7);56;65;15,35
4364;A;Increased Capacity (1-7);51;73;15,27
4365;A;Increased Capacity (1-7);58;59;14,45
4366;A;Increased Capacity (1-7);56;74;15,45
4367;A;Increased Capacity (1-7);56;36;13,25
4368;A;Increased Capacity (1-7);53;52;13,76
4369;A;Increased Capacity (1-7);59;60;14,09
4370;A;Increased Capacity (1-7);58;51;12,09
4371;A;Increased Capacity (1-7);53;66;14,47
4372;A;Increased Capacity (1-7);56;72;14,7
4373;A;Increased Capacity (1-7);52;60;14,94
4374;A;Increased Capacity (1-7);57;66;15,57
4375;A;Increased Capacity (1-7);49;57;14,77
4376;A;Increased Capacity (1-7);57;62;15,14
4377;A;Increased Capacity (1-7);49;76;15,08
4378;A;Increased Capacity (1-7);55;64;14,89
4379;A;Increased Capacity (1-7);56;66;15,25
4380;A;Increased Capacity (1-7);56;66;13,9
4381;A;Increased Capacity (1-7);52;68;16,25
4382;A;Increased Capacity (1-7);54;61;14,44
4383;A;Increased Capacity (1-7);55;73;15,16
4384;A;Increased Capacity (1-7);55;66;16,05
4385;A;Increased Capacity (1-7);50;65;16,21
4386;A;Increased Capacity (1-7);57;65;13,19
4387;A;Increased Capacity (1-7);49;57;15,92
4388;A;Increased Capacity (1-7);62;54;13,81
4389;A;Increased Capacity (1-7);63;66;14,59
4390;A;Increased Capacity (1-7);51;56;14,93
4391;A;Increased Capacity (1-7);59;50;14,43
4392;A;Increased Capacity (1-7);53;75;15,47
4393;A;Increased Capacity (1-7);58;66;16,59
4394;A;Increased Capacity (1-7);52;65;15
4395;A;Increased Capacity (1-7);52;48;16,31
4396;A;Increased Capacity (1-7);66;55;14
4397;A;Increased Capacity (1-7);48;63;17,58
4398;A;Increased Capacity (1-7);53;52;15,65
4399;A;Increased Capacity (1-7);48;76;15,75
4400;A;Increased Capacity (1-7);56;68;15,5
4401;A;Increased Capacity (1-7);54;56;13,28
4402;A;Increased Capacity (1-7);59;54;13,22
4403;A;Increased Capacity (1-7);54;71;15,22
4404;A;Increased Capacity (1-7);59;56;13,26
4405;A;Increased Capacity (1-7);57;52;14,14
4406;A;Increased Capacity (1-7);61;64;15,2
4407;A;Increased Capacity (1-7);51;72;15
4408;A;Increased Capacity (1-7);56;43;12,6
4409;A;Increased Capacity (1-7);66;61;13,97
4410;A;Increased Capacity (1-7);55;52;13,42
4411;A;Increased Capacity (1-7);66;61;12,93
4412;A;Increased Capacity (1-7);46;62;16,9
4413;A;Increased Capacity (1-7);56;54;14,2
4414;A;Increased Capacity (1-7);52;48;14,75
4415;A;Increased Capacity (1-7);57;63;14,14
4416;A;Increased Capacity (1-7);54;77;16,06
4417;A;Increased Capacity (1-7);60;54;14,42
4418;A;Increased Capacity (1-7);61;46;13,36
4419;A;Increased Capacity (1-7);58;63;15,5
4420;A;Increased Capacity (1-7);53;73;17,76
4421;A;Increased Capacity (1-7);57;64;14,48
4422;A;Increased Capacity (1-7);57;51;13,48
4423;A;Increased Capacity (1-7);53;61;13,76
4424;A;Increased Capacity (1-7);55;62;14,05
4425;A;Increased Capacity (1-7);63;49;13,48
4426;A;Increased Capacity (1-7);62;49;12,5
4427;A;Increased Capacity (1-7);55;63;15,11
4428;A;Increased Capacity (1-7);54;66;14,28
4429;A;Increased Capacity (1-7);53;61;15,71
4430;A;Increased Capacity (1-7);54;67;16,06
4431;A;Increased Capacity (1-7);52;72;14,69
4432;A;Increased Capacity (1-7);58;55;13,91
4433;A;Increased Capacity (1-7);60;59;14,12
4434;A;Increased Capacity (1-7);54;53;11,83
4435;A;Increased Capacity (1-7);55;64;15,42
4436;A;Increased Capacity (1-7);57;67;15,1
4437;A;Increased Capacity (1-7);62;65;13,85
4438;A;Increased Capacity (1-7);54;42;11,56
4439;A;Increased Capacity (1-7);60;45;12,21
4440;A;Increased Capacity (1-7);60;52;13,88
4441;A;Increased Capacity (1-7);56;49;13,65
4442;A;Increased Capacity (1-7);53;75;14,59
4443;A;Increased Capacity (1-7);59;47;13,61
4444;A;Increased Capacity (1-7);60;58;14,17
4445;A;Increased Capacity (1-7);50;76;14,86
4446;A;Increased Capacity (1-7);54;78;16,11
4447;A;Increased Capacity (1-7);63;39;15,07
4448;A;Increased Capacity (1-7);56;57;14,5
4449;A;Increased Capacity (1-7);53;60;15
4450;A;Increased Capacity (1-7);52;65;16,75
4451;A;Increased Capacity (1-7);57;52;13,76
4452;A;Increased Capacity (1-7);54;40;12,83
4453;A;Increased Capacity (1-7);49;63;16,85
4454;A;Increased Capacity (1-7);55;60;14,68
4455;A;Increased Capacity (1-7);53;68;15,41
4456;A;Increased Capacity (1-7);58;48;14,41
4457;A;Increased Capacity (1-7);53;71;14,35
4458;A;Increased Capacity (1-7);56;49;15,7
4459;A;Increased Capacity (1-7);53;60;15,24
4460;A;Increased Capacity (1-7);45;60;16,78
4461;A;Increased Capacity (1-7);52;71;13,62
4462;A;Increased Capacity (1-7);58;75;14,5
4463;A;Increased Capacity (1-7);63;46;12,74
4464;A;Increased Capacity (1-7);59;58;14,52
4465;A;Increased Capacity (1-7);49;70;15,54
4466;A;Increased Capacity (1-7);59;70;14,3
4467;A;Increased Capacity (1-7);59;47;14,43
4468;A;Increased Capacity (1-7);50;70;15,07
4469;A;Increased Capacity (1-7);56;54;14
4470;A;Increased Capacity (1-7);57;74;14,67
4471;A;Increased Capacity (1-7);56;70;14,85
4472;A;Increased Capacity (1-7);56;61;13,95
4473;A;Increased Capacity (1-7);53;60;15,24
4474;A;Increased Capacity (1-7);53;51;12,24
4475;A;Increased Capacity (1-7);56;50;14,55
4476;A;Increased Capacity (1-7);58;59;14
4477;A;Increased Capacity (1-7);50;57;14,86
4478;A;Increased Capacity (1-7);65;56;13,31
4479;A;Increased Capacity (1-7);58;46;12
4480;A;Increased Capacity (1-7);56;59;16,55
4481;A;Increased Capacity (1-7);56;65;14,3
4482;A;Increased Capacity (1-7);60;69;14
4483;A;Increased Capacity (1-7);57;54;15,43
4484;A;Increased Capacity (1-7);57;52;13,81
4485;A;Increased Capacity (1-7);56;54;13,85
4486;A;Increased Capacity (1-7);54;71;14,44
4487;A;Increased Capacity (1-7);55;53;16,47
4488;A;Increased Capacity (1-7);46;62;17,5
4489;A;Increased Capacity (1-7);53;80;15,47
4490;A;Increased Capacity (1-7);58;65;16,41
4491;A;Increased Capacity (1-7);58;67;13,45
4492;A;Increased Capacity (1-7);53;68;15,94
4493;A;Increased Capacity (1-7);56;53;13,65
4494;A;Increased Capacity (1-7);55;58;16,05
4495;A;Increased Capacity (1-7);60;51;11,92
4496;A;Increased Capacity (1-7);51;73;14,53
4497;A;Increased Capacity (1-7);51;65;15,93
4498;A;Increased Capacity (1-7);57;75;14,19
4499;A;Increased Capacity (1-7);58;67;12,55
4500;A;Increased Capacity (1-7);54;83;15
4501;A;Increased Capacity (1-7);54;72;13,44
4502;A;Increased Capacity (1-7);57;75;15,71
4503;A;Increased Capacity (1-7);60;43;14,38
4504;A;Increased Capacity (1-7);56;58;15,15
4505;A;Increased Capacity (1-7);57;69;13,33
4506;A;Increased Capacity (1-7);55;65;14,16
4507;A;Increased Capacity (1-7);57;65;14,86
4508;A;Increased Capacity (1-7);55;73;14,79
4509;A;Increased Capacity (1-7);58;56;14,91
4510;A;Increased Capacity (1-7);52;57;14,81
4511;A;Increased Capacity (1-7);59;52;13,22
4512;A;Increased Capacity (1-7);60;72;14,54
4513;A;Increased Capacity (1-7);56;72;15,75
4514;A;Increased Capacity (1-7);58;53;15,55
4515;A;Increased Capacity (1-7);55;50;11,89
4516;A;Increased Capacity (1-7);49;55;17,15
4517;A;Increased Capacity (1-7);51;63;15,6
4518;A;Increased Capacity (1-7);55;52;12,53
4519;A;Increased Capacity (1-7);58;73;14,86
4520;A;Increased Capacity (1-7);50;44;14,57
4521;A;Increased Capacity (1-7);50;72;14,79
4522;A;Increased Capacity (1-7);57;54;15,52
4523;A;Increased Capacity (1-7);55;46;12,37
4524;A;Increased Capacity (1-7);61;57;14,36
4525;A;Increased Capacity (1-7);53;60;13,18
4526;A;Increased Capacity (1-7);57;71;15,62
4527;A;Increased Capacity (1-7);61;64;14,6
4528;A;Increased Capacity (1-7);57;58;14
4529;A;Increased Capacity (1-7);59;72;15,35
4530;A;Increased Capacity (1-7);60;64;14,21
4531;A;Increased Capacity (1-7);53;60;14,65
4532;A;Increased Capacity (1-7);57;62;14,14
4533;A;Increased Capacity (1-7);56;58;14,5
4534;A;Increased Capacity (1-7);49;57;16,69
4535;A;Increased Capacity (1-7);55;59;14,74
4536;A;Increased Capacity (1-7);57;45;13,48
4537;A;Increased Capacity (1-7);48;66;17,08
4538;A;Increased Capacity (1-7);57;60;14,24
4539;A;Increased Capacity (1-7);56;72;15,2
4540;A;Increased Capacity (1-7);55;48;14,21
4541;A;Increased Capacity (1-7);61;64;14,56
4542;A;Increased Capacity (1-7);51;77;14,27
4543;A;Increased Capacity (1-7);53;67;16,47
4544;A;Increased Capacity (1-7);51;67;15,73
4545;A;Increased Capacity (1-7);54;59;14,5
4546;A;Increased Capacity (1-7);54;50;14,83
4547;A;Increased Capacity (1-7);57;63;14,67
4548;A;Increased Capacity (1-7);56;57;15,15
4549;A;Increased Capacity (1-7);55;52;14,68
4550;A;Increased Capacity (1-7);61;70;15,76
4551;A;Increased Capacity (1-7);61;51;13,28
4552;A;Increased Capacity (1-7);57;51;14,86
4553;A;Increased Capacity (1-7);61;67;14,16
4554;A;Increased Capacity (1-7);59;56;13,87
4555;A;Increased Capacity (1-7);52;65;14,5
4556;A;Increased Capacity (1-7);55;63;14,11
4557;A;Increased Capacity (1-7);62;63;14,81
4558;A;Increased Capacity (1-7);55;40;12,79
4559;A;Increased Capacity (1-7);59;49;12,7
4560;A;Increased Capacity (1-7);49;66;15,38
4561;A;Increased Capacity (1-7);59;65;15,26
4562;A;Increased Capacity (1-7);63;60;14,33
4563;A;Increased Capacity (1-7);52;62;12,94
4564;A;Increased Capacity (1-7);54;51;15,17
4565;A;Increased Capacity (1-7);52;61;14
4566;A;Increased Capacity (1-7);60;44;14,54
4567;A;Increased Capacity (1-7);53;54;14,24
4568;A;Increased Capacity (1-7);57;74;14,1
4569;A;Increased Capacity (1-7);55;57;16,11
4570;A;Increased Capacity (1-7);62;55;12,85
4571;A;Increased Capacity (1-7);59;57;15,48
4572;A;Increased Capacity (1-7);58;51;14,86
4573;A;Increased Capacity (1-7);53;58;14,71
4574;A;Increased Capacity (1-7);52;58;14,94
4575;A;Increased Capacity (1-7);59;41;14,61
4576;A;Increased Capacity (1-7);55;60;15,05
4577;A;Increased Capacity (1-7);60;65;12,62
4578;A;Increased Capacity (1-7);55;61;14,68
4579;A;Increased Capacity (1-7);52;76;15,81
4580;A;Increased Capacity (1-7);61;54;14
4581;A;Increased Capacity (1-7);62;55;13,96
4582;A;Increased Capacity (1-7);58;65;14,32
4583;A;Increased Capacity (1-7);57;51;14,43
4584;A;Increased Capacity (1-7);53;66;15,41
4585;A;Increased Capacity (1-7);56;69;15,6
4586;A;Increased Capacity (1-7);59;53;13,43
4587;A;Increased Capacity (1-7);58;56;13
4588;A;Increased Capacity (1-7);57;51;13,05
4589;A;Increased Capacity (1-7);63;59;14,33
4590;A;Increased Capacity (1-7);60;84;14,04
4591;A;Increased Capacity (1-7);53;63;14,94
4592;A;Increased Capacity (1-7);54;55;12,94
4593;A;Increased Capacity (1-7);59;46;12,65
4594;A;Increased Capacity (1-7);55;63;14,11
4595;A;Increased Capacity (1-7);48;62;16,5
4596;A;Increased Capacity (1-7);53;60;15,65
4597;A;Increased Capacity (1-7);55;74;14,58
4598;A;Increased Capacity (1-7);46;67;16,6
4599;A;Increased Capacity (1-7);51;77;14,33
4600;A;Increased Capacity (1-7);53;63;16,71
4601;A;Increased Capacity (1-7);57;49;13,86
4602;A;Increased Capacity (1-7);58;48;13,27
4603;A;Increased Capacity (1-7);57;51;14,81
4604;A;Increased Capacity (1-7);51;66;16,13
4605;A;Increased Capacity (1-7);57;56;14,95
4606;A;Increased Capacity (1-7);55;70;16,16
4607;A;Increased Capacity (1-7);52;75;16,06
4608;A;Increased Capacity (1-7);53;55;12,53
4609;A;Increased Capacity (1-7);53;60;15,65
4610;A;Increased Capacity (1-7);58;62;14,41
4611;A;Increased Capacity (1-7);52;59;14,75
4612;A;Increased Capacity (1-7);50;57;15,79
4613;A;Increased Capacity (1-7);57;68;13,81
4614;A;Increased Capacity (1-7);60;52;13,92
4615;A;Increased Capacity (1-7);62;38;12,81
4616;A;Increased Capacity (1-7);63;55;13,81
4617;A;Increased Capacity (1-7);57;59;14,67
4618;A;Increased Capacity (1-7);62;55;13,42
4619;A;Increased Capacity (1-7);54;63;12,56
4620;A;Increased Capacity (1-7);56;65;16,95
4621;A;Increased Capacity (1-7);54;60;13,06
4622;A;Increased Capacity (1-7);55;64;14,11
4623;A;Increased Capacity (1-7);54;63;15,44
4624;A;Increased Capacity (1-7);55;60;13,95
4625;A;Increased Capacity (1-7);63;49;13,15
4626;A;Increased Capacity (1-7);58;52;16,64
4627;A;Increased Capacity (1-7);53;62;14,71
4628;A;Increased Capacity (1-7);58;62;14,77
4629;A;Increased Capacity (1-7);60;55;12,92
4630;A;Increased Capacity (1-7);56;57;13,65
4631;A;Increased Capacity (1-7);58;45;13,77
4632;A;Increased Capacity (1-7);44;63;18,5
4633;A;Increased Capacity (1-7);57;58;15,19
4634;A;Increased Capacity (1-7);56;43;12,5
4635;A;Increased Capacity (1-7);56;59;15,05
4636;A;Increased Capacity (1-7);62;60;13,5
4637;A;Increased Capacity (1-7);55;58;14
4638;A;Increased Capacity (1-7);52;78;15,06
4639;A;Increased Capacity (1-7);60;59;13,75
4640;A;Increased Capacity (1-7);55;66;14,21
4641;A;Increased Capacity (1-7);56;61;14,35
4642;A;Increased Capacity (1-7);61;56;14,4
4643;A;Increased Capacity (1-7);63;54;14,78
4644;A;Increased Capacity (1-7);51;72;15,67
4645;A;Increased Capacity (1-7);56;74;15,9
4646;A;Increased Capacity (1-7);57;70;14,62
4647;A;Increased Capacity (1-7);56;55;14,8
4648;A;Increased Capacity (1-7);57;73;13,67
4649;A;Increased Capacity (1-7);52;40;15,81
4650;A;Increased Capacity (1-7);56;54;15,35
4651;A;Increased Capacity (1-7);58;62;14,27
4652;A;Increased Capacity (1-7);57;50;14,81
4653;A;Increased Capacity (1-7);57;53;13,29
4654;A;Increased Capacity (1-7);56;68;14,3
4655;A;Increased Capacity (1-7);54;74;16,33
4656;A;Increased Capacity (1-7);56;61;13,45
4657;A;Increased Capacity (1-7);56;53;13,8
4658;A;Increased Capacity (1-7);58;70;15,32
4659;A;Increased Capacity (1-7);57;73;14,62
4660;A;Increased Capacity (1-7);54;38;13,39
4661;A;Increased Capacity (1-7);59;65;13,3
4662;A;Increased Capacity (1-7);56;44;14,65
4663;A;Increased Capacity (1-7);57;53;13,9
4664;A;Increased Capacity (1-7);58;52;13,68
4665;A;Increased Capacity (1-7);58;53;13,91
4666;A;Increased Capacity (1-7);57;50;14,76
4667;A;Increased Capacity (1-7);60;46;12,5
4668;A;Increased Capacity (1-7);55;67;14,68
4669;A;Increased Capacity (1-7);60;68;13,62
4670;A;Increased Capacity (1-7);54;66;15,17
4671;A;Increased Capacity (1-7);50;73;15,21
4672;A;Increased Capacity (1-7);53;52;15,24
4673;A;Increased Capacity (1-7);55;59;14,11
4674;A;Increased Capacity (1-7);61;63;14,6
4675;A;Increased Capacity (1-7);48;59;17,25
4676;A;Increased Capacity (1-7);52;75;15
4677;A;Increased Capacity (1-7);54;53;15
4678;A;Increased Capacity (1-7);53;70;15,65
4679;A;Increased Capacity (1-7);52;64;16,62
4680;A;Increased Capacity (1-7);53;56;14,18
4681;A;Increased Capacity (1-7);51;75;16,07
4682;A;Increased Capacity (1-7);55;65;13,26
4683;A;Increased Capacity (1-7);51;73;14,73
4684;A;Increased Capacity (1-7);51;63;14,27
4685;A;Increased Capacity (1-7);59;56;15
4686;A;Increased Capacity (1-7);55;65;13,21
4687;A;Increased Capacity (1-7);58;54;13,27
4688;A;Increased Capacity (1-7);50;75;15,93
4689;A;Increased Capacity (1-7);59;58;13,7
4690;A;Increased Capacity (1-7);56;63;13,45
4691;A;Increased Capacity (1-7);56;52;13,65
4692;A;Increased Capacity (1-7);54;67;15,56
4693;A;Increased Capacity (1-7);52;67;15,81
4694;A;Increased Capacity (1-7);54;70;14,11
4695;A;Increased Capacity (1-7);54;61;14,78
4696;A;Increased Capacity (1-7);47;74;16,64
4697;A;Increased Capacity (1-7);56;59;14,6
4698;A;Increased Capacity (1-7);49;68;16,92
4699;A;Increased Capacity (1-7);53;70;14,82
4700;A;Increased Capacity (1-7);65;52;13,52
4701;A;Increased Capacity (1-7);61;55;14,52
4702;A;Increased Capacity (1-7);53;73;14,35
4703;A;Increased Capacity (1-7);58;50;14,14
4704;A;Increased Capacity (1-7);53;49;16,18
4705;A;Increased Capacity (1-7);52;62;15,88
4706;A;Increased Capacity (1-7);55;56;15,21
4707;A;Increased Capacity (1-7);61;56;12,68
4708;A;Increased Capacity (1-7);51;54;15,4
4709;A;Increased Capacity (1-7);57;70;16,52
4710;A;Increased Capacity (1-7);51;61;15,47
4711;A;Increased Capacity (1-7);53;54;15,29
4712;A;Increased Capacity (1-7);54;75;14,22
4713;A;Increased Capacity (1-7);59;68;13,87
4714;A;Increased Capacity (1-7);60;55;14,92
4715;A;Increased Capacity (1-7);54;58;12,17
4716;A;Increased Capacity (1-7);59;69;14,78
4717;A;Increased Capacity (1-7);55;47;14,68
4718;A;Increased Capacity (1-7);55;70;13,16
4719;A;Increased Capacity (1-7);54;49;14,28
4720;A;Increased Capacity (1-7);58;66;15,95
4721;A;Increased Capacity (1-7);54;75;14,78
4722;A;Increased Capacity (1-7);54;66;16,44
4723;A;Increased Capacity (1-7);52;78;16,5
4724;A;Increased Capacity (1-7);55;66;16,37
4725;A;Increased Capacity (1-7);58;37;14,73
4726;A;Increased Capacity (1-7);56;57;15,25
4727;A;Increased Capacity (1-7);50;69;15,64
4728;A;Increased Capacity (1-7);52;63;13,81
4729;A;Increased Capacity (1-7);54;70;15,94
4730;A;Increased Capacity (1-7);58;48;14,05
4731;A;Increased Capacity (1-7);57;63;12,67
4732;A;Increased Capacity (1-7);55;74;15,11
4733;A;Increased Capacity (1-7);57;55;14,48
4734;A;Increased Capacity (1-7);57;54;13,48
4735;A;Increased Capacity (1-7);55;68;15,16
4736;A;Increased Capacity (1-7);53;42;11,47
4737;A;Increased Capacity (1-7);60;67;16
4738;A;Increased Capacity (1-7);54;48;14,56
4739;A;Increased Capacity (1-7);52;72;15,06
4740;A;Increased Capacity (1-7);65;47;14,66
4741;A;Increased Capacity (1-7);53;71;14,24
4742;A;Increased Capacity (1-7);56;60;14,4
4743;A;Increased Capacity (1-7);55;66;14,79
4744;A;Increased Capacity (1-7);59;61;15,17
4745;A;Increased Capacity (1-7);52;59;16,44
4746;A;Increased Capacity (1-7);47;67;16,45
4747;A;Increased Capacity (1-7);51;63;15,73
4748;A;Increased Capacity (1-7);56;54;14,65
4749;A;Increased Capacity (1-7);58;52;13,91
4750;A;Increased Capacity (1-7);54;40;13,28
4751;A;Increased Capacity (1-7);54;54;14,5
4752;A;Increased Capacity (1-7);55;52;13,32
4753;A;Increased Capacity (1-7);63;45;14,78
4754;A;Increased Capacity (1-7);58;45;14,14
4755;A;Increased Capacity (1-7);58;64;16,18
4756;A;Increased Capacity (1-7);54;59;14
4757;A;Increased Capacity (1-7);56;60;14,55
4758;A;Increased Capacity (1-7);54;56;14,56
4759;A;Increased Capacity (1-7);53;66;15,35
4760;A;Increased Capacity (1-7);59;63;13,83
4761;A;Increased Capacity (1-7);60;63;14
4762;A;Increased Capacity (1-7);58;49;12,32
4763;A;Increased Capacity (1-7);60;67;13,42
4764;A;Increased Capacity (1-7);57;54;13,05
4765;A;Increased Capacity (1-7);56;74;16,55
4766;A;Increased Capacity (1-7);53;72;15,88
4767;A;Increased Capacity (1-7);58;52;13,45
4768;A;Increased Capacity (1-7);53;60;15,18
4769;A;Increased Capacity (1-7);61;54;15,96
4770;A;Increased Capacity (1-7);52;82;16,56
4771;A;Increased Capacity (1-7);57;62;15
4772;A;Increased Capacity (1-7);54;52;14,56
4773;A;Increased Capacity (1-7);53;57;13,59
4774;A;Increased Capacity (1-7);51;54;14,73
4775;A;Increased Capacity (1-7);56;63;15
4776;A;Increased Capacity (1-7);56;59;15,05
4777;A;Increased Capacity (1-7);54;64;13,89
4778;A;Increased Capacity (1-7);53;48;13,12
4779;A;Increased Capacity (1-7);56;59;15,2
4780;A;Increased Capacity (1-7);57;63;15,76
4781;A;Increased Capacity (1-7);56;68;16,25
4782;A;Increased Capacity (1-7);64;69;13,25
4783;A;Increased Capacity (1-7);50;66;16,79
4784;A;Increased Capacity (1-7);50;59;13,71
4785;A;Increased Capacity (1-7);58;34;13,09
4786;A;Increased Capacity (1-7);56;64;14,65
4787;A;Increased Capacity (1-7);56;68;13,15
4788;A;Increased Capacity (1-7);55;80;15,05
4789;A;Increased Capacity (1-7);59;40;13,35
4790;A;Increased Capacity (1-7);60;52;14,5
4791;A;Increased Capacity (1-7);61;70;14,08
4792;A;Increased Capacity (1-7);53;67;14,41
4793;A;Increased Capacity (1-7);53;56;13,12
4794;A;Increased Capacity (1-7);56;65;15,9
4795;A;Increased Capacity (1-7);50;65;17,36
4796;A;Increased Capacity (1-7);53;61;15,53
4797;A;Increased Capacity (1-7);61;49;13,96
4798;A;Increased Capacity (1-7);59;64;13,13
4799;A;Increased Capacity (1-7);55;62;15,05
4800;A;Increased Capacity (1-7);59;51;14,57
4801;A;Increased Capacity (1-7);56;44;12,05
4802;A;Increased Capacity (1-7);47;68;14,91
4803;A;Increased Capacity (1-7);60;52;14,96
4804;A;Increased Capacity (1-7);49;62;16,92
4805;A;Increased Capacity (1-7);55;67;13,42
4806;A;Increased Capacity (1-7);56;69;14,75
4807;A;Increased Capacity (1-7);58;53;14,36
4808;A;Increased Capacity (1-7);60;64;14,38
4809;A;Increased Capacity (1-7);57;53;15,1
4810;A;Increased Capacity (1-7);56;69;14,9
4811;A;Increased Capacity (1-7);58;60;14,59
4812;A;Increased Capacity (1-7);56;71;14,75
4813;A;Increased Capacity (1-7);57;65;15,24
4814;A;Increased Capacity (1-7);58;63;13,73
4815;A;Increased Capacity (1-7);48;72;16,33
4816;A;Increased Capacity (1-7);56;64;16,1
4817;A;Increased Capacity (1-7);61;54;15,4
4818;A;Increased Capacity (1-7);53;49;13,31
4819;A;Increased Capacity (1-7);54;78;15,28
4820;A;Increased Capacity (1-7);55;32;13,68
4821;A;Increased Capacity (1-7);62;60;15,31
4822;A;Increased Capacity (1-7);56;62;15,9
4823;A;Increased Capacity (1-7);51;75;16
4824;A;Increased Capacity (1-7);50;61;14
4825;A;Increased Capacity (1-7);55;55;15,42
4826;A;Increased Capacity (1-7);58;46;14,77
4827;A;Increased Capacity (1-7);59;75;15,7
4828;A;Increased Capacity (1-7);62;76;14,85
4829;A;Increased Capacity (1-7);61;64;14,56
4830;A;Increased Capacity (1-7);61;53;15,52
4831;A;Increased Capacity (1-7);53;51;12,18
4832;A;Increased Capacity (1-7);54;66;13,94
4833;A;Increased Capacity (1-7);62;48;12,12
4834;A;Increased Capacity (1-7);56;80;15,8
4835;A;Increased Capacity (1-7);53;53;14,71
4836;A;Increased Capacity (1-7);51;66;17,2
4837;A;Increased Capacity (1-7);59;63;13,57
4838;A;Increased Capacity (1-7);57;50;13,76
4839;A;Increased Capacity (1-7);55;63;15,79
4840;A;Increased Capacity (1-7);66;52;13,9
4841;A;Increased Capacity (1-7);59;56;15
4842;A;Increased Capacity (1-7);61;42;12,68
4843;A;Increased Capacity (1-7);62;46;13,88
4844;A;Increased Capacity (1-7);58;71;14,59
4845;A;Increased Capacity (1-7);57;53;13,86
4846;A;Increased Capacity (1-7);59;58;15,57
4847;A;Increased Capacity (1-7);53;49;14,29
4848;A;Increased Capacity (1-7);52;73;14,56
4849;A;Increased Capacity (1-7);56;59;15,45
4850;A;Increased Capacity (1-7);55;62;15,37
4851;A;Increased Capacity (1-7);59;67;15,04
4852;A;Increased Capacity (1-7);52;71;14,5
4853;A;Increased Capacity (1-7);59;52;13,39
4854;A;Increased Capacity (1-7);53;66;15,71
4855;A;Increased Capacity (1-7);56;76;16,35
4856;A;Increased Capacity (1-7);56;58;15,4
4857;A;Increased Capacity (1-7);53;62;13,29
4858;A;Increased Capacity (1-7);56;53;14,25
4859;A;Increased Capacity (1-7);54;57;15,72
4860;A;Increased Capacity (1-7);53;59;13,59
4861;A;Increased Capacity (1-7);51;60;14,93
4862;A;Increased Capacity (1-7);55;71;16,21
4863;A;Increased Capacity (1-7);49;78;17
4864;A;Increased Capacity (1-7);58;68;14,5
4865;A;Increased Capacity (1-7);55;63;14,68
4866;A;Increased Capacity (1-7);52;72;15,94
4867;A;Increased Capacity (1-7);61;58;13,84
4868;A;Increased Capacity (1-7);51;52;15,73
4869;A;Increased Capacity (1-7);58;53;13,86
4870;A;Increased Capacity (1-7);51;59;14,6
4871;A;Increased Capacity (1-7);54;46;15,33
4872;A;Increased Capacity (1-7);54;62;14,28
4873;A;Increased Capacity (1-7);50;46;15,93
4874;A;Increased Capacity (1-7);56;78;14,2
4875;A;Increased Capacity (1-7);63;62;14,74
4876;A;Increased Capacity (1-7);56;55;14,2
4877;A;Increased Capacity (1-7);52;66;16,12
4878;A;Increased Capacity (1-7);56;67;14,95
4879;A;Increased Capacity (1-7);58;60;14,5
4880;A;Increased Capacity (1-7);58;52;12,91
4881;A;Increased Capacity (1-7);55;53;15
4882;A;Increased Capacity (1-7);61;54;13,04
4883;A;Increased Capacity (1-7);58;63;15,55
4884;A;Increased Capacity (1-7);52;67;13,94
4885;A;Increased Capacity (1-7);63;48;12,63
4886;A;Increased Capacity (1-7);59;62;14,87
4887;A;Increased Capacity (1-7);58;51;14,73
4888;A;Increased Capacity (1-7);47;54;17,91
4889;A;Increased Capacity (1-7);57;70;14,76
4890;A;Increased Capacity (1-7);59;69;13,87
4891;A;Increased Capacity (1-7);57;60;14,29
4892;A;Increased Capacity (1-7);57;63;14,05
4893;A;Increased Capacity (1-7);59;59;14,61
4894;A;Increased Capacity (1-7);56;66;14,95
4895;A;Increased Capacity (1-7);55;54;11,68
4896;A;Increased Capacity (1-7);56;68;14,65
4897;A;Increased Capacity (1-7);56;69;15,35
4898;A;Increased Capacity (1-7);56;42;12,85
4899;A;Increased Capacity (1-7);52;50;14,88
4900;A;Increased Capacity (1-7);54;46;15,89
4901;A;Increased Capacity (1-7);53;63;15,35
4902;A;Increased Capacity (1-7);49;67;16,08
4903;A;Increased Capacity (1-7);57;70;14,1
4904;A;Increased Capacity (1-7);55;69;14,42
4905;A;Increased Capacity (1-7);55;73;14,79
4906;A;Increased Capacity (1-7);55;55;14,11
4907;A;Increased Capacity (1-7);61;45;13,56
4908;A;Increased Capacity (1-7);60;49;14,79
4909;A;Increased Capacity (1-7);54;71;15,67
4910;A;Increased Capacity (1-7);58;57;13,95
4911;A;Increased Capacity (1-7);61;48;13,84
4912;A;Increased Capacity (1-7);58;59;14,32
4913;A;Increased Capacity (1-7);56;63;15,45
4914;A;Increased Capacity (1-7);59;53;14,17
4915;A;Increased Capacity (1-7);57;66;15,19
4916;A;Increased Capacity (1-7);55;78;14,95
4917;A;Increased Capacity (1-7);53;84;14,29
4918;A;Increased Capacity (1-7);59;60;14,74
4919;A;Increased Capacity (1-7);58;58;15,36
4920;A;Increased Capacity (1-7);58;53;13,09
4921;A;Increased Capacity (1-7);55;60;14,32
4922;A;Increased Capacity (1-7);54;72;14,56
4923;A;Increased Capacity (1-7);58;54;14,73
4924;A;Increased Capacity (1-7);58;45;12,77
4925;A;Increased Capacity (1-7);60;67;15,25
4926;A;Increased Capacity (1-7);56;48;14,05
4927;A;Increased Capacity (1-7);56;53;15,2
4928;A;Increased Capacity (1-7);56;72;13,75
4929;A;Increased Capacity (1-7);62;59;14,35
4930;A;Increased Capacity (1-7);52;61;14,25
4931;A;Increased Capacity (1-7);53;59;16,24
4932;A;Increased Capacity (1-7);55;77;16,21
4933;A;Increased Capacity (1-7);62;35;12,58
4934;A;Increased Capacity (1-7);59;38;11,96
4935;A;Increased Capacity (1-7);57;55;15,19
4936;A;Increased Capacity (1-7);54;50;15,44
4937;A;Increased Capacity (1-7);57;48;12,38
4938;A;Increased Capacity (1-7);61;68;13,56
4939;A;Increased Capacity (1-7);54;60;14,94
4940;A;Increased Capacity (1-7);60;45;13,25
4941;A;Increased Capacity (1-7);55;60;16
4942;A;Increased Capacity (1-7);59;46;13,65
4943;A;Increased Capacity (1-7);58;52;14,45
4944;A;Increased Capacity (1-7);58;63;14,5
4945;A;Increased Capacity (1-7);52;71;14,75
4946;A;Increased Capacity (1-7);54;57;13,61
4947;A;Increased Capacity (1-7);51;77;15,4
4948;A;Increased Capacity (1-7);58;49;15,14
4949;A;Increased Capacity (1-7);52;65;16,56
4950;A;Increased Capacity (1-7);53;78;15,71
4951;A;Increased Capacity (1-7);59;65;16
4952;A;Increased Capacity (1-7);54;49;15,33
4953;A;Increased Capacity (1-7);61;62;13,24
4954;A;Increased Capacity (1-7);54;55;15,28
4955;A;Increased Capacity (1-7);54;58;14,5
4956;A;Increased Capacity (1-7);58;54;14,05
4957;A;Increased Capacity (1-7);60;69;14
4958;A;Increased Capacity (1-7);57;46;14,29
4959;A;Increased Capacity (1-7);59;58;15,65
4960;A;Increased Capacity (1-7);48;77;18,5
4961;A;Increased Capacity (1-7);56;59;15,45
4962;A;Increased Capacity (1-7);58;46;13,86
4963;A;Increased Capacity (1-7);60;55;14,04
4964;A;Increased Capacity (1-7);50;67;16,14
4965;A;Increased Capacity (1-7);53;61;15,82
4966;A;Increased Capacity (1-7);55;78;15
4967;A;Increased Capacity (1-7);57;47;15,67
4968;A;Increased Capacity (1-7);53;66;15,82
4969;A;Increased Capacity (1-7);52;62;16,06
4970;A;Increased Capacity (1-7);60;51;13,38
4971;A;Increased Capacity (1-7);55;56;13,79
4972;A;Increased Capacity (1-7);58;64;13,82
4973;A;Increased Capacity (1-7);51;68;15,33
4974;A;Increased Capacity (1-7);55;55;14,16
4975;A;Increased Capacity (1-7);52;60;16,12
4976;A;Increased Capacity (1-7);54;61;15,39
4977;A;Increased Capacity (1-7);55;55;13,05
4978;A;Increased Capacity (1-7);53;59;15,18
4979;A;Increased Capacity (1-7);56;53;14,8
4980;A;Increased Capacity (1-7);52;66;15,38
4981;A;Increased Capacity (1-7);53;63;14,82
4982;A;Increased Capacity (1-7);60;63;13,54
4983;A;Increased Capacity (1-7);57;63;15,29
4984;A;Increased Capacity (1-7);56;59;14,9
4985;A;Increased Capacity (1-7);54;61;13,78
4986;A;Increased Capacity (1-7);56;72;14,9
4987;A;Increased Capacity (1-7);61;50;14,24
4988;A;Increased Capacity (1-7);57;56;14,67
4989;A;Increased Capacity (1-7);56;83;14,75
4990;A;Increased Capacity (1-7);54;63;15,56
4991;A;Increased Capacity (1-7);57;75;15,05
4992;A;Increased Capacity (1-7);57;39;11,95
4993;A;Increased Capacity (1-7);55;39;14,16
4994;A;Increased Capacity (1-7);53;62;16,35
4995;A;Increased Capacity (1-7);54;50;14,17
4996;A;Increased Capacity (1-7);57;80;15,76
4997;A;Increased Capacity (1-7);60;57;14,46
4998;A;Increased Capacity (1-7);57;62;14,14
4999;A;Increased Capacity (1-7);53;53;17,18
5000;A;Increased Capacity (1-7);52;64;15,31
5001;A;Increased Capacity (1-7);54;61;13,72
5002;A;Increased Capacity (1-7);53;63;14,65
5003;A;Increased Capacity (1-7);53;66;13,41
5004;A;Increased Capacity (1-7);58;45;11,82
5005;A;Increased Capacity (1-7);58;70;15,14
5006;A;Increased Capacity (1-7);58;67;14,77
5007;A;Increased Capacity (1-7);58;39;14,27
5008;A;Increased Capacity (1-7);56;65;14,65
5009;A;Increased Capacity (1-7);54;71;15,44
5010;A;Increased Capacity (1-7);57;65;13,76
5011;A;Increased Capacity (1-7);58;51;15,5
5012;A;Increased Capacity (1-7);55;55;15
5013;A;Increased Capacity (1-7);62;51;15,23
5014;A;Increased Capacity (1-7);52;73;15,88
5015;A;Increased Capacity (1-7);56;45;13,3
5016;A;Increased Capacity (1-7);56;59;14,7
5017;A;Increased Capacity (1-7);53;68;14
5018;A;Increased Capacity (1-7);61;49;13,92
5019;A;Increased Capacity (1-7);52;68;14,38
5020;A;Increased Capacity (1-7);60;46;13,46
5021;A;Increased Capacity (1-7);56;57;17,1
5022;A;Increased Capacity (1-7);57;51;14,19
5023;A;Increased Capacity (1-7);56;83;14,9
5024;A;Increased Capacity (1-7);52;77;16,81
5025;A;Increased Capacity (1-7);58;61;14,45
5026;A;Increased Capacity (1-7);57;74;14,71
5027;A;Increased Capacity (1-7);55;54;15,26
5028;A;Increased Capacity (1-7);55;65;15,63
5029;A;Increased Capacity (1-7);56;71;13,9
5030;A;Increased Capacity (1-7);58;51;14,95
5031;A;Increased Capacity (1-7);61;55;15,08
5032;A;Increased Capacity (1-7);57;63;15,1
5033;A;Increased Capacity (1-7);57;51;15,24
5034;A;Increased Capacity (1-7);55;78;15,21
5035;A;Increased Capacity (1-7);57;68;13,95
5036;A;Increased Capacity (1-7);53;66;14,35
5037;A;Increased Capacity (1-7);58;60;15,91
5038;A;Increased Capacity (1-7);52;53;13,19
5039;A;Increased Capacity (1-7);53;41;14,29
5040;A;Increased Capacity (1-7);58;62;15,82
5041;A;Increased Capacity (1-7);55;67;13,95
5042;A;Increased Capacity (1-7);55;55;14,84
5043;A;Increased Capacity (1-7);61;57;15,24
5044;A;Increased Capacity (1-7);58;68;15,59
5045;A;Increased Capacity (1-7);53;43;15,53
5046;A;Increased Capacity (1-7);60;59;14,42
5047;A;Increased Capacity (1-7);59;63;14,39
5048;A;Increased Capacity (1-7);51;60;15,73
5049;A;Increased Capacity (1-7);51;52;13,93
5050;A;Increased Capacity (1-7);55;63;15,53
5051;A;Increased Capacity (1-7);55;54;16,68
5052;A;Increased Capacity (1-7);52;62;17,12
5053;A;Increased Capacity (1-7);59;63;13,52
5054;A;Increased Capacity (1-7);56;63;14,45
5055;A;Increased Capacity (1-7);58;63;13,32
5056;A;Increased Capacity (1-7);50;72;17,36
5057;A;Increased Capacity (1-7);56;62;14,95
5058;A;Increased Capacity (1-7);54;57;15,28
5059;A;Increased Capacity (1-7);56;70;14,8
5060;A;Increased Capacity (1-7);52;61;14,19
5061;A;Increased Capacity (1-7);56;52;13,25
5062;A;Increased Capacity (1-7);58;65;14,55
5063;A;Increased Capacity (1-7);51;52;14,67
5064;A;Increased Capacity (1-7);58;71;15,5
5065;A;Increased Capacity (1-7);62;41;14,31
5066;A;Increased Capacity (1-7);56;53;13,95
5067;A;Increased Capacity (1-7);60;75;14,58
5068;A;Increased Capacity (1-7);57;67;16
5069;A;Increased Capacity (1-7);53;79;14,76
5070;A;Increased Capacity (1-7);57;64;15,05
5071;A;Increased Capacity (1-7);57;53;15,71
5072;A;Increased Capacity (1-7);55;55;13,26
5073;A;Increased Capacity (1-7);59;55;15,7
5074;A;Increased Capacity (1-7);54;62;13,56
5075;A;Increased Capacity (1-7);66;46;13,6
5076;A;Increased Capacity (1-7);53;62;14
5077;A;Increased Capacity (1-7);56;69;14,3
5078;A;Increased Capacity (1-7);55;50;15,37
5079;A;Increased Capacity (1-7);53;65;15,94
5080;A;Increased Capacity (1-7);53;56;14,35
5081;A;Increased Capacity (1-7);53;59;13,88
5082;A;Increased Capacity (1-7);51;70;16,6
5083;A;Increased Capacity (1-7);60;48;13,67
5084;A;Increased Capacity (1-7);53;84;14,65
5085;A;Increased Capacity (1-7);57;71;14,86
5086;A;Increased Capacity (1-7);55;51;13,21
5087;A;Increased Capacity (1-7);52;62;15,31
5088;A;Increased Capacity (1-7);58;55;13,59
5089;A;Increased Capacity (1-7);58;41;15
5090;A;Increased Capacity (1-7);52;48;14,5
5091;A;Increased Capacity (1-7);63;55;13,44
5092;A;Increased Capacity (1-7);56;72;14,25
5093;A;Increased Capacity (1-7);61;55;14,48
5094;A;Increased Capacity (1-7);58;67;14,5
5095;A;Increased Capacity (1-7);58;46;13,24
5096;A;Increased Capacity (1-7);52;69;16,25
5097;A;Increased Capacity (1-7);55;48;15,74
5098;A;Increased Capacity (1-7);49;76;16,54
5099;A;Increased Capacity (1-7);65;54;12,52
5100;A;Increased Capacity (1-7);61;44;13,84
5101;A;Increased Capacity (1-7);49;56;16,85
5102;A;Increased Capacity (1-7);53;71;15,06
5103;A;Increased Capacity (1-7);53;68;16,24
5104;A;Increased Capacity (1-7);63;61;14,52
5105;A;Increased Capacity (1-7);58;60;14,59
5106;A;Increased Capacity (1-7);55;52;14,37
5107;A;Increased Capacity (1-7);50;76;16,29
5108;A;Increased Capacity (1-7);52;72;15,44
5109;A;Increased Capacity (1-7);54;53;15,44
5110;A;Increased Capacity (1-7);56;62;16,25
5111;A;Increased Capacity (1-7);58;65;13,59
5112;A;Increased Capacity (1-7);57;52;14,9
5113;A;Increased Capacity (1-7);49;56;16,54
5114;A;Increased Capacity (1-7);56;51;14,95
5115;A;Increased Capacity (1-7);49;69;16,23
5116;A;Increased Capacity (1-7);62;40;12,35
5117;A;Increased Capacity (1-7);66;58;14,03
5118;A;Increased Capacity (1-7);64;47;13,54
5119;A;Increased Capacity (1-7);58;43;13,45
5120;A;Increased Capacity (1-7);54;66;15
5121;A;Increased Capacity (1-7);54;67;15,61
5122;A;Increased Capacity (1-7);56;55;13,45
5123;A;Increased Capacity (1-7);51;61;14,07
5124;A;Increased Capacity (1-7);58;40;13,55
5125;A;Increased Capacity (1-7);55;65;13,26
5126;A;Increased Capacity (1-7);61;57;14,24
5127;A;Increased Capacity (1-7);58;49;12,23
5128;A;Increased Capacity (1-7);54;53;13,94
5129;A;Increased Capacity (1-7);56;58;14,95
5130;A;Increased Capacity (1-7);51;71;15,4
5131;A;Increased Capacity (1-7);57;53;14,67
5132;A;Increased Capacity (1-7);59;59;12,61
5133;A;Increased Capacity (1-7);49;51;16
5134;A;Increased Capacity (1-7);59;59;14,96
5135;A;Increased Capacity (1-7);51;83;14,4
5136;A;Increased Capacity (1-7);59;70;15,48
5137;A;Increased Capacity (1-7);62;64;13,88
5138;A;Increased Capacity (1-7);56;68;13,65
5139;A;Increased Capacity (1-7);63;54;14,11
5140;A;Increased Capacity (1-7);62;67;14,65
5141;A;Increased Capacity (1-7);50;60;14,64
5142;A;Increased Capacity (1-7);59;77;15,61
5143;A;Increased Capacity (1-7);52;48;14,62
5144;A;Increased Capacity (1-7);54;46;12
5145;A;Increased Capacity (1-7);58;60;14,64
5146;A;Increased Capacity (1-7);54;66;14,78
5147;A;Increased Capacity (1-7);56;48;13
5148;A;Increased Capacity (1-7);50;66;15,14
5149;A;Increased Capacity (1-7);62;74;14,81
5150;A;Increased Capacity (1-7);51;61;16,4
5151;A;Increased Capacity (1-7);53;70;15,88
5152;A;Increased Capacity (1-7);56;53;15,05
5153;A;Increased Capacity (1-7);55;56;14,53
5154;A;Increased Capacity (1-7);56;53;16
5155;A;Increased Capacity (1-7);52;79;15,81
5156;A;Increased Capacity (1-7);59;67;14,04
5157;A;Increased Capacity (1-7);60;53;14,46
5158;A;Increased Capacity (1-7);57;56;13,52
5159;A;Increased Capacity (1-7);59;64;15,87
5160;A;Increased Capacity (1-7);59;69;15,3
5161;A;Increased Capacity (1-7);57;53;15,52
5162;A;Increased Capacity (1-7);54;80;16,33
5163;A;Increased Capacity (1-7);59;44;12,78
5164;A;Increased Capacity (1-7);54;54;15,56
5165;A;Increased Capacity (1-7);57;47;15,29
5166;A;Increased Capacity (1-7);55;61;14,21
5167;A;Increased Capacity (1-7);59;34;14,57
5168;A;Increased Capacity (1-7);53;73;15,53
5169;A;Increased Capacity (1-7);52;57;14,38
5170;A;Increased Capacity (1-7);51;54;12,8
5171;A;Increased Capacity (1-7);52;63;14,75
5172;A;Increased Capacity (1-7);55;61;14,53
5173;A;Increased Capacity (1-7);54;54;13,72
5174;A;Increased Capacity (1-7);63;57;14,07
5175;A;Increased Capacity (1-7);57;44;14,52
5176;A;Increased Capacity (1-7);51;66;16,13
5177;A;Increased Capacity (1-7);49;74;17,69
5178;A;Increased Capacity (1-7);62;55;13,92
5179;A;Increased Capacity (1-7);55;70;16,11
5180;A;Increased Capacity (1-7);55;69;16,74
5181;A;Increased Capacity (1-7);57;67;15,67
5182;A;Increased Capacity (1-7);58;56;14,38
5183;A;Increased Capacity (1-7);57;54;13,81
5184;A;Increased Capacity (1-7);52;71;17,06
5185;A;Increased Capacity (1-7);62;65;14,58
5186;A;Increased Capacity (1-7);51;64;15,67
5187;A;Increased Capacity (1-7);53;72;14,59
5188;A;Increased Capacity (1-7);58;48;15,23
5189;A;Increased Capacity (1-7);51;68;16,13
5190;A;Increased Capacity (1-7);56;62;14,8
5191;A;Increased Capacity (1-7);53;62;13,94
5192;A;Increased Capacity (1-7);51;81;15,6
5193;A;Increased Capacity (1-7);52;45;13,5
5194;A;Increased Capacity (1-7);59;75;15,39
5195;A;Increased Capacity (1-7);59;56;14,96
5196;A;Increased Capacity (1-7);57;47;14,9
5197;A;Increased Capacity (1-7);57;63;14,81
5198;A;Increased Capacity (1-7);58;48;13,73
5199;A;Increased Capacity (1-7);52;62;16,69
5200;A;Increased Capacity (1-7);55;63;14,58
5201;A;Increased Capacity (1-7);46;92;17,3
5202;A;Increased Capacity (1-7);57;63;13,86
5203;A;Increased Capacity (1-7);56;67;14,25
5204;A;Increased Capacity (1-7);52;53;15,88
5205;A;Increased Capacity (1-7);54;68;15,28
5206;A;Increased Capacity (1-7);59;38;12,48
5207;A;Increased Capacity (1-7);59;62;14,26
5208;A;Increased Capacity (1-7);47;71;16,82
5209;A;Increased Capacity (1-7);47;73;16,91
5210;A;Increased Capacity (1-7);60;60;12,96
5211;A;Increased Capacity (1-7);54;65;15,11
5212;A;Increased Capacity (1-7);57;59;14,19
5213;A;Increased Capacity (1-7);53;72;14,24
5214;A;Increased Capacity (1-7);61;46;14,56
5215;A;Increased Capacity (1-7);55;49;11,21
5216;A;Increased Capacity (1-7);55;57;14,11
5217;A;Increased Capacity (1-7);54;72;15,78
5218;A;Increased Capacity (1-7);51;62;16,4
5219;A;Increased Capacity (1-7);55;67;16,32
5220;A;Increased Capacity (1-7);54;62;16,06
5221;A;Increased Capacity (1-7);54;56;14,78
5222;A;Increased Capacity (1-7);57;42;12,95
5223;A;Increased Capacity (1-7);53;41;14,94
5224;A;Increased Capacity (1-7);54;64;15,83
5225;A;Increased Capacity (1-7);54;68;14,67
5226;A;Increased Capacity (1-7);49;68;16,31
5227;A;Increased Capacity (1-7);54;64;15,28
5228;A;Increased Capacity (1-7);53;60;14,76
5229;A;Increased Capacity (1-7);54;64;14,78
5230;A;Increased Capacity (1-7);57;59;15
5231;A;Increased Capacity (1-7);55;72;14,42
5232;A;Increased Capacity (1-7);53;72;15,18
5233;A;Increased Capacity (1-7);53;73;14,94
5234;A;Increased Capacity (1-7);58;64;15,86
5235;A;Increased Capacity (1-7);54;60;15,94
5236;A;Increased Capacity (1-7);54;65;15,22
5237;A;Increased Capacity (1-7);56;60;14,25
5238;A;Increased Capacity (1-7);61;51;13,12
5239;A;Increased Capacity (1-7);59;68;13,22
5240;A;Increased Capacity (1-7);50;75;14,71
5241;A;Increased Capacity (1-7);62;57;13,96
5242;A;Increased Capacity (1-7);56;89;15,65
5243;A;Increased Capacity (1-7);47;61;16,09
5244;A;Increased Capacity (1-7);58;54;15,41
5245;A;Increased Capacity (1-7);59;62;15,13
5246;A;Increased Capacity (1-7);51;76;15,4
5247;A;Increased Capacity (1-7);51;74;14,67
5248;A;Increased Capacity (1-7);60;63;16
5249;A;Increased Capacity (1-7);59;62;14,65
5250;A;Increased Capacity (1-7);55;66;15,42
5251;A;Increased Capacity (1-7);59;44;15,39
5252;A;Increased Capacity (1-7);60;64;14,25
5253;A;Increased Capacity (1-7);57;61;14,62
5254;A;Increased Capacity (1-7);56;51;14,7
5255;A;Increased Capacity (1-7);63;46;14,19
5256;A;Increased Capacity (1-7);59;47;14,57
5257;A;Increased Capacity (1-7);56;56;13,8
5258;A;Increased Capacity (1-7);55;63;16,79
5259;A;Increased Capacity (1-7);58;60;14,36
5260;A;Increased Capacity (1-7);56;59;14,05
5261;A;Increased Capacity (1-7);52;70;14,81
5262;A;Increased Capacity (1-7);56;59;13
5263;A;Increased Capacity (1-7);51;57;15,07
5264;A;Increased Capacity (1-7);53;51;16,88
5265;A;Increased Capacity (1-7);47;64;13,27
5266;A;Increased Capacity (1-7);58;56;14,95
5267;A;Increased Capacity (1-7);58;56;13,05
5268;A;Increased Capacity (1-7);57;57;13,81
5269;A;Increased Capacity (1-7);54;59;13,94
5270;A;Increased Capacity (1-7);59;61;13,26
5271;A;Increased Capacity (1-7);56;64;14,85
5272;A;Increased Capacity (1-7);52;54;14,25
5273;A;Increased Capacity (1-7);54;58;14,5
5274;A;Increased Capacity (1-7);53;58;14,53
5275;A;Increased Capacity (1-7);47;68;16,82
5276;A;Increased Capacity (1-7);56;54;15,35
5277;A;Increased Capacity (1-7);58;66;13,5
5278;A;Increased Capacity (1-7);54;76;14
5279;A;Increased Capacity (1-7);55;59;12,32
5280;A;Increased Capacity (1-7);51;64;15,2
5281;A;Increased Capacity (1-7);55;48;14,21
5282;A;Increased Capacity (1-7);47;90;18,45
5283;A;Increased Capacity (1-7);59;61;14,7
5284;A;Increased Capacity (1-7);56;52;13,35
5285;A;Increased Capacity (1-7);52;52;17,31
5286;A;Increased Capacity (1-7);55;65;14,21
5287;A;Increased Capacity (1-7);64;43;13,18
5288;A;Increased Capacity (1-7);56;62;14,4
5289;A;Increased Capacity (1-7);48;66;16,5
5290;A;Increased Capacity (1-7);56;54;14
5291;A;Increased Capacity (1-7);55;60;16,26
5292;A;Increased Capacity (1-7);54;58;15,89
5293;A;Increased Capacity (1-7);54;71;15,61
5294;A;Increased Capacity (1-7);54;78;16,56
5295;A;Increased Capacity (1-7);54;67;15,61
5296;A;Increased Capacity (1-7);50;67;15,14
5297;A;Increased Capacity (1-7);52;47;14,56
5298;A;Increased Capacity (1-7);55;67;14,42
5299;A;Increased Capacity (1-7);61;62;14,84
5300;A;Increased Capacity (1-7);61;62;14,56
5301;A;Increased Capacity (1-7);58;41;12,73
5302;A;Increased Capacity (1-7);57;70;13,81
5303;A;Increased Capacity (1-7);51;65;14,4
5304;A;Increased Capacity (1-7);52;58;15,06
5305;A;Increased Capacity (1-7);57;42;13,95
5306;A;Increased Capacity (1-7);52;58;14,56
5307;A;Increased Capacity (1-7);58;44;13
5308;A;Increased Capacity (1-7);53;79;14,65
5309;A;Increased Capacity (1-7);57;37;14,62
5310;A;Increased Capacity (1-7);51;62;16,13
5311;A;Increased Capacity (1-7);57;44;14,38
5312;A;Increased Capacity (1-7);57;57;13,95
5313;A;Increased Capacity (1-7);54;56;13,89
5314;A;Increased Capacity (1-7);60;65;14,38
5315;A;Increased Capacity (1-7);57;62;14,52
5316;A;Increased Capacity (1-7);59;47;13,04
5317;A;Increased Capacity (1-7);56;61;13,95
5318;A;Increased Capacity (1-7);64;56;12,68
5319;A;Increased Capacity (1-7);59;53;14,48
5320;A;Increased Capacity (1-7);55;58;15,26
5321;A;Increased Capacity (1-7);57;60;14,81
5322;A;Increased Capacity (1-7);55;60;13,26
5323;A;Increased Capacity (1-7);59;37;12,22
5324;A;Increased Capacity (1-7);59;57;13,78
5325;A;Increased Capacity (1-7);49;56;14,92
5326;A;Increased Capacity (1-7);60;54;15,75
5327;A;Increased Capacity (1-7);55;84;14,74
5328;A;Increased Capacity (1-7);52;59;14,31
5329;A;Increased Capacity (1-7);58;75;15,59
5330;A;Increased Capacity (1-7);52;74;15,25
5331;A;Increased Capacity (1-7);58;62;14
5332;A;Increased Capacity (1-7);56;56;13,95
5333;A;Increased Capacity (1-7);62;70;14,54
5334;A;Increased Capacity (1-7);50;76;15,36
5335;A;Increased Capacity (1-7);54;62;14,61
5336;A;Increased Capacity (1-7);55;63;13,53
5337;A;Increased Capacity (1-7);60;56;13,67
5338;A;Increased Capacity (1-7);54;41;15,33
5339;A;Increased Capacity (1-7);59;60;16,52
5340;A;Increased Capacity (1-7);56;68;13,8
5341;A;Increased Capacity (1-7);59;60;14,22
5342;A;Increased Capacity (1-7);59;67;14,74
5343;A;Increased Capacity (1-7);58;64;14,27
5344;A;Increased Capacity (1-7);55;66;14,89
5345;A;Increased Capacity (1-7);55;55;14,79
5346;A;Increased Capacity (1-7);59;52;14,43
5347;A;Increased Capacity (1-7);60;54;13,92
5348;A;Increased Capacity (1-7);59;53;13,83
5349;A;Increased Capacity (1-7);58;50;14,68
5350;A;Increased Capacity (1-7);58;60;14,18
5351;A;Increased Capacity (1-7);62;48;13,96
5352;A;Increased Capacity (1-7);64;76;12,61
5353;A;Increased Capacity (1-7);59;60;14,43
5354;A;Increased Capacity (1-7);63;58;15,33
5355;A;Increased Capacity (1-7);56;63;14,25
5356;A;Increased Capacity (1-7);55;68;15,21
5357;A;Increased Capacity (1-7);58;53;14,18
5358;A;Increased Capacity (1-7);55;52;15,32
5359;A;Increased Capacity (1-7);56;51;13,75
5360;A;Increased Capacity (1-7);55;69;15,74
5361;A;Increased Capacity (1-7);50;51;16,07
5362;A;Increased Capacity (1-7);52;60;15,25
5363;A;Increased Capacity (1-7);61;47;13,2
5364;A;Increased Capacity (1-7);59;58;15,91
5365;A;Increased Capacity (1-7);59;73;15
5366;A;Increased Capacity (1-7);59;56;15,22
5367;A;Increased Capacity (1-7);59;58;15,61
5368;A;Increased Capacity (1-7);58;66;15,64
5369;A;Increased Capacity (1-7);56;70;15,25
5370;A;Increased Capacity (1-7);51;68;15,8
5371;A;Increased Capacity (1-7);60;38;13,92
5372;A;Increased Capacity (1-7);56;58;14,25
5373;A;Increased Capacity (1-7);56;70;15,25
5374;A;Increased Capacity (1-7);53;62;16,47
5375;A;Increased Capacity (1-7);60;63;14,46
5376;A;Increased Capacity (1-7);52;52;15,06
5377;A;Increased Capacity (1-7);46;66;15,6
5378;A;Increased Capacity (1-7);54;51;15,67
5379;A;Increased Capacity (1-7);60;68;15,17
5380;A;Increased Capacity (1-7);52;52;16,19
5381;A;Increased Capacity (1-7);62;62;14,27
5382;A;Increased Capacity (1-7);49;67;16,77
5383;A;Increased Capacity (1-7);59;60;14,17
5384;A;Increased Capacity (1-7);58;49;14,32
5385;A;Increased Capacity (1-7);61;32;12,64
5386;A;Increased Capacity (1-7);51;56;15,27
5387;A;Increased Capacity (1-7);53;57;16,65
5388;A;Increased Capacity (1-7);58;61;15,77
5389;A;Increased Capacity (1-7);52;45;14,94
5390;A;Increased Capacity (1-7);53;47;12,41
5391;A;Increased Capacity (1-7);58;63;15,18
5392;A;Increased Capacity (1-7);51;66;15,53
5393;A;Increased Capacity (1-7);57;60;14,52
5394;A;Increased Capacity (1-7);59;70;13,96
5395;A;Increased Capacity (1-7);55;63;15,89
5396;A;Increased Capacity (1-7);55;57;13,47
5397;A;Increased Capacity (1-7);55;56;15,58
5398;A;Increased Capacity (1-7);57;67;14,71
5399;A;Increased Capacity (1-7);56;67;14,95
5400;A;Increased Capacity (1-7);50;56;15,79
5401;A;Increased Capacity (1-7);54;67;14,11
5402;A;Increased Capacity (1-7);61;36;14,04
5403;A;Increased Capacity (1-7);61;53;12,92
5404;A;Increased Capacity (1-7);55;47;14,47
5405;A;Increased Capacity (1-7);48;74;15,92
5406;A;Increased Capacity (1-7);57;61;15,67
5407;A;Increased Capacity (1-7);52;67;15,81
5408;A;Increased Capacity (1-7);56;55;12,85
5409;A;Increased Capacity (1-7);58;46;15,86
5410;A;Increased Capacity (1-7);49;72;14,46
5411;A;Increased Capacity (1-7);55;52;15,47
5412;A;Increased Capacity (1-7);56;56;15,9
5413;A;Increased Capacity (1-7);56;58;15
5414;A;Increased Capacity (1-7);54;64;16,12
5415;A;Increased Capacity (1-7);53;78;15,82
5416;A;Increased Capacity (1-7);57;56;14,19
5417;A;Increased Capacity (1-7);56;63;15,25
5418;A;Increased Capacity (1-7);51;71;16,27
5419;A;Increased Capacity (1-7);53;66;15,41
5420;A;Increased Capacity (1-7);57;69;16,38
5421;A;Increased Capacity (1-7);54;63;14,83
5422;A;Increased Capacity (1-7);47;67;16,55
5423;A;Increased Capacity (1-7);57;47;14,86
5424;A;Increased Capacity (1-7);64;51;15,29
5425;A;Increased Capacity (1-7);56;61;14
5426;A;Increased Capacity (1-7);61;72;14,76
5427;A;Increased Capacity (1-7);47;57;15,55
5428;A;Increased Capacity (1-7);57;78;14,95
5429;A;Increased Capacity (1-7);49;53;15,38
5430;A;Increased Capacity (1-7);53;64;14,06
5431;A;Increased Capacity (1-7);48;77;15,25
5432;A;Increased Capacity (1-7);55;62;15,63
5433;A;Increased Capacity (1-7);54;69;16,94
5434;A;Increased Capacity (1-7);56;50;14,85
5435;A;Increased Capacity (1-7);53;63;14,88
5436;A;Increased Capacity (1-7);55;56;14,95
5437;A;Increased Capacity (1-7);58;63;14,45
5438;A;Increased Capacity (1-7);58;49;14,5
5439;A;Increased Capacity (1-7);50;68;13,21
5440;A;Increased Capacity (1-7);58;45;13,55
5441;A;Increased Capacity (1-7);58;54;13,09
5442;A;Increased Capacity (1-7);59;55;13,26
5443;A;Increased Capacity (1-7);59;63;13,65
5444;A;Increased Capacity (1-7);57;58;15,86
5445;A;Increased Capacity (1-7);54;67;16
5446;A;Increased Capacity (1-7);55;55;15,89
5447;A;Increased Capacity (1-7);53;68;15,24
5448;A;Increased Capacity (1-7);54;71;15,44
5449;A;Increased Capacity (1-7);52;76;16,38
5450;A;Increased Capacity (1-7);56;69;15,75
5451;A;Increased Capacity (1-7);54;80;14,72
5452;A;Increased Capacity (1-7);59;60;15,13
5453;A;Increased Capacity (1-7);59;61;13,7
5454;A;Increased Capacity (1-7);52;60;16
5455;A;Increased Capacity (1-7);54;67;15,89
5456;A;Increased Capacity (1-7);57;75;15,76
5457;A;Increased Capacity (1-7);60;49;14,21
5458;A;Increased Capacity (1-7);61;44;13,84
5459;A;Increased Capacity (1-7);57;44;14,57
5460;A;Increased Capacity (1-7);59;44;14,78
5461;A;Increased Capacity (1-7);57;63;13,86
5462;A;Increased Capacity (1-7);53;67;16,59
5463;A;Increased Capacity (1-7);57;55;15,19
5464;A;Increased Capacity (1-7);57;77;15,24
5465;A;Increased Capacity (1-7);54;67;14,17
5466;A;Increased Capacity (1-7);52;61;14
5467;A;Increased Capacity (1-7);56;75;15
5468;A;Increased Capacity (1-7);59;69;15,83
5469;A;Increased Capacity (1-7);59;58;15,17
5470;A;Increased Capacity (1-7);60;66;15,17
5471;A;Increased Capacity (1-7);59;63;14,65
5472;A;Increased Capacity (1-7);54;61;15,39
5473;A;Increased Capacity (1-7);52;63;16,38
5474;A;Increased Capacity (1-7);58;48;14,77
5475;A;Increased Capacity (1-7);54;57;15,28
5476;A;Increased Capacity (1-7);56;64;14,35
5477;A;Increased Capacity (1-7);57;57;14,24
5478;A;Increased Capacity (1-7);59;55;13,96
5479;A;Increased Capacity (1-7);61;42;12,84
5480;A;Increased Capacity (1-7);56;60;14,45
5481;A;Increased Capacity (1-7);58;60;13,45
5482;A;Increased Capacity (1-7);58;78;14,73
5483;A;Increased Capacity (1-7);56;64;14,35
5484;A;Increased Capacity (1-7);58;65;14,68
5485;A;Increased Capacity (1-7);59;67;13,83
5486;A;Increased Capacity (1-7);50;60;17,14
5487;A;Increased Capacity (1-7);57;68;15,57
5488;A;Increased Capacity (1-7);57;54;13,1
5489;A;Increased Capacity (1-7);49;69;14,85
5490;A;Increased Capacity (1-7);58;67;14,95
5491;A;Increased Capacity (1-7);55;67;14,53
5492;A;Increased Capacity (1-7);59;56;14,52
5493;A;Increased Capacity (1-7);57;60;15,76
5494;A;Increased Capacity (1-7);59;43;14,26
5495;A;Increased Capacity (1-7);51;56;16,47
5496;A;Increased Capacity (1-7);54;58;14,11
5497;A;Increased Capacity (1-7);54;42;14,17
5498;A;Increased Capacity (1-7);58;56;13,36
5499;A;Increased Capacity (1-7);54;64;16,17
5500;A;Increased Capacity (1-7);56;38;14,1
5501;A;Increased Capacity (1-7);49;61;14,69
5502;A;Increased Capacity (1-7);48;74;15,67
5503;A;Increased Capacity (1-7);56;58;12,45
5504;A;Increased Capacity (1-7);55;66;16,53
5505;A;Increased Capacity (1-7);49;65;16,85
5506;A;Increased Capacity (1-7);60;46;14
5507;A;Increased Capacity (1-7);53;56;13,41
5508;A;Increased Capacity (1-7);54;51;14,06
5509;A;Increased Capacity (1-7);59;54;14,43
5510;A;Increased Capacity (1-7);58;59;14,23
5511;A;Increased Capacity (1-7);58;53;12,86
5512;A;Increased Capacity (1-7);50;57;15,79
5513;A;Increased Capacity (1-7);59;47;14,87
5514;A;Increased Capacity (1-7);57;59;15
5515;A;Increased Capacity (1-7);60;56;13,62
5516;A;Increased Capacity (1-7);54;61;16,06
5517;A;Increased Capacity (1-7);53;68;15,47
5518;A;Increased Capacity (1-7);55;70;16,21
5519;A;Increased Capacity (1-7);56;62;13,75
5520;A;Increased Capacity (1-7);59;57;12,83
5521;A;Increased Capacity (1-7);58;55;14,23
5522;A;Increased Capacity (1-7);56;74;15,1
5523;A;Increased Capacity (1-7);52;60;15,38
5524;A;Increased Capacity (1-7);61;45;14,64
5525;A;Increased Capacity (1-7);62;71;14,35
5526;A;Increased Capacity (1-7);52;63;14,69
5527;A;Increased Capacity (1-7);60;70;15,04
5528;A;Increased Capacity (1-7);56;74;14,4
5529;A;Increased Capacity (1-7);55;61;15,21
5530;A;Increased Capacity (1-7);55;71;14,95
5531;A;Increased Capacity (1-7);59;55;15,3
5532;A;Increased Capacity (1-7);56;63;12,6
5533;A;Increased Capacity (1-7);57;47;14,95
5534;A;Increased Capacity (1-7);59;47;13,04
5535;A;Increased Capacity (1-7);61;51;14,36
5536;A;Increased Capacity (1-7);54;53;13
5537;A;Increased Capacity (1-7);51;57;15
5538;A;Increased Capacity (1-7);56;76;14,65
5539;A;Increased Capacity (1-7);64;55;13,46
5540;A;Increased Capacity (1-7);57;45;13,95
5541;A;Increased Capacity (1-7);58;42;14,5
5542;A;Increased Capacity (1-7);58;54;14,14
5543;A;Increased Capacity (1-7);54;65;16,61
5544;A;Increased Capacity (1-7);59;60;14,09
5545;A;Increased Capacity (1-7);58;70;14,77
5546;A;Increased Capacity (1-7);50;53;15,64
5547;A;Increased Capacity (1-7);61;63;14,6
5548;A;Increased Capacity (1-7);56;67;14,6
5549;A;Increased Capacity (1-7);55;66;14,79
5550;A;Increased Capacity (1-7);53;61;15,35
5551;A;Increased Capacity (1-7);61;65;13,8
5552;A;Increased Capacity (1-7);60;47;14,88
5553;A;Increased Capacity (1-7);50;67;17,07
5554;A;Increased Capacity (1-7);52;53;14,31
5555;A;Increased Capacity (1-7);61;42;13,52
5556;A;Increased Capacity (1-7);58;69;14,68
5557;A;Increased Capacity (1-7);53;65;16,18
5558;A;Increased Capacity (1-7);55;70;15,05
5559;A;Increased Capacity (1-7);55;63;15
5560;A;Increased Capacity (1-7);59;60;14,26
5561;A;Increased Capacity (1-7);58;52;15,09
5562;A;Increased Capacity (1-7);56;53;14,4
5563;A;Increased Capacity (1-7);49;63;14,15
5564;A;Increased Capacity (1-7);54;70;16
5565;A;Increased Capacity (1-7);59;66;14,65
5566;A;Increased Capacity (1-7);54;80;14,17
5567;A;Increased Capacity (1-7);57;62;14
5568;A;Increased Capacity (1-7);55;52;16,26
5569;A;Increased Capacity (1-7);55;58;13,95
5570;A;Increased Capacity (1-7);60;46;15,17
5571;A;Increased Capacity (1-7);57;74;15,38
5572;A;Increased Capacity (1-7);56;70;15,8
5573;A;Increased Capacity (1-7);58;49;12,27
5574;A;Increased Capacity (1-7);61;71;14,04
5575;A;Increased Capacity (1-7);51;72;15,47
5576;A;Increased Capacity (1-7);53;79;15,53
5577;A;Increased Capacity (1-7);57;61;14,38
5578;A;Increased Capacity (1-7);56;61;14,05
5579;A;Increased Capacity (1-7);54;52;16,78
5580;A;Increased Capacity (1-7);56;65;14,7
5581;A;Increased Capacity (1-7);59;66;15,39
5582;A;Increased Capacity (1-7);56;63;12,75
5583;A;Increased Capacity (1-7);54;53;14,56
5584;A;Increased Capacity (1-7);57;55;14,57
5585;A;Increased Capacity (1-7);49;70;18
5586;A;Increased Capacity (1-7);57;63;14,9
5587;A;Increased Capacity (1-7);47;58;15,27
5588;A;Increased Capacity (1-7);52;64;14,38
5589;A;Increased Capacity (1-7);57;53;15,81
5590;A;Increased Capacity (1-7);57;69;13,29
5591;A;Increased Capacity (1-7);54;57;15,78
5592;A;Increased Capacity (1-7);58;53;14,95
5593;A;Increased Capacity (1-7);56;63;15,15
5594;A;Increased Capacity (1-7);53;73;14,82
5595;A;Increased Capacity (1-7);58;39;13,82
5596;A;Increased Capacity (1-7);54;62;13,67
5597;A;Increased Capacity (1-7);59;52;14,17
5598;A;Increased Capacity (1-7);57;51;13,24
5599;A;Increased Capacity (1-7);61;49;14,36
5600;A;Increased Capacity (1-7);56;57;14,2
5601;A;Increased Capacity (1-7);59;59;13,09
5602;A;Increased Capacity (1-7);58;66;14,73
5603;A;Increased Capacity (1-7);54;70;15,39
5604;A;Increased Capacity (1-7);57;50;13,38
5605;A;Increased Capacity (1-7);52;54;15,44
5606;A;Increased Capacity (1-7);60;63;13,88
5607;A;Increased Capacity (1-7);56;60;14,95
5608;A;Increased Capacity (1-7);59;70;14,48
5609;A;Increased Capacity (1-7);63;51;13,78
5610;A;Increased Capacity (1-7);51;70;16,67
5611;A;Increased Capacity (1-7);57;69;15,33
5612;A;Increased Capacity (1-7);62;62;14,58
5613;A;Increased Capacity (1-7);60;47;14,71
5614;A;Increased Capacity (1-7);55;82;16,58
5615;A;Increased Capacity (1-7);57;61;15,29
5616;A;Increased Capacity (1-7);54;50;13,41
5617;A;Increased Capacity (1-7);52;64;14,44
5618;A;Increased Capacity (1-7);56;65;16,6
5619;A;Increased Capacity (1-7);56;69;15,55
5620;A;Increased Capacity (1-7);54;78;15,72
5621;A;Increased Capacity (1-7);61;66;14,92
5622;A;Increased Capacity (1-7);55;54;16,16
5623;A;Increased Capacity (1-7);53;70;15,12
5624;A;Increased Capacity (1-7);54;52;14,72
5625;A;Increased Capacity (1-7);57;52;13,43
5626;A;Increased Capacity (1-7);53;86;15,65
5627;A;Increased Capacity (1-7);57;52;15,1
5628;A;Increased Capacity (1-7);55;64;14,89
5629;A;Increased Capacity (1-7);57;56;13,95
5630;A;Increased Capacity (1-7);54;49;14,67
5631;A;Increased Capacity (1-7);60;54;14,79
5632;A;Increased Capacity (1-7);60;60;12,38
5633;A;Increased Capacity (1-7);59;64;13,48
5634;A;Increased Capacity (1-7);56;58;13,45
5635;A;Increased Capacity (1-7);57;65;15
5636;A;Increased Capacity (1-7);53;59;15,47
5637;A;Increased Capacity (1-7);56;60;15,15
5638;A;Increased Capacity (1-7);50;46;14,07
5639;A;Increased Capacity (1-7);47;71;16,27
5640;A;Increased Capacity (1-7);57;66;14,86
5641;A;Increased Capacity (1-7);57;68;15,29
5642;A;Increased Capacity (1-7);51;57;15,33
5643;A;Increased Capacity (1-7);51;64;15,93
5644;A;Increased Capacity (1-7);56;53;13,95
5645;A;Increased Capacity (1-7);57;54;13,43
5646;A;Increased Capacity (1-7);56;61;15,15
5647;A;Increased Capacity (1-7);51;72;16,67
5648;A;Increased Capacity (1-7);56;69;14,7
5649;A;Increased Capacity (1-7);57;71;14,76
5650;A;Increased Capacity (1-7);58;36;12,55
5651;A;Increased Capacity (1-7);52;73;15,06
5652;A;Increased Capacity (1-7);62;57;14,42
5653;A;Increased Capacity (1-7);53;66;15,18
5654;A;Increased Capacity (1-7);50;71;16,5
5655;A;Increased Capacity (1-7);56;69;16,7
5656;A;Increased Capacity (1-7);50;60;15
5657;A;Increased Capacity (1-7);56;69;14,5
5658;A;Increased Capacity (1-7);58;41;13,64
5659;A;Increased Capacity (1-7);62;63;13,65
5660;A;Increased Capacity (1-7);58;69;14,05
5661;A;Increased Capacity (1-7);57;63;14,71
5662;A;Increased Capacity (1-7);60;49;14,38
5663;A;Increased Capacity (1-7);60;55;14,96
5664;A;Increased Capacity (1-7);61;63;12,72
5665;A;Increased Capacity (1-7);55;72;13,47
5666;A;Increased Capacity (1-7);54;59;14,33
5667;A;Increased Capacity (1-7);57;64;14,05
5668;A;Increased Capacity (1-7);55;68;16,16
5669;A;Increased Capacity (1-7);57;64;14,29
5670;A;Increased Capacity (1-7);53;69;15,94
5671;A;Increased Capacity (1-7);55;77;16,32
5672;A;Increased Capacity (1-7);53;72;14,71
5673;A;Increased Capacity (1-7);60;79;14,88
5674;A;Increased Capacity (1-7);57;65;15,05
5675;A;Increased Capacity (1-7);55;61;15
5676;A;Increased Capacity (1-7);53;53;15,65
5677;A;Increased Capacity (1-7);54;62;15
5678;A;Increased Capacity (1-7);63;59;13,81
5679;A;Increased Capacity (1-7);57;45;13,9
5680;A;Increased Capacity (1-7);54;58;14,06
5681;A;Increased Capacity (1-7);55;69;13,11
5682;A;Increased Capacity (1-7);51;54;15,87
5683;A;Increased Capacity (1-7);52;70;15,25
5684;A;Increased Capacity (1-7);53;62;16,47
5685;A;Increased Capacity (1-7);49;64;16,38
5686;A;Increased Capacity (1-7);66;59;13,93
5687;A;Increased Capacity (1-7);56;58;13,63
5688;A;Increased Capacity (1-7);57;58;13,05
5689;A;Increased Capacity (1-7);54;58;14,33
5690;A;Increased Capacity (1-7);58;60;16,73
5691;A;Increased Capacity (1-7);58;41;13,55
5692;A;Increased Capacity (1-7);50;49;14,93
5693;A;Increased Capacity (1-7);54;62;15,94
5694;A;Increased Capacity (1-7);54;58;14,11
5695;A;Increased Capacity (1-7);58;66;14,64
5696;A;Increased Capacity (1-7);58;62;13,5
5697;A;Increased Capacity (1-7);60;52;14,75
5698;A;Increased Capacity (1-7);56;78;14,4
5699;A;Increased Capacity (1-7);50;80;13,93
5700;A;Increased Capacity (1-7);55;51;15
5701;A;Increased Capacity (1-7);56;74;14,4
5702;A;Increased Capacity (1-7);58;60;13,23
5703;A;Increased Capacity (1-7);56;61;13,7
5704;A;Increased Capacity (1-7);62;57;14,08
5705;A;Increased Capacity (1-7);59;53;14,3
5706;A;Increased Capacity (1-7);56;49;13,68
5707;A;Increased Capacity (1-7);60;38;11,46
5708;A;Increased Capacity (1-7);57;62;13,81
5709;A;Increased Capacity (1-7);50;69;15,5
5710;A;Increased Capacity (1-7);58;57;15,05
5711;A;Increased Capacity (1-7);59;64;14,22
5712;A;Increased Capacity (1-7);57;61;15,14
5713;A;Increased Capacity (1-7);63;60;15
5714;A;Increased Capacity (1-7);55;76;16,21
5715;A;Increased Capacity (1-7);62;49;12,58
5716;A;Increased Capacity (1-7);54;58;15,39
5717;A;Increased Capacity (1-7);57;73;15,33
5718;A;Increased Capacity (1-7);51;74;16,67
5719;A;Increased Capacity (1-7);60;60;14,08
5720;A;Increased Capacity (1-7);64;47;12,14
5721;A;Increased Capacity (1-7);51;69;16
5722;A;Increased Capacity (1-7);61;40;13,52
5723;A;Increased Capacity (1-7);54;66;16,44
5724;A;Increased Capacity (1-7);59;54;15,52
5725;A;Increased Capacity (1-7);54;63;15,28
5726;A;Increased Capacity (1-7);57;55;14,76
5727;A;Increased Capacity (1-7);60;63;15,5
5728;A;Increased Capacity (1-7);48;59;15,33
5729;A;Increased Capacity (1-7);52;43;13,62
5730;A;Increased Capacity (1-7);52;56;17
5731;A;Increased Capacity (1-7);58;66;14,73
5732;A;Increased Capacity (1-7);61;64;14,44
5733;A;Increased Capacity (1-7);60;58;13,17
5734;A;Increased Capacity (1-7);53;56;14,24
5735;A;Increased Capacity (1-7);51;68;14,93
5736;A;Increased Capacity (1-7);60;56;13,46
5737;A;Increased Capacity (1-7);64;45;15,36
5738;A;Increased Capacity (1-7);58;52;14,91
5739;A;Increased Capacity (1-7);56;60;15,4
5740;A;Increased Capacity (1-7);56;68;15,15
5741;A;Increased Capacity (1-7);55;62;15,79
5742;A;Increased Capacity (1-7);56;55;14,15
5743;A;Increased Capacity (1-7);55;61;16,56
5744;A;Increased Capacity (1-7);52;61;13,88
5745;A;Increased Capacity (1-7);52;68;16,12
5746;A;Increased Capacity (1-7);59;64;15,13
5747;A;Increased Capacity (1-7);51;74;16,53
5748;A;Increased Capacity (1-7);56;42;12,6
5749;A;Increased Capacity (1-7);56;55;15,15
5750;A;Increased Capacity (1-7);62;53;13,96
5751;A;Increased Capacity (1-7);57;51;16,33
5752;A;Increased Capacity (1-7);50;66;16,43
5753;A;Increased Capacity (1-7);55;50;13,74
5754;A;Increased Capacity (1-7);68;41;12,66
5755;A;Increased Capacity (1-7);57;58;13,29
5756;A;Increased Capacity (1-7);59;48;14,26
5757;A;Increased Capacity (1-7);53;68;15,65
5758;A;Increased Capacity (1-7);54;69;15,11
5759;A;Increased Capacity (1-7);61;66;13,96
5760;A;Increased Capacity (1-7);49;58;16,69
5761;A;Increased Capacity (1-7);54;63;14,44
5762;A;Increased Capacity (1-7);56;48;13
5763;A;Increased Capacity (1-7);54;54;15,78
5764;A;Increased Capacity (1-7);57;62;15,43
5765;A;Increased Capacity (1-7);57;52;14,86
5766;A;Increased Capacity (1-7);54;49;13,5
5767;A;Increased Capacity (1-7);60;57;13,96
5768;A;Increased Capacity (1-7);55;61;13,53
5769;A;Increased Capacity (1-7);50;76;15,43
5770;A;Increased Capacity (1-7);56;60;15,05
5771;A;Increased Capacity (1-7);53;66;15,24
5772;A;Increased Capacity (1-7);55;70;15,26
5773;A;Increased Capacity (1-7);44;63;16,88
5774;A;Increased Capacity (1-7);62;56;13,77
5775;A;Increased Capacity (1-7);64;47;13,39
5776;A;Increased Capacity (1-7);55;83;15,53
5777;A;Increased Capacity (1-7);63;55;11,89
5778;A;Increased Capacity (1-7);54;74;13,61
5779;A;Increased Capacity (1-7);57;56;13,76
5780;A;Increased Capacity (1-7);59;58;13,96
5781;A;Increased Capacity (1-7);51;55;14,67
5782;A;Increased Capacity (1-7);55;53;14,58
5783;A;Increased Capacity (1-7);64;37;13,64
5784;A;Increased Capacity (1-7);58;49;15,64
5785;A;Increased Capacity (1-7);61;53;13,72
5786;A;Increased Capacity (1-7);55;48;15
5787;A;Increased Capacity (1-7);58;55;14,41
5788;A;Increased Capacity (1-7);61;41;14,48
5789;A;Increased Capacity (1-7);63;67;14,41
5790;A;Increased Capacity (1-7);61;48;15,08
5791;A;Increased Capacity (1-7);51;89;16
5792;A;Increased Capacity (1-7);57;64;14,71
5793;A;Increased Capacity (1-7);52;55;14,5
5794;A;Increased Capacity (1-7);57;70;15,48
5795;A;Increased Capacity (1-7);51;86;14,93
5796;A;Increased Capacity (1-7);58;54;13,82
5797;A;Increased Capacity (1-7);61;53;13,6
5798;A;Increased Capacity (1-7);56;56;12,7
5799;A;Increased Capacity (1-7);55;73;13,79
5800;A;Increased Capacity (1-7);56;61;15,45
5801;A;Increased Capacity (1-7);59;50;13
5802;A;Increased Capacity (1-7);52;69;15,12
5803;A;Increased Capacity (1-7);64;37;13,93
5804;A;Increased Capacity (1-7);55;70;14,16
5805;A;Increased Capacity (1-7);57;69;14,24
5806;A;Increased Capacity (1-7);56;72;13,15
5807;A;Increased Capacity (1-7);60;55;13,75
5808;A;Increased Capacity (1-7);60;61;15,33
5809;A;Increased Capacity (1-7);55;66;14,74
5810;A;Increased Capacity (1-7);58;50;14,55
5811;A;Increased Capacity (1-7);56;45;13,45
5812;A;Increased Capacity (1-7);52;76;14,94
5813;A;Increased Capacity (1-7);59;49;13,96
5814;A;Increased Capacity (1-7);48;91;16,75
5815;A;Increased Capacity (1-7);56;61;14,15
5816;A;Increased Capacity (1-7);56;43;13,85
5817;A;Increased Capacity (1-7);57;59;14,67
5818;A;Increased Capacity (1-7);60;72;14,79
5819;A;Increased Capacity (1-7);63;59;14,22
5820;A;Increased Capacity (1-7);59;50;12,39
5821;A;Increased Capacity (1-7);56;61;14,2
5822;A;Increased Capacity (1-7);58;62;13,18
5823;A;Increased Capacity (1-7);46;74;15
5824;A;Increased Capacity (1-7);51;73;15,93
5825;A;Increased Capacity (1-7);53;75;15,41
5826;A;Increased Capacity (1-7);49;68;15,77
5827;A;Increased Capacity (1-7);53;67;16
5828;A;Increased Capacity (1-7);56;65;15,65
5829;A;Increased Capacity (1-7);59;50;13,78
5830;A;Increased Capacity (1-7);51;88;15,87
5831;A;Increased Capacity (1-7);52;62;16,94
5832;A;Increased Capacity (1-7);54;65;14
5833;A;Increased Capacity (1-7);50;75;17,14
5834;A;Increased Capacity (1-7);57;53;15,14
5835;A;Increased Capacity (1-7);58;42;14,09
5836;A;Increased Capacity (1-7);57;47;14,29
5837;A;Increased Capacity (1-7);61;65;14,64
5838;A;Increased Capacity (1-7);52;62;14,94
5839;A;Increased Capacity (1-7);57;66;15,24
5840;A;Increased Capacity (1-7);56;58;13,6
5841;A;Increased Capacity (1-7);52;69;14,56
5842;A;Increased Capacity (1-7);53;54;15,29
5843;A;Increased Capacity (1-7);54;54;15,89
5844;A;Increased Capacity (1-7);58;54;14,45
5845;A;Increased Capacity (1-7);53;48;16,06
5846;A;Increased Capacity (1-7);54;76;15,11
5847;A;Increased Capacity (1-7);54;53;13,67
5848;A;Increased Capacity (1-7);62;69;14,31
5849;A;Increased Capacity (1-7);50;70;15,93
5850;A;Increased Capacity (1-7);62;49;14,12
5851;A;Increased Capacity (1-7);55;59;15,11
5852;A;Increased Capacity (1-7);62;57;12,73
5853;A;Increased Capacity (1-7);57;45;13,67
5854;A;Increased Capacity (1-7);62;49;12,27
5855;A;Increased Capacity (1-7);53;63;14,71
5856;A;Increased Capacity (1-7);64;64;14,07
5857;A;Increased Capacity (1-7);52;69;17,12
5858;A;Increased Capacity (1-7);62;53;14,38
5859;A;Increased Capacity (1-7);55;84;15,89
5860;A;Increased Capacity (1-7);56;54;13,1
5861;A;Increased Capacity (1-7);55;52;14,58
5862;A;Increased Capacity (1-7);53;65;15,06
5863;A;Increased Capacity (1-7);53;51;15,47
5864;A;Increased Capacity (1-7);62;48;14,42
5865;A;Increased Capacity (1-7);57;66;14,43
5866;A;Increased Capacity (1-7);53;59;14,59
5867;A;Increased Capacity (1-7);54;58;16,11
5868;A;Increased Capacity (1-7);53;55;14,59
5869;A;Increased Capacity (1-7);51;69;15,67
5870;A;Increased Capacity (1-7);54;58;16,17
5871;A;Increased Capacity (1-7);60;58;14
5872;A;Increased Capacity (1-7);56;61;14,75
5873;A;Increased Capacity (1-7);52;78;16,62
5874;A;Increased Capacity (1-7);52;54;14,81
5875;A;Increased Capacity (1-7);53;71;15,35
5876;A;Increased Capacity (1-7);59;59;16,43
5877;A;Increased Capacity (1-7);50;75;16,14
5878;A;Increased Capacity (1-7);52;54;15
5879;A;Increased Capacity (1-7);58;80;15
5880;A;Increased Capacity (1-7);58;62;16,05
5881;A;Increased Capacity (1-7);49;71;15,08
5882;A;Increased Capacity (1-7);55;45;12,95
5883;A;Increased Capacity (1-7);56;71;13,15
5884;A;Increased Capacity (1-7);64;55;14,89
5885;A;Increased Capacity (1-7);56;51;13,05
5886;A;Increased Capacity (1-7);53;71;14,82
5887;A;Increased Capacity (1-7);60;59;14,96
5888;A;Increased Capacity (1-7);52;58;13,75
5889;A;Increased Capacity (1-7);60;58;13,17
5890;A;Increased Capacity (1-7);60;71;14,08
5891;A;Increased Capacity (1-7);57;65;14,81
5892;A;Increased Capacity (1-7);47;74;16,82
5893;A;Increased Capacity (1-7);55;68;14,79
5894;A;Increased Capacity (1-7);52;71;17,06
5895;A;Increased Capacity (1-7);54;64;16,17
5896;A;Increased Capacity (1-7);50;63;15,14
5897;A;Increased Capacity (1-7);59;63;12,61
5898;A;Increased Capacity (1-7);51;74;15,67
5899;A;Increased Capacity (1-7);56;55;11,55
5900;A;Increased Capacity (1-7);54;68;15,89
5901;A;Increased Capacity (1-7);60;69;15,21
5902;A;Increased Capacity (1-7);55;73;15,37
5903;A;Increased Capacity (1-7);58;58;15,68
5904;A;Increased Capacity (1-7);62;55;13,92
5905;A;Increased Capacity (1-7);56;61;15,35
5906;A;Increased Capacity (1-7);55;63;13,79
5907;A;Increased Capacity (1-7);60;58;14,67
5908;A;Increased Capacity (1-7);51;43;13,67
5909;A;Increased Capacity (1-7);57;58;15,29
5910;A;Increased Capacity (1-7);61;63;16,08
5911;A;Increased Capacity (1-7);52;68;14,69
5912;A;Increased Capacity (1-7);55;64;14
5913;A;Increased Capacity (1-7);60;46;13,21
5914;A;Increased Capacity (1-7);55;60;16,16
5915;A;Increased Capacity (1-7);57;46;12,76
5916;A;Increased Capacity (1-7);58;57;13,32
5917;A;Increased Capacity (1-7);60;52;13,04
5918;A;Increased Capacity (1-7);58;52;15,64
5919;A;Increased Capacity (1-7);55;53;14,21
5920;A;Increased Capacity (1-7);56;63;13,85
5921;A;Increased Capacity (1-7);53;75;16,35
5922;A;Increased Capacity (1-7);55;60;14,37
5923;A;Increased Capacity (1-7);60;63;13,58
5924;A;Increased Capacity (1-7);53;83;15,82
5925;A;Increased Capacity (1-7);45;84;17,22
5926;A;Increased Capacity (1-7);57;53;15,24
5927;A;Increased Capacity (1-7);54;67;14,67
5928;A;Increased Capacity (1-7);52;64;14,25
5929;A;Increased Capacity (1-7);56;61;15,1
5930;A;Increased Capacity (1-7);53;72;15,47
5931;A;Increased Capacity (1-7);58;64;14,45
5932;A;Increased Capacity (1-7);59;70;14
5933;A;Increased Capacity (1-7);59;59;13,74
5934;A;Increased Capacity (1-7);56;62;16,15
5935;A;Increased Capacity (1-7);50;61;14,36
5936;A;Increased Capacity (1-7);51;61;16,33
5937;A;Increased Capacity (1-7);58;57;14,73
5938;A;Increased Capacity (1-7);56;77;16,35
5939;A;Increased Capacity (1-7);54;65;16
5940;A;Increased Capacity (1-7);60;61;13,96
5941;A;Increased Capacity (1-7);58;69;12,91
5942;A;Increased Capacity (1-7);57;58;15,29
5943;A;Increased Capacity (1-7);52;68;16,62
5944;A;Increased Capacity (1-7);57;47;14,5
5945;A;Increased Capacity (1-7);50;51;15,86
5946;A;Increased Capacity (1-7);60;65;13,33
5947;A;Increased Capacity (1-7);56;64;16,2
5948;A;Increased Capacity (1-7);60;62;14,83
5949;A;Increased Capacity (1-7);60;41;13,08
5950;A;Increased Capacity (1-7);56;67;15,3
5951;A;Increased Capacity (1-7);65;58;14,07
5952;A;Increased Capacity (1-7);57;54;13,29
5953;A;Increased Capacity (1-7);58;39;13,27
5954;A;Increased Capacity (1-7);59;58;14,57
5955;A;Increased Capacity (1-7);58;46;13,5
5956;A;Increased Capacity (1-7);62;60;15,15
5957;A;Increased Capacity (1-7);62;42;13,23
5958;A;Increased Capacity (1-7);59;56;13,48
5959;A;Increased Capacity (1-7);56;38;11,6
5960;A;Increased Capacity (1-7);52;62;15,69
5961;A;Increased Capacity (1-7);62;45;14,38
5962;A;Increased Capacity (1-7);56;51;13,05
5963;A;Increased Capacity (1-7);57;57;15,24
5964;A;Increased Capacity (1-7);59;43;13,22
5965;A;Increased Capacity (1-7);54;58;16,06
5966;A;Increased Capacity (1-7);56;77;15,1
5967;A;Increased Capacity (1-7);62;57;14,5
5968;A;Increased Capacity (1-7);58;61;13,77
5969;A;Increased Capacity (1-7);53;47;13,29
5970;A;Increased Capacity (1-7);65;43;13,9
5971;A;Increased Capacity (1-7);62;62;13,96
5972;A;Increased Capacity (1-7);64;69;14,79
5973;A;Increased Capacity (1-7);53;79;15,47
5974;A;Increased Capacity (1-7);48;70;15,92
5975;A;Increased Capacity (1-7);50;68;15,36
5976;A;Increased Capacity (1-7);52;52;16,25
5977;A;Increased Capacity (1-7);52;60;14,56
5978;A;Increased Capacity (1-7);56;57;14,95
5979;A;Increased Capacity (1-7);62;45;12,85
5980;A;Increased Capacity (1-7);57;47;12,05
5981;A;Increased Capacity (1-7);57;62;14,86
5982;A;Increased Capacity (1-7);59;59;13
5983;A;Increased Capacity (1-7);56;65;14,5
5984;A;Increased Capacity (1-7);53;57;14,47
5985;A;Increased Capacity (1-7);59;49;13,78
5986;A;Increased Capacity (1-7);58;64;13,09
5987;A;Increased Capacity (1-7);59;38;12,65
5988;A;Increased Capacity (1-7);64;56;14,07
5989;A;Increased Capacity (1-7);59;48;14
5990;A;Increased Capacity (1-7);56;55;14,9
5991;A;Increased Capacity (1-7);60;53;14,58
5992;A;Increased Capacity (1-7);56;63;13,8
5993;A;Increased Capacity (1-7);54;63;14,56
5994;A;Increased Capacity (1-7);55;78;15,95
5995;A;Increased Capacity (1-7);56;67;14,45
5996;A;Increased Capacity (1-7);55;54;13,84
5997;A;Increased Capacity (1-7);58;73;15,45
5998;A;Increased Capacity (1-7);53;63;16
5999;A;Increased Capacity (1-7);56;64;15,4
6000;B;Reduced Variability (2-5);58;39;14
6001;B;Reduced Variability (2-5);64;37;12,18
6002;B;Reduced Variability (2-5);61;48;13,04
6003;B;Reduced Variability (2-5);62;44;13,42
6004;B;Reduced Variability (2-5);60;48;14,08
6005;B;Reduced Variability (2-5);56;44;13,6
6006;B;Reduced Variability (2-5);57;46;13,71
6007;B;Reduced Variability (2-5);55;54;14,16
6008;B;Reduced Variability (2-5);63;40;13,48
6009;B;Reduced Variability (2-5);61;50;13,76
6010;B;Reduced Variability (2-5);61;40;12,88
6011;B;Reduced Variability (2-5);52;53;15
6012;B;Reduced Variability (2-5);57;52;13,33
6013;B;Reduced Variability (2-5);62;53;13,28
6014;B;Reduced Variability (2-5);60;47;14,75
6015;B;Reduced Variability (2-5);58;44;14,55
6016;B;Reduced Variability (2-5);62;48;12,38
6017;B;Reduced Variability (2-5);62;50;13,19
6018;B;Reduced Variability (2-5);63;42;13,22
6019;B;Reduced Variability (2-5);60;47;12,04
6020;B;Reduced Variability (2-5);63;37;12,44
6021;B;Reduced Variability (2-5);64;45;12,43
6022;B;Reduced Variability (2-5);60;43;12,88
6023;B;Reduced Variability (2-5);62;43;12,73
6024;B;Reduced Variability (2-5);61;43;13,48
6025;B;Reduced Variability (2-5);53;55;15
6026;B;Reduced Variability (2-5);59;48;12,83
6027;B;Reduced Variability (2-5);57;43;13,33
6028;B;Reduced Variability (2-5);59;49;14
6029;B;Reduced Variability (2-5);55;50;14,74
6030;B;Reduced Variability (2-5);62;32;13,04
6031;B;Reduced Variability (2-5);55;42;14,11
6032;B;Reduced Variability (2-5);59;47;13,43
6033;B;Reduced Variability (2-5);59;43;14,43
6034;B;Reduced Variability (2-5);60;47;13,88
6035;B;Reduced Variability (2-5);57;46;14,71
6036;B;Reduced Variability (2-5);61;40;13,68
6037;B;Reduced Variability (2-5);62;41;13,12
6038;B;Reduced Variability (2-5);59;40;12,09
6039;B;Reduced Variability (2-5);63;45;13,11
6040;B;Reduced Variability (2-5);60;42;13,58
6041;B;Reduced Variability (2-5);55;58;14,68
6042;B;Reduced Variability (2-5);62;47;13,5
6043;B;Reduced Variability (2-5);65;44;12,14
6044;B;Reduced Variability (2-5);56;58;14,1
6045;B;Reduced Variability (2-5);58;54;13,68
6046;B;Reduced Variability (2-5);61;51;14
6047;B;Reduced Variability (2-5);58;52;14,59
6048;B;Reduced Variability (2-5);62;44;12,65
6049;B;Reduced Variability (2-5);60;53;15,12
6050;B;Reduced Variability (2-5);57;41;13,95
6051;B;Reduced Variability (2-5);57;51;14,05
6052;B;Reduced Variability (2-5);62;41;12,88
6053;B;Reduced Variability (2-5);62;33;13,42
6054;B;Reduced Variability (2-5);58;57;13,91
6055;B;Reduced Variability (2-5);59;46;12,74
6056;B;Reduced Variability (2-5);57;50;14,33
6057;B;Reduced Variability (2-5);55;60;15,68
6058;B;Reduced Variability (2-5);61;42;13,8
6059;B;Reduced Variability (2-5);63;42;13,37
6060;B;Reduced Variability (2-5);57;42;13,62
6061;B;Reduced Variability (2-5);57;55;14,1
6062;B;Reduced Variability (2-5);62;43;11,54
6063;B;Reduced Variability (2-5);56;52;15,05
6064;B;Reduced Variability (2-5);59;46;14,35
6065;B;Reduced Variability (2-5);63;43;12,33
6066;B;Reduced Variability (2-5);63;46;13,44
6067;B;Reduced Variability (2-5);60;48;13,42
6068;B;Reduced Variability (2-5);59;49;13,87
6069;B;Reduced Variability (2-5);58;41;12,64
6070;B;Reduced Variability (2-5);61;51;12,79
6071;B;Reduced Variability (2-5);55;54;14,42
6072;B;Reduced Variability (2-5);61;37;12,56
6073;B;Reduced Variability (2-5);61;37;12,2
6074;B;Reduced Variability (2-5);57;46;12,9
6075;B;Reduced Variability (2-5);58;55;13,95
6076;B;Reduced Variability (2-5);64;42;13,64
6077;B;Reduced Variability (2-5);59;53;14,65
6078;B;Reduced Variability (2-5);59;49;12,57
6079;B;Reduced Variability (2-5);61;40;12,36
6080;B;Reduced Variability (2-5);58;48;13,41
6081;B;Reduced Variability (2-5);57;51;14,19
6082;B;Reduced Variability (2-5);59;46;14,48
6083;B;Reduced Variability (2-5);59;47;13,26
6084;B;Reduced Variability (2-5);59;46;14,96
6085;B;Reduced Variability (2-5);61;50;13,64
6086;B;Reduced Variability (2-5);63;35;13,07
6087;B;Reduced Variability (2-5);61;42;13,48
6088;B;Reduced Variability (2-5);60;41;13,08
6089;B;Reduced Variability (2-5);61;44;12,92
6090;B;Reduced Variability (2-5);63;44;13,78
6091;B;Reduced Variability (2-5);55;53;14,47
6092;B;Reduced Variability (2-5);60;43;12,79
6093;B;Reduced Variability (2-5);61;46;14
6094;B;Reduced Variability (2-5);60;55;14,12
6095;B;Reduced Variability (2-5);57;33;12,86
6096;B;Reduced Variability (2-5);58;47;15,23
6097;B;Reduced Variability (2-5);56;50;13,9
6098;B;Reduced Variability (2-5);60;48;13,79
6099;B;Reduced Variability (2-5);59;53;13,83
6100;B;Reduced Variability (2-5);62;40;13,85
6101;B;Reduced Variability (2-5);61;46;13,4
6102;B;Reduced Variability (2-5);59;44;13,09
6103;B;Reduced Variability (2-5);61;41;12,48
6104;B;Reduced Variability (2-5);63;39;13,59
6105;B;Reduced Variability (2-5);57;44;13,57
6106;B;Reduced Variability (2-5);64;49;14
6107;B;Reduced Variability (2-5);56;57;14,84
6108;B;Reduced Variability (2-5);61;39;11,8
6109;B;Reduced Variability (2-5);55;45;13,68
6110;B;Reduced Variability (2-5);60;38;14,25
6111;B;Reduced Variability (2-5);60;39;13,25
6112;B;Reduced Variability (2-5);61;39;12,36
6113;B;Reduced Variability (2-5);60;48;13,29
6114;B;Reduced Variability (2-5);62;40;13,31
6115;B;Reduced Variability (2-5);55;44;14,68
6116;B;Reduced Variability (2-5);61;46;12,84
6117;B;Reduced Variability (2-5);61;47;13,64
6118;B;Reduced Variability (2-5);61;39;13,8
6119;B;Reduced Variability (2-5);60;46;13,46
6120;B;Reduced Variability (2-5);59;42;13,78
6121;B;Reduced Variability (2-5);57;44;13,95
6122;B;Reduced Variability (2-5);61;47;13,64
6123;B;Reduced Variability (2-5);60;49;14,21
6124;B;Reduced Variability (2-5);59;54;13,78
6125;B;Reduced Variability (2-5);62;53;12,96
6126;B;Reduced Variability (2-5);58;55;14,18
6127;B;Reduced Variability (2-5);59;47;12,09
6128;B;Reduced Variability (2-5);56;60;14,45
6129;B;Reduced Variability (2-5);61;53;13,8
6130;B;Reduced Variability (2-5);62;44;12,19
6131;B;Reduced Variability (2-5);59;39;12,61
6132;B;Reduced Variability (2-5);58;48;14,59
6133;B;Reduced Variability (2-5);54;59;13,89
6134;B;Reduced Variability (2-5);61;42;12,88
6135;B;Reduced Variability (2-5);61;43;13,04
6136;B;Reduced Variability (2-5);63;43;13,04
6137;B;Reduced Variability (2-5);60;41;12,79
6138;B;Reduced Variability (2-5);63;44;12,52
6139;B;Reduced Variability (2-5);58;49;13,82
6140;B;Reduced Variability (2-5);56;46;14,85
6141;B;Reduced Variability (2-5);58;50;12,45
6142;B;Reduced Variability (2-5);59;50;13,52
6143;B;Reduced Variability (2-5);62;47;13,35
6144;B;Reduced Variability (2-5);62;49;13,5
6145;B;Reduced Variability (2-5);64;39;12,93
6146;B;Reduced Variability (2-5);56;57;14,1
6147;B;Reduced Variability (2-5);60;50;14,29
6148;B;Reduced Variability (2-5);61;52;13,48
6149;B;Reduced Variability (2-5);63;38;11,7
6150;B;Reduced Variability (2-5);54;54;14,33
6151;B;Reduced Variability (2-5);57;45;14,86
6152;B;Reduced Variability (2-5);60;43;13,38
6153;B;Reduced Variability (2-5);58;52;13,91
6154;B;Reduced Variability (2-5);58;41;13,09
6155;B;Reduced Variability (2-5);53;51;15,53
6156;B;Reduced Variability (2-5);55;43;13
6157;B;Reduced Variability (2-5);59;48;13,91
6158;B;Reduced Variability (2-5);61;40;11,92
6159;B;Reduced Variability (2-5);59;48;13,43
6160;B;Reduced Variability (2-5);58;42;13,64
6161;B;Reduced Variability (2-5);65;44;12,45
6162;B;Reduced Variability (2-5);60;47;13,29
6163;B;Reduced Variability (2-5);61;40;12,08
6164;B;Reduced Variability (2-5);54;50;14,56
6165;B;Reduced Variability (2-5);59;45;13,13
6166;B;Reduced Variability (2-5);61;48;13,84
6167;B;Reduced Variability (2-5);63;42;12,56
6168;B;Reduced Variability (2-5);56;44;13,65
6169;B;Reduced Variability (2-5);57;50;14,52
6170;B;Reduced Variability (2-5);61;35;12,6
6171;B;Reduced Variability (2-5);60;41;13,21
6172;B;Reduced Variability (2-5);60;44;13,96
6173;B;Reduced Variability (2-5);59;46;14
6174;B;Reduced Variability (2-5);57;47;13,81
6175;B;Reduced Variability (2-5);58;38;12,68
6176;B;Reduced Variability (2-5);57;40;12,71
6177;B;Reduced Variability (2-5);58;48;15
6178;B;Reduced Variability (2-5);59;51;14
6179;B;Reduced Variability (2-5);59;52;14,87
6180;B;Reduced Variability (2-5);61;48;13,96
6181;B;Reduced Variability (2-5);61;54;13,56
6182;B;Reduced Variability (2-5);58;41;12,27
6183;B;Reduced Variability (2-5);58;51;13,41
6184;B;Reduced Variability (2-5);60;46;12,71
6185;B;Reduced Variability (2-5);63;41;12,81
6186;B;Reduced Variability (2-5);60;37;12,38
6187;B;Reduced Variability (2-5);60;55;13,21
6188;B;Reduced Variability (2-5);59;47;14,3
6189;B;Reduced Variability (2-5);60;45;13,71
6190;B;Reduced Variability (2-5);62;47;13,88
6191;B;Reduced Variability (2-5);60;49;13,67
6192;B;Reduced Variability (2-5);56;55;14,2
6193;B;Reduced Variability (2-5);61;45;12,96
6194;B;Reduced Variability (2-5);61;46;12,04
6195;B;Reduced Variability (2-5);61;35;11,92
6196;B;Reduced Variability (2-5);62;41;12,73
6197;B;Reduced Variability (2-5);60;47;13,83
6198;B;Reduced Variability (2-5);62;54;14,08
6199;B;Reduced Variability (2-5);61;44;13,6
6200;B;Reduced Variability (2-5);62;48;13,46
6201;B;Reduced Variability (2-5);53;54;14,94
6202;B;Reduced Variability (2-5);58;54;13,55
6203;B;Reduced Variability (2-5);60;53;13,38
6204;B;Reduced Variability (2-5);59;47;13
6205;B;Reduced Variability (2-5);59;43;12,48
6206;B;Reduced Variability (2-5);55;46;13,68
6207;B;Reduced Variability (2-5);60;46;13,46
6208;B;Reduced Variability (2-5);59;47;14,09
6209;B;Reduced Variability (2-5);60;44;13,42
6210;B;Reduced Variability (2-5);60;43;13,25
6211;B;Reduced Variability (2-5);62;41;12,92
6212;B;Reduced Variability (2-5);59;49;14,17
6213;B;Reduced Variability (2-5);60;39;12,62
6214;B;Reduced Variability (2-5);61;46;13,72
6215;B;Reduced Variability (2-5);55;50;13,53
6216;B;Reduced Variability (2-5);59;37;13,39
6217;B;Reduced Variability (2-5);53;60;15,29
6218;B;Reduced Variability (2-5);61;39;12,8
6219;B;Reduced Variability (2-5);60;50;12,62
6220;B;Reduced Variability (2-5);57;51;12,81
6221;B;Reduced Variability (2-5);60;53;14,83
6222;B;Reduced Variability (2-5);63;39;13,33
6223;B;Reduced Variability (2-5);61;42;14,12
6224;B;Reduced Variability (2-5);61;52;13,84
6225;B;Reduced Variability (2-5);62;39;12,08
6226;B;Reduced Variability (2-5);63;44;13,11
6227;B;Reduced Variability (2-5);59;53;13,65
6228;B;Reduced Variability (2-5);63;45;11,56
6229;B;Reduced Variability (2-5);61;45;13,08
6230;B;Reduced Variability (2-5);59;41;13,83
6231;B;Reduced Variability (2-5);57;56;14,38
6232;B;Reduced Variability (2-5);56;49;13,55
6233;B;Reduced Variability (2-5);60;49;14,62
6234;B;Reduced Variability (2-5);57;47;13,62
6235;B;Reduced Variability (2-5);59;52;14,43
6236;B;Reduced Variability (2-5);60;44;13,96
6237;B;Reduced Variability (2-5);63;51;13,93
6238;B;Reduced Variability (2-5);61;41;13,32
6239;B;Reduced Variability (2-5);58;48;14,41
6240;B;Reduced Variability (2-5);55;55;14,53
6241;B;Reduced Variability (2-5);60;47;13,79
6242;B;Reduced Variability (2-5);59;59;14,78
6243;B;Reduced Variability (2-5);61;47;12,72
6244;B;Reduced Variability (2-5);61;39;13,52
6245;B;Reduced Variability (2-5);60;33;13,21
6246;B;Reduced Variability (2-5);61;52;13,04
6247;B;Reduced Variability (2-5);57;55;14,62
6248;B;Reduced Variability (2-5);61;43;12,92
6249;B;Reduced Variability (2-5);61;43;14,2
6250;B;Reduced Variability (2-5);61;45;13,84
6251;B;Reduced Variability (2-5);58;50;14,23
6252;B;Reduced Variability (2-5);60;57;13,38
6253;B;Reduced Variability (2-5);60;51;13,62
6254;B;Reduced Variability (2-5);59;42;13,96
6255;B;Reduced Variability (2-5);63;56;13,81
6256;B;Reduced Variability (2-5);61;44;13,6
6257;B;Reduced Variability (2-5);61;44;13,2
6258;B;Reduced Variability (2-5);60;47;13,75
6259;B;Reduced Variability (2-5);58;50;14,05
6260;B;Reduced Variability (2-5);63;37;13,33
6261;B;Reduced Variability (2-5);58;45;13,41
6262;B;Reduced Variability (2-5);60;43;13,33
6263;B;Reduced Variability (2-5);61;43;12,6
6264;B;Reduced Variability (2-5);62;47;12,72
6265;B;Reduced Variability (2-5);57;46;13,48
6266;B;Reduced Variability (2-5);62;56;13,35
6267;B;Reduced Variability (2-5);58;51;13,55
6268;B;Reduced Variability (2-5);60;48;14,17
6269;B;Reduced Variability (2-5);61;46;13,36
6270;B;Reduced Variability (2-5);62;47;13,12
6271;B;Reduced Variability (2-5);57;50;14,24
6272;B;Reduced Variability (2-5);63;41;12,67
6273;B;Reduced Variability (2-5);62;41;13
6274;B;Reduced Variability (2-5);62;39;13,46
6275;B;Reduced Variability (2-5);56;63;13,3
6276;B;Reduced Variability (2-5);60;40;13,5
6277;B;Reduced Variability (2-5);64;33;13,14
6278;B;Reduced Variability (2-5);61;53;13,76
6279;B;Reduced Variability (2-5);58;44;13,91
6280;B;Reduced Variability (2-5);57;47;13,38
6281;B;Reduced Variability (2-5);61;45;12,84
6282;B;Reduced Variability (2-5);61;45;13,16
6283;B;Reduced Variability (2-5);57;51;14,81
6284;B;Reduced Variability (2-5);58;49;13,27
6285;B;Reduced Variability (2-5);59;40;13,74
6286;B;Reduced Variability (2-5);60;45;13,42
6287;B;Reduced Variability (2-5);58;48;13,5
6288;B;Reduced Variability (2-5);62;35;13,15
6289;B;Reduced Variability (2-5);63;37;12,48
6290;B;Reduced Variability (2-5);52;46;15,31
6291;B;Reduced Variability (2-5);63;34;12,7
6292;B;Reduced Variability (2-5);55;51;13,68
6293;B;Reduced Variability (2-5);61;41;14,04
6294;B;Reduced Variability (2-5);59;39;13,57
6295;B;Reduced Variability (2-5);60;40;13,96
6296;B;Reduced Variability (2-5);56;51;14,6
6297;B;Reduced Variability (2-5);60;47;12,42
6298;B;Reduced Variability (2-5);60;46;13,04
6299;B;Reduced Variability (2-5);58;49;13,95
6300;B;Reduced Variability (2-5);57;49;13,57
6301;B;Reduced Variability (2-5);56;58;14,9
6302;B;Reduced Variability (2-5);62;48;13,81
6303;B;Reduced Variability (2-5);61;36;13,28
6304;B;Reduced Variability (2-5);59;48;13,87
6305;B;Reduced Variability (2-5);61;51;13,44
6306;B;Reduced Variability (2-5);60;37;12,96
6307;B;Reduced Variability (2-5);61;40;13
6308;B;Reduced Variability (2-5);57;54;12,95
6309;B;Reduced Variability (2-5);57;41;12,9
6310;B;Reduced Variability (2-5);61;39;12,52
6311;B;Reduced Variability (2-5);55;49;14,32
6312;B;Reduced Variability (2-5);61;52;13,56
6313;B;Reduced Variability (2-5);59;49;13,52
6314;B;Reduced Variability (2-5);62;40;13,38
6315;B;Reduced Variability (2-5);58;43;13,45
6316;B;Reduced Variability (2-5);62;44;13,31
6317;B;Reduced Variability (2-5);61;35;12,24
6318;B;Reduced Variability (2-5);57;50;14,52
6319;B;Reduced Variability (2-5);59;46;13,13
6320;B;Reduced Variability (2-5);59;57;13,65
6321;B;Reduced Variability (2-5);61;52;13
6322;B;Reduced Variability (2-5);60;34;12,79
6323;B;Reduced Variability (2-5);62;50;13,12
6324;B;Reduced Variability (2-5);54;51;14,67
6325;B;Reduced Variability (2-5);56;49;14,15
6326;B;Reduced Variability (2-5);60;47;13,42
6327;B;Reduced Variability (2-5);59;38;13,91
6328;B;Reduced Variability (2-5);60;48;13,88
6329;B;Reduced Variability (2-5);61;43;13,16
6330;B;Reduced Variability (2-5);57;47;14,67
6331;B;Reduced Variability (2-5);57;46;14,19
6332;B;Reduced Variability (2-5);59;48;13,52
6333;B;Reduced Variability (2-5);64;45;12,96
6334;B;Reduced Variability (2-5);59;46;13,04
6335;B;Reduced Variability (2-5);59;44;13,52
6336;B;Reduced Variability (2-5);59;48;13,61
6337;B;Reduced Variability (2-5);60;51;14,38
6338;B;Reduced Variability (2-5);61;48;13,8
6339;B;Reduced Variability (2-5);57;57;13,52
6340;B;Reduced Variability (2-5);59;38;13,61
6341;B;Reduced Variability (2-5);59;43;13,96
6342;B;Reduced Variability (2-5);62;46;13,54
6343;B;Reduced Variability (2-5);60;48;13,79
6344;B;Reduced Variability (2-5);57;48;14,29
6345;B;Reduced Variability (2-5);57;48;14,57
6346;B;Reduced Variability (2-5);59;53;13,87
6347;B;Reduced Variability (2-5);64;44;14,25
6348;B;Reduced Variability (2-5);61;47;13,24
6349;B;Reduced Variability (2-5);58;54;14,09
6350;B;Reduced Variability (2-5);62;47;14
6351;B;Reduced Variability (2-5);61;52;13,92
6352;B;Reduced Variability (2-5);57;43;14,43
6353;B;Reduced Variability (2-5);58;47;13,32
6354;B;Reduced Variability (2-5);62;50;13,96
6355;B;Reduced Variability (2-5);60;43;14,12
6356;B;Reduced Variability (2-5);59;43;13,52
6357;B;Reduced Variability (2-5);59;44;14
6358;B;Reduced Variability (2-5);60;48;13,75
6359;B;Reduced Variability (2-5);58;59;13,91
6360;B;Reduced Variability (2-5);62;43;13,12
6361;B;Reduced Variability (2-5);58;55;14,59
6362;B;Reduced Variability (2-5);58;49;13,14
6363;B;Reduced Variability (2-5);59;56;14
6364;B;Reduced Variability (2-5);62;42;12,69
6365;B;Reduced Variability (2-5);60;45;14
6366;B;Reduced Variability (2-5);61;48;13,6
6367;B;Reduced Variability (2-5);57;45;13,67
6368;B;Reduced Variability (2-5);63;43;13,11
6369;B;Reduced Variability (2-5);61;52;13,2
6370;B;Reduced Variability (2-5);54;58;14,67
6371;B;Reduced Variability (2-5);60;53;14,21
6372;B;Reduced Variability (2-5);57;41;14,76
6373;B;Reduced Variability (2-5);63;52;12,93
6374;B;Reduced Variability (2-5);59;45;13,04
6375;B;Reduced Variability (2-5);60;48;12,33
6376;B;Reduced Variability (2-5);59;45;14,13
6377;B;Reduced Variability (2-5);58;48;13,68
6378;B;Reduced Variability (2-5);55;58;14,89
6379;B;Reduced Variability (2-5);59;45;13,57
6380;B;Reduced Variability (2-5);56;49;13,25
6381;B;Reduced Variability (2-5);60;46;14,25
6382;B;Reduced Variability (2-5);63;40;12,11
6383;B;Reduced Variability (2-5);61;41;14,12
6384;B;Reduced Variability (2-5);61;42;13,64
6385;B;Reduced Variability (2-5);58;51;13,73
6386;B;Reduced Variability (2-5);63;40;13,15
6387;B;Reduced Variability (2-5);56;51;15,1
6388;B;Reduced Variability (2-5);61;51;14,48
6389;B;Reduced Variability (2-5);59;47;14,04
6390;B;Reduced Variability (2-5);59;58;15
6391;B;Reduced Variability (2-5);63;44;13,85
6392;B;Reduced Variability (2-5);56;47;14,5
6393;B;Reduced Variability (2-5);59;39;13,3
6394;B;Reduced Variability (2-5);62;43;12,77
6395;B;Reduced Variability (2-5);57;52;14
6396;B;Reduced Variability (2-5);60;45;12,79
6397;B;Reduced Variability (2-5);61;41;12,92
6398;B;Reduced Variability (2-5);57;43;13
6399;B;Reduced Variability (2-5);58;48;13,36
6400;B;Reduced Variability (2-5);61;49;13,16
6401;B;Reduced Variability (2-5);53;60;15,24
6402;B;Reduced Variability (2-5);58;49;13,64
6403;B;Reduced Variability (2-5);60;43;14,71
6404;B;Reduced Variability (2-5);61;39;11,44
6405;B;Reduced Variability (2-5);59;41;12,87
6406;B;Reduced Variability (2-5);56;53;14,3
6407;B;Reduced Variability (2-5);59;54;14,39
6408;B;Reduced Variability (2-5);61;40;13,28
6409;B;Reduced Variability (2-5);62;44;14,96
6410;B;Reduced Variability (2-5);61;50;14,12
6411;B;Reduced Variability (2-5);58;48;14,64
6412;B;Reduced Variability (2-5);58;54;14,18
6413;B;Reduced Variability (2-5);63;41;12,33
6414;B;Reduced Variability (2-5);62;43;13,58
6415;B;Reduced Variability (2-5);56;47;15,05
6416;B;Reduced Variability (2-5);61;44;13,76
6417;B;Reduced Variability (2-5);60;41;12,96
6418;B;Reduced Variability (2-5);59;47;12,57
6419;B;Reduced Variability (2-5);58;44;14,55
6420;B;Reduced Variability (2-5);58;43;13,18
6421;B;Reduced Variability (2-5);61;38;13,8
6422;B;Reduced Variability (2-5);61;41;13,4
6423;B;Reduced Variability (2-5);54;58;15,22
6424;B;Reduced Variability (2-5);61;44;13,84
6425;B;Reduced Variability (2-5);60;49;13,92
6426;B;Reduced Variability (2-5);60;51;14,29
6427;B;Reduced Variability (2-5);57;50;14,71
6428;B;Reduced Variability (2-5);61;48;12,76
6429;B;Reduced Variability (2-5);61;45;13,44
6430;B;Reduced Variability (2-5);59;50;13,74
6431;B;Reduced Variability (2-5);60;40;13,54
6432;B;Reduced Variability (2-5);60;51;14,38
6433;B;Reduced Variability (2-5);56;47;13,75
6434;B;Reduced Variability (2-5);63;41;12,15
6435;B;Reduced Variability (2-5);60;49;13,25
6436;B;Reduced Variability (2-5);63;38;13
6437;B;Reduced Variability (2-5);56;44;14,1
6438;B;Reduced Variability (2-5);55;48;14,79
6439;B;Reduced Variability (2-5);59;36;12,83
6440;B;Reduced Variability (2-5);59;49;14,35
6441;B;Reduced Variability (2-5);60;48;12,96
6442;B;Reduced Variability (2-5);59;53;13,7
6443;B;Reduced Variability (2-5);57;52;14,76
6444;B;Reduced Variability (2-5);62;47;12,08
6445;B;Reduced Variability (2-5);59;41;13,26
6446;B;Reduced Variability (2-5);58;49;13,59
6447;B;Reduced Variability (2-5);61;43;14,24
6448;B;Reduced Variability (2-5);58;52;14,09
6449;B;Reduced Variability (2-5);60;41;12,92
6450;B;Reduced Variability (2-5);61;50;12,84
6451;B;Reduced Variability (2-5);61;40;13,56
6452;B;Reduced Variability (2-5);59;52;14,52
6453;B;Reduced Variability (2-5);62;50;13,54
6454;B;Reduced Variability (2-5);62;41;12,65
6455;B;Reduced Variability (2-5);62;44;14,81
6456;B;Reduced Variability (2-5);57;50;14,62
6457;B;Reduced Variability (2-5);59;50;13,78
6458;B;Reduced Variability (2-5);58;49;13,95
6459;B;Reduced Variability (2-5);62;44;13,38
6460;B;Reduced Variability (2-5);61;45;12,8
6461;B;Reduced Variability (2-5);57;46;14,24
6462;B;Reduced Variability (2-5);60;49;14,33
6463;B;Reduced Variability (2-5);59;49;13,83
6464;B;Reduced Variability (2-5);59;47;13,43
6465;B;Reduced Variability (2-5);55;45;14,79
6466;B;Reduced Variability (2-5);59;49;14,65
6467;B;Reduced Variability (2-5);62;39;13,96
6468;B;Reduced Variability (2-5);60;52;14,12
6469;B;Reduced Variability (2-5);63;39;13,04
6470;B;Reduced Variability (2-5);59;45;13,35
6471;B;Reduced Variability (2-5);58;55;14,5
6472;B;Reduced Variability (2-5);58;47;14,27
6473;B;Reduced Variability (2-5);57;41;13,81
6474;B;Reduced Variability (2-5);60;51;13,29
6475;B;Reduced Variability (2-5);59;51;14,3
6476;B;Reduced Variability (2-5);62;38;12,42
6477;B;Reduced Variability (2-5);59;38;13,65
6478;B;Reduced Variability (2-5);60;52;14,42
6479;B;Reduced Variability (2-5);59;51;13,91
6480;B;Reduced Variability (2-5);59;46;13,48
6481;B;Reduced Variability (2-5);62;39;11,92
6482;B;Reduced Variability (2-5);63;42;12,63
6483;B;Reduced Variability (2-5);61;48;12,8
6484;B;Reduced Variability (2-5);62;50;12,73
6485;B;Reduced Variability (2-5);60;45;13,71
6486;B;Reduced Variability (2-5);58;51;14,36
6487;B;Reduced Variability (2-5);61;51;14,04
6488;B;Reduced Variability (2-5);60;40;13,88
6489;B;Reduced Variability (2-5);62;43;13,23
6490;B;Reduced Variability (2-5);63;47;13,56
6491;B;Reduced Variability (2-5);59;52;14,13
6492;B;Reduced Variability (2-5);62;50;14,19
6493;B;Reduced Variability (2-5);60;49;14,08
6494;B;Reduced Variability (2-5);56;49;14,3
6495;B;Reduced Variability (2-5);62;37;11,92
6496;B;Reduced Variability (2-5);64;51;12,75
6497;B;Reduced Variability (2-5);61;41;13,32
6498;B;Reduced Variability (2-5);54;52;14,06
6499;B;Reduced Variability (2-5);64;31;12,68
6500;B;Reduced Variability (2-5);60;43;13,25
6501;B;Reduced Variability (2-5);59;47;13,74
6502;B;Reduced Variability (2-5);60;41;12,79
6503;B;Reduced Variability (2-5);60;37;12,75
6504;B;Reduced Variability (2-5);56;49;14,45
6505;B;Reduced Variability (2-5);62;48;13,5
6506;B;Reduced Variability (2-5);63;44;12,73
6507;B;Reduced Variability (2-5);60;50;13,71
6508;B;Reduced Variability (2-5);60;45;14,29
6509;B;Reduced Variability (2-5);54;53;14,5
6510;B;Reduced Variability (2-5);56;49;14,7
6511;B;Reduced Variability (2-5);55;49;13,74
6512;B;Reduced Variability (2-5);60;47;12,46
6513;B;Reduced Variability (2-5);58;54;14,32
6514;B;Reduced Variability (2-5);63;49;12,33
6515;B;Reduced Variability (2-5);63;34;13,11
6516;B;Reduced Variability (2-5);62;46;14,35
6517;B;Reduced Variability (2-5);58;38;12,59
6518;B;Reduced Variability (2-5);56;56;13,75
6519;B;Reduced Variability (2-5);58;40;12,36
6520;B;Reduced Variability (2-5);57;41;13,95
6521;B;Reduced Variability (2-5);60;49;13,29
6522;B;Reduced Variability (2-5);61;43;13,96
6523;B;Reduced Variability (2-5);61;41;13,16
6524;B;Reduced Variability (2-5);60;51;13,46
6525;B;Reduced Variability (2-5);58;46;13,36
6526;B;Reduced Variability (2-5);60;43;13,25
6527;B;Reduced Variability (2-5);59;52;14
6528;B;Reduced Variability (2-5);61;50;14,16
6529;B;Reduced Variability (2-5);63;49;13,04
6530;B;Reduced Variability (2-5);59;44;13,36
6531;B;Reduced Variability (2-5);53;57;14,59
6532;B;Reduced Variability (2-5);62;40;13,35
6533;B;Reduced Variability (2-5);59;54;14,13
6534;B;Reduced Variability (2-5);56;50;13,85
6535;B;Reduced Variability (2-5);61;44;11,92
6536;B;Reduced Variability (2-5);64;44;13,32
6537;B;Reduced Variability (2-5);60;44;13,42
6538;B;Reduced Variability (2-5);59;40;13
6539;B;Reduced Variability (2-5);60;38;13,42
6540;B;Reduced Variability (2-5);56;53;12,8
6541;B;Reduced Variability (2-5);63;52;13,74
6542;B;Reduced Variability (2-5);62;51;13,31
6543;B;Reduced Variability (2-5);60;52;13,08
6544;B;Reduced Variability (2-5);65;37;12,76
6545;B;Reduced Variability (2-5);59;42;13,26
6546;B;Reduced Variability (2-5);57;47;13,24
6547;B;Reduced Variability (2-5);57;46;14,76
6548;B;Reduced Variability (2-5);60;44;12,92
6549;B;Reduced Variability (2-5);62;44;12,73
6550;B;Reduced Variability (2-5);59;51;14,61
6551;B;Reduced Variability (2-5);62;47;13,15
6552;B;Reduced Variability (2-5);65;49;13,17
6553;B;Reduced Variability (2-5);62;40;14,19
6554;B;Reduced Variability (2-5);58;48;13,23
6555;B;Reduced Variability (2-5);60;54;13,71
6556;B;Reduced Variability (2-5);65;43;13,34
6557;B;Reduced Variability (2-5);62;39;12,5
6558;B;Reduced Variability (2-5);60;50;13,38
6559;B;Reduced Variability (2-5);59;44;13,39
6560;B;Reduced Variability (2-5);60;40;13,62
6561;B;Reduced Variability (2-5);62;35;12,08
6562;B;Reduced Variability (2-5);54;51;14,28
6563;B;Reduced Variability (2-5);62;37;13,69
6564;B;Reduced Variability (2-5);67;43;12,03
6565;B;Reduced Variability (2-5);63;37;12,22
6566;B;Reduced Variability (2-5);62;49;12,73
6567;B;Reduced Variability (2-5);58;49;14,59
6568;B;Reduced Variability (2-5);60;44;12,12
6569;B;Reduced Variability (2-5);60;42;14,12
6570;B;Reduced Variability (2-5);59;45;13,26
6571;B;Reduced Variability (2-5);61;34;11,4
6572;B;Reduced Variability (2-5);62;43;13,62
6573;B;Reduced Variability (2-5);62;47;13,35
6574;B;Reduced Variability (2-5);61;43;12,12
6575;B;Reduced Variability (2-5);57;59;13,57
6576;B;Reduced Variability (2-5);59;49;14,22
6577;B;Reduced Variability (2-5);59;52;14,7
6578;B;Reduced Variability (2-5);64;33;13,04
6579;B;Reduced Variability (2-5);59;44;13,39
6580;B;Reduced Variability (2-5);61;49;13,92
6581;B;Reduced Variability (2-5);63;46;13,7
6582;B;Reduced Variability (2-5);62;40;13,12
6583;B;Reduced Variability (2-5);62;40;12,08
6584;B;Reduced Variability (2-5);59;46;13,22
6585;B;Reduced Variability (2-5);59;50;13,61
6586;B;Reduced Variability (2-5);53;42;13,53
6587;B;Reduced Variability (2-5);58;37;13,41
6588;B;Reduced Variability (2-5);62;42;12,08
6589;B;Reduced Variability (2-5);65;40;12,14
6590;B;Reduced Variability (2-5);57;45;13,33
6591;B;Reduced Variability (2-5);59;39;13
6592;B;Reduced Variability (2-5);57;47;13,43
6593;B;Reduced Variability (2-5);61;45;12,96
6594;B;Reduced Variability (2-5);57;48;13,95
6595;B;Reduced Variability (2-5);61;44;12,4
6596;B;Reduced Variability (2-5);60;41;12,42
6597;B;Reduced Variability (2-5);61;44;13,44
6598;B;Reduced Variability (2-5);58;48;14,5
6599;B;Reduced Variability (2-5);55;60;14,63
6600;B;Reduced Variability (2-5);61;42;12,28
6601;B;Reduced Variability (2-5);61;45;12,48
6602;B;Reduced Variability (2-5);57;49;14,05
6603;B;Reduced Variability (2-5);54;51;15,5
6604;B;Reduced Variability (2-5);62;43;13,54
6605;B;Reduced Variability (2-5);57;55;14,67
6606;B;Reduced Variability (2-5);56;43;14,85
6607;B;Reduced Variability (2-5);63;46;13,15
6608;B;Reduced Variability (2-5);61;43;13,04
6609;B;Reduced Variability (2-5);58;49;14,14
6610;B;Reduced Variability (2-5);57;49;13,71
6611;B;Reduced Variability (2-5);62;53;12,92
6612;B;Reduced Variability (2-5);59;47;13,78
6613;B;Reduced Variability (2-5);58;44;14
6614;B;Reduced Variability (2-5);63;37;13,04
6615;B;Reduced Variability (2-5);59;39;14,17
6616;B;Reduced Variability (2-5);59;48;13,65
6617;B;Reduced Variability (2-5);61;51;13,76
6618;B;Reduced Variability (2-5);58;51;13,73
6619;B;Reduced Variability (2-5);60;49;13,92
6620;B;Reduced Variability (2-5);57;51;14,67
6621;B;Reduced Variability (2-5);59;47;13,39
6622;B;Reduced Variability (2-5);61;52;13,72
6623;B;Reduced Variability (2-5);61;48;12,92
6624;B;Reduced Variability (2-5);55;45;13,95
6625;B;Reduced Variability (2-5);61;46;12,76
6626;B;Reduced Variability (2-5);57;49;13,9
6627;B;Reduced Variability (2-5);53;54;15,24
6628;B;Reduced Variability (2-5);58;43;14,36
6629;B;Reduced Variability (2-5);60;45;13,5
6630;B;Reduced Variability (2-5);56;54;14,4
6631;B;Reduced Variability (2-5);55;53;16,16
6632;B;Reduced Variability (2-5);58;48;13,36
6633;B;Reduced Variability (2-5);58;50;14,55
6634;B;Reduced Variability (2-5);56;56;14,1
6635;B;Reduced Variability (2-5);62;54;14,77
6636;B;Reduced Variability (2-5);59;41;12,22
6637;B;Reduced Variability (2-5);55;55;15,16
6638;B;Reduced Variability (2-5);58;50;14,27
6639;B;Reduced Variability (2-5);62;47;13,62
6640;B;Reduced Variability (2-5);58;54;14,36
6641;B;Reduced Variability (2-5);59;39;14,35
6642;B;Reduced Variability (2-5);62;47;13,42
6643;B;Reduced Variability (2-5);60;45;12,79
6644;B;Reduced Variability (2-5);60;41;12,75
6645;B;Reduced Variability (2-5);62;42;13,08
6646;B;Reduced Variability (2-5);59;46;13,87
6647;B;Reduced Variability (2-5);58;44;13,64
6648;B;Reduced Variability (2-5);60;40;12,92
6649;B;Reduced Variability (2-5);59;38;13,52
6650;B;Reduced Variability (2-5);55;46;15,26
6651;B;Reduced Variability (2-5);54;61;14,44
6652;B;Reduced Variability (2-5);57;47;13,67
6653;B;Reduced Variability (2-5);58;44;13,64
6654;B;Reduced Variability (2-5);60;46;14
6655;B;Reduced Variability (2-5);61;39;12,84
6656;B;Reduced Variability (2-5);66;45;12,2
6657;B;Reduced Variability (2-5);62;41;13,96
6658;B;Reduced Variability (2-5);58;48;13,5
6659;B;Reduced Variability (2-5);57;49;14,24
6660;B;Reduced Variability (2-5);60;50;13,42
6661;B;Reduced Variability (2-5);62;45;13,62
6662;B;Reduced Variability (2-5);57;52;13,9
6663;B;Reduced Variability (2-5);57;41;13,81
6664;B;Reduced Variability (2-5);58;43;13,36
6665;B;Reduced Variability (2-5);59;41;13,7
6666;B;Reduced Variability (2-5);61;53;13,8
6667;B;Reduced Variability (2-5);61;48;13,2
6668;B;Reduced Variability (2-5);57;46;13,33
6669;B;Reduced Variability (2-5);60;50;13,46
6670;B;Reduced Variability (2-5);61;44;14,36
6671;B;Reduced Variability (2-5);60;53;12,96
6672;B;Reduced Variability (2-5);62;48;14
6673;B;Reduced Variability (2-5);59;51;13,57
6674;B;Reduced Variability (2-5);59;50;13,96
6675;B;Reduced Variability (2-5);58;49;13,77
6676;B;Reduced Variability (2-5);63;46;14,15
6677;B;Reduced Variability (2-5);57;45;13,57
6678;B;Reduced Variability (2-5);59;52;13,61
6679;B;Reduced Variability (2-5);61;45;13,88
6680;B;Reduced Variability (2-5);59;44;13,22
6681;B;Reduced Variability (2-5);56;55;14,2
6682;B;Reduced Variability (2-5);58;48;13,82
6683;B;Reduced Variability (2-5);58;42;14,45
6684;B;Reduced Variability (2-5);58;53;13,64
6685;B;Reduced Variability (2-5);62;44;13,12
6686;B;Reduced Variability (2-5);59;48;14,04
6687;B;Reduced Variability (2-5);61;44;12,92
6688;B;Reduced Variability (2-5);59;50;13,7
6689;B;Reduced Variability (2-5);65;41;12,72
6690;B;Reduced Variability (2-5);56;54;15
6691;B;Reduced Variability (2-5);58;57;15,14
6692;B;Reduced Variability (2-5);62;42;12,27
6693;B;Reduced Variability (2-5);58;49;14,05
6694;B;Reduced Variability (2-5);59;49;13,3
6695;B;Reduced Variability (2-5);59;43;12,3
6696;B;Reduced Variability (2-5);58;46;13,68
6697;B;Reduced Variability (2-5);57;43;14
6698;B;Reduced Variability (2-5);61;44;13,6
6699;B;Reduced Variability (2-5);58;50;13,64
6700;B;Reduced Variability (2-5);61;50;13,64
6701;B;Reduced Variability (2-5);58;46;14,18
6702;B;Reduced Variability (2-5);62;46;13,73
6703;B;Reduced Variability (2-5);61;36;12,96
6704;B;Reduced Variability (2-5);57;47;14,52
6705;B;Reduced Variability (2-5);60;39;13
6706;B;Reduced Variability (2-5);58;45;14,27
6707;B;Reduced Variability (2-5);59;43;14,35
6708;B;Reduced Variability (2-5);60;50;13,75
6709;B;Reduced Variability (2-5);58;47;14,73
6710;B;Reduced Variability (2-5);60;53;13,58
6711;B;Reduced Variability (2-5);56;49;13,45
6712;B;Reduced Variability (2-5);59;46;13,96
6713;B;Reduced Variability (2-5);55;56;14,89
6714;B;Reduced Variability (2-5);56;53;14,05
6715;B;Reduced Variability (2-5);58;49;14
6716;B;Reduced Variability (2-5);53;49;14,18
6717;B;Reduced Variability (2-5);59;47;13,78
6718;B;Reduced Variability (2-5);53;49;15,47
6719;B;Reduced Variability (2-5);60;49;12,92
6720;B;Reduced Variability (2-5);59;48;12,7
6721;B;Reduced Variability (2-5);58;52;14,27
6722;B;Reduced Variability (2-5);57;53;14,67
6723;B;Reduced Variability (2-5);57;57;14,1
6724;B;Reduced Variability (2-5);57;44;14,1
6725;B;Reduced Variability (2-5);56;51;15,25
6726;B;Reduced Variability (2-5);58;54;13,64
6727;B;Reduced Variability (2-5);64;37;12,43
6728;B;Reduced Variability (2-5);58;57;13,91
6729;B;Reduced Variability (2-5);63;42;12,78
6730;B;Reduced Variability (2-5);57;44;14,05
6731;B;Reduced Variability (2-5);60;42;13,88
6732;B;Reduced Variability (2-5);61;40;13,24
6733;B;Reduced Variability (2-5);60;52;14,5
6734;B;Reduced Variability (2-5);60;47;13,21
6735;B;Reduced Variability (2-5);58;48;14,05
6736;B;Reduced Variability (2-5);63;36;13,52
6737;B;Reduced Variability (2-5);58;55;14,86
6738;B;Reduced Variability (2-5);61;53;13,96
6739;B;Reduced Variability (2-5);60;47;12,83
6740;B;Reduced Variability (2-5);56;45;12,8
6741;B;Reduced Variability (2-5);61;49;13,32
6742;B;Reduced Variability (2-5);53;52;14,88
6743;B;Reduced Variability (2-5);62;48;13,31
6744;B;Reduced Variability (2-5);63;41;12,93
6745;B;Reduced Variability (2-5);58;45;13,09
6746;B;Reduced Variability (2-5);58;47;14,41
6747;B;Reduced Variability (2-5);54;47;14,5
6748;B;Reduced Variability (2-5);60;45;14,17
6749;B;Reduced Variability (2-5);60;46;12,96
6750;B;Reduced Variability (2-5);62;46;13,92
6751;B;Reduced Variability (2-5);56;56;14,55
6752;B;Reduced Variability (2-5);63;51;12,56
6753;B;Reduced Variability (2-5);62;45;12,81
6754;B;Reduced Variability (2-5);57;59;13,95
6755;B;Reduced Variability (2-5);58;43;13,95
6756;B;Reduced Variability (2-5);61;47;13,88
6757;B;Reduced Variability (2-5);62;41;12,5
6758;B;Reduced Variability (2-5);68;32;13,22
6759;B;Reduced Variability (2-5);57;58;13,95
6760;B;Reduced Variability (2-5);62;35;12,15
6761;B;Reduced Variability (2-5);58;43;13,27
6762;B;Reduced Variability (2-5);58;46;13,59
6763;B;Reduced Variability (2-5);61;53;13,52
6764;B;Reduced Variability (2-5);63;34;12,56
6765;B;Reduced Variability (2-5);58;51;13,82
6766;B;Reduced Variability (2-5);56;45;14,45
6767;B;Reduced Variability (2-5);61;44;13,4
6768;B;Reduced Variability (2-5);60;35;11,71
6769;B;Reduced Variability (2-5);58;52;14,32
6770;B;Reduced Variability (2-5);61;43;13,4
6771;B;Reduced Variability (2-5);58;44;13,18
6772;B;Reduced Variability (2-5);57;50;13,19
6773;B;Reduced Variability (2-5);59;44;13,65
6774;B;Reduced Variability (2-5);58;43;13,45
6775;B;Reduced Variability (2-5);59;46;13,91
6776;B;Reduced Variability (2-5);65;47;13,55
6777;B;Reduced Variability (2-5);61;41;12,8
6778;B;Reduced Variability (2-5);60;45;13,42
6779;B;Reduced Variability (2-5);57;55;14,52
6780;B;Reduced Variability (2-5);59;41;13
6781;B;Reduced Variability (2-5);58;43;13,14
6782;B;Reduced Variability (2-5);63;40;12,96
6783;B;Reduced Variability (2-5);60;39;12,96
6784;B;Reduced Variability (2-5);56;59;14,35
6785;B;Reduced Variability (2-5);60;49;13,88
6786;B;Reduced Variability (2-5);56;47;13,6
6787;B;Reduced Variability (2-5);60;37;13,62
6788;B;Reduced Variability (2-5);58;48;12,36
6789;B;Reduced Variability (2-5);54;57;14,33
6790;B;Reduced Variability (2-5);59;43;12,83
6791;B;Reduced Variability (2-5);58;44;13,41
6792;B;Reduced Variability (2-5);60;42;13,29
6793;B;Reduced Variability (2-5);61;39;12,72
6794;B;Reduced Variability (2-5);56;55;14,3
6795;B;Reduced Variability (2-5);57;49;15,29
6796;B;Reduced Variability (2-5);60;50;14,21
6797;B;Reduced Variability (2-5);59;37;12,57
6798;B;Reduced Variability (2-5);61;45;13,84
6799;B;Reduced Variability (2-5);62;38;12,15
6800;B;Reduced Variability (2-5);60;44;14,38
6801;B;Reduced Variability (2-5);62;51;13,31
6802;B;Reduced Variability (2-5);61;34;13,48
6803;B;Reduced Variability (2-5);62;43;12,92
6804;B;Reduced Variability (2-5);60;50;13,71
6805;B;Reduced Variability (2-5);61;44;11,84
6806;B;Reduced Variability (2-5);58;44;13,64
6807;B;Reduced Variability (2-5);58;41;12,64
6808;B;Reduced Variability (2-5);56;39;13,1
6809;B;Reduced Variability (2-5);63;43;12,85
6810;B;Reduced Variability (2-5);57;44;12,81
6811;B;Reduced Variability (2-5);60;40;14,54
6812;B;Reduced Variability (2-5);60;43;12,62
6813;B;Reduced Variability (2-5);60;50;12,96
6814;B;Reduced Variability (2-5);59;53;13,91
6815;B;Reduced Variability (2-5);60;40;12,75
6816;B;Reduced Variability (2-5);56;49;15,3
6817;B;Reduced Variability (2-5);65;50;13,07
6818;B;Reduced Variability (2-5);63;41;12,37
6819;B;Reduced Variability (2-5);59;46;14,48
6820;B;Reduced Variability (2-5);60;45;12,92
6821;B;Reduced Variability (2-5);58;45;12,73
6822;B;Reduced Variability (2-5);60;45;13,29
6823;B;Reduced Variability (2-5);59;53;14,65
6824;B;Reduced Variability (2-5);60;48;14
6825;B;Reduced Variability (2-5);58;50;14,14
6826;B;Reduced Variability (2-5);61;34;12,76
6827;B;Reduced Variability (2-5);58;44;13,73
6828;B;Reduced Variability (2-5);55;52;13,74
6829;B;Reduced Variability (2-5);61;49;13,88
6830;B;Reduced Variability (2-5);62;41;14,15
6831;B;Reduced Variability (2-5);58;48;13,36
6832;B;Reduced Variability (2-5);57;48;14,05
6833;B;Reduced Variability (2-5);58;49;13,23
6834;B;Reduced Variability (2-5);65;47;12,72
6835;B;Reduced Variability (2-5);60;48;13,42
6836;B;Reduced Variability (2-5);61;36;13,16
6837;B;Reduced Variability (2-5);58;44;13,41
6838;B;Reduced Variability (2-5);63;44;12,11
6839;B;Reduced Variability (2-5);60;44;13,21
6840;B;Reduced Variability (2-5);59;40;12,57
6841;B;Reduced Variability (2-5);60;55;13,33
6842;B;Reduced Variability (2-5);61;50;14,24
6843;B;Reduced Variability (2-5);55;42;13,63
6844;B;Reduced Variability (2-5);57;52;13,86
6845;B;Reduced Variability (2-5);60;45;13,04
6846;B;Reduced Variability (2-5);61;55;14,08
6847;B;Reduced Variability (2-5);63;46;13,81
6848;B;Reduced Variability (2-5);60;44;14,08
6849;B;Reduced Variability (2-5);61;47;14,4
6850;B;Reduced Variability (2-5);59;46;13,17
6851;B;Reduced Variability (2-5);61;48;13,92
6852;B;Reduced Variability (2-5);56;55;14,1
6853;B;Reduced Variability (2-5);58;46;14
6854;B;Reduced Variability (2-5);61;46;13,84
6855;B;Reduced Variability (2-5);64;35;13
6856;B;Reduced Variability (2-5);59;43;13,78
6857;B;Reduced Variability (2-5);58;57;13,91
6858;B;Reduced Variability (2-5);59;43;13,26
6859;B;Reduced Variability (2-5);60;46;13,21
6860;B;Reduced Variability (2-5);58;52;14,5
6861;B;Reduced Variability (2-5);62;52;13,08
6862;B;Reduced Variability (2-5);60;46;13,5
6863;B;Reduced Variability (2-5);55;54;14,42
6864;B;Reduced Variability (2-5);62;45;13,27
6865;B;Reduced Variability (2-5);64;41;12,32
6866;B;Reduced Variability (2-5);57;59;13,43
6867;B;Reduced Variability (2-5);56;50;13,3
6868;B;Reduced Variability (2-5);57;49;13,86
6869;B;Reduced Variability (2-5);63;37;13,33
6870;B;Reduced Variability (2-5);57;45;13,38
6871;B;Reduced Variability (2-5);61;40;13
6872;B;Reduced Variability (2-5);63;51;12,81
6873;B;Reduced Variability (2-5);57;51;14,14
6874;B;Reduced Variability (2-5);58;39;12,23
6875;B;Reduced Variability (2-5);62;48;13,35
6876;B;Reduced Variability (2-5);63;48;12,15
6877;B;Reduced Variability (2-5);59;42;13,61
6878;B;Reduced Variability (2-5);58;56;13,73
6879;B;Reduced Variability (2-5);61;41;13,8
6880;B;Reduced Variability (2-5);62;45;13,15
6881;B;Reduced Variability (2-5);60;40;14,54
6882;B;Reduced Variability (2-5);58;46;12,27
6883;B;Reduced Variability (2-5);57;48;14,33
6884;B;Reduced Variability (2-5);55;47;14,53
6885;B;Reduced Variability (2-5);60;52;13,62
6886;B;Reduced Variability (2-5);60;58;14,12
6887;B;Reduced Variability (2-5);62;42;12,58
6888;B;Reduced Variability (2-5);58;46;13,5
6889;B;Reduced Variability (2-5);56;44;14,3
6890;B;Reduced Variability (2-5);63;46;13,52
6891;B;Reduced Variability (2-5);59;44;13,74
6892;B;Reduced Variability (2-5);60;48;14,46
6893;B;Reduced Variability (2-5);60;45;14,79
6894;B;Reduced Variability (2-5);61;47;14,44
6895;B;Reduced Variability (2-5);62;48;12,42
6896;B;Reduced Variability (2-5);60;46;13,75
6897;B;Reduced Variability (2-5);60;51;14,21
6898;B;Reduced Variability (2-5);61;44;12,56
6899;B;Reduced Variability (2-5);60;53;13,79
6900;B;Reduced Variability (2-5);59;47;12,87
6901;B;Reduced Variability (2-5);59;47;13,39
6902;B;Reduced Variability (2-5);63;40;12,52
6903;B;Reduced Variability (2-5);57;52;14,86
6904;B;Reduced Variability (2-5);57;48;13,57
6905;B;Reduced Variability (2-5);61;41;12,52
6906;B;Reduced Variability (2-5);59;44;13,68
6907;B;Reduced Variability (2-5);58;41;13,32
6908;B;Reduced Variability (2-5);63;35;12,74
6909;B;Reduced Variability (2-5);62;44;13,04
6910;B;Reduced Variability (2-5);62;42;12,5
6911;B;Reduced Variability (2-5);60;47;13,79
6912;B;Reduced Variability (2-5);59;50;14,35
6913;B;Reduced Variability (2-5);61;44;13,04
6914;B;Reduced Variability (2-5);60;51;13,75
6915;B;Reduced Variability (2-5);60;47;13,33
6916;B;Reduced Variability (2-5);59;46;13,57
6917;B;Reduced Variability (2-5);59;40;13,09
6918;B;Reduced Variability (2-5);61;49;13,8
6919;B;Reduced Variability (2-5);60;48;13,75
6920;B;Reduced Variability (2-5);62;46;13,5
6921;B;Reduced Variability (2-5);57;49;14,76
6922;B;Reduced Variability (2-5);64;46;12,46
6923;B;Reduced Variability (2-5);57;55;13,62
6924;B;Reduced Variability (2-5);59;45;13,09
6925;B;Reduced Variability (2-5);60;46;13
6926;B;Reduced Variability (2-5);61;38;11,28
6927;B;Reduced Variability (2-5);60;48;14,54
6928;B;Reduced Variability (2-5);57;49;12,9
6929;B;Reduced Variability (2-5);58;50;13,5
6930;B;Reduced Variability (2-5);61;53;13,36
6931;B;Reduced Variability (2-5);58;47;14,41
6932;B;Reduced Variability (2-5);59;42;13,09
6933;B;Reduced Variability (2-5);60;43;12,25
6934;B;Reduced Variability (2-5);60;53;13,33
6935;B;Reduced Variability (2-5);57;48;12,95
6936;B;Reduced Variability (2-5);54;54;14
6937;B;Reduced Variability (2-5);61;44;12,72
6938;B;Reduced Variability (2-5);56;47;14,95
6939;B;Reduced Variability (2-5);56;54;15,05
6940;B;Reduced Variability (2-5);58;49;13,59
6941;B;Reduced Variability (2-5);63;37;12,96
6942;B;Reduced Variability (2-5);59;50;14
6943;B;Reduced Variability (2-5);59;35;12,7
6944;B;Reduced Variability (2-5);63;46;13,74
6945;B;Reduced Variability (2-5);62;37;12,35
6946;B;Reduced Variability (2-5);58;39;13,95
6947;B;Reduced Variability (2-5);61;40;13,16
6948;B;Reduced Variability (2-5);56;49;14,75
6949;B;Reduced Variability (2-5);61;45;12,76
6950;B;Reduced Variability (2-5);59;45;13,65
6951;B;Reduced Variability (2-5);61;40;12,56
6952;B;Reduced Variability (2-5);56;45;13,7
6953;B;Reduced Variability (2-5);60;50;13,46
6954;B;Reduced Variability (2-5);61;42;12,6
6955;B;Reduced Variability (2-5);59;38;13,04
6956;B;Reduced Variability (2-5);58;44;13,27
6957;B;Reduced Variability (2-5);57;52;13,95
6958;B;Reduced Variability (2-5);62;42;13,73
6959;B;Reduced Variability (2-5);61;41;12,88
6960;B;Reduced Variability (2-5);59;61;13,52
6961;B;Reduced Variability (2-5);56;46;14,1
6962;B;Reduced Variability (2-5);64;45;12,89
6963;B;Reduced Variability (2-5);51;47;14,93
6964;B;Reduced Variability (2-5);61;41;13,92
6965;B;Reduced Variability (2-5);56;54;14,5
6966;B;Reduced Variability (2-5);56;44;14,45
6967;B;Reduced Variability (2-5);58;43;13,77
6968;B;Reduced Variability (2-5);56;50;13,6
6969;B;Reduced Variability (2-5);59;49;14,35
6970;B;Reduced Variability (2-5);64;37;12,68
6971;B;Reduced Variability (2-5);61;50;13,12
6972;B;Reduced Variability (2-5);60;42;12,88
6973;B;Reduced Variability (2-5);60;43;14,21
6974;B;Reduced Variability (2-5);60;50;13,08
6975;B;Reduced Variability (2-5);60;40;13,33
6976;B;Reduced Variability (2-5);58;49;13,05
6977;B;Reduced Variability (2-5);58;55;13,86
6978;B;Reduced Variability (2-5);59;45;13,57
6979;B;Reduced Variability (2-5);61;63;14,16
6980;B;Reduced Variability (2-5);60;54;13,67
6981;B;Reduced Variability (2-5);65;36;13,17
6982;B;Reduced Variability (2-5);60;49;13,54
6983;B;Reduced Variability (2-5);64;49;13,96
6984;B;Reduced Variability (2-5);60;43;14
6985;B;Reduced Variability (2-5);60;50;14,38
6986;B;Reduced Variability (2-5);59;45;13,74
6987;B;Reduced Variability (2-5);60;49;12,96
6988;B;Reduced Variability (2-5);59;52;13,61
6989;B;Reduced Variability (2-5);60;45;14,42
6990;B;Reduced Variability (2-5);58;46;13,86
6991;B;Reduced Variability (2-5);64;27;12,71
6992;B;Reduced Variability (2-5);58;55;13,91
6993;B;Reduced Variability (2-5);61;49;14
6994;B;Reduced Variability (2-5);56;49;13,3
6995;B;Reduced Variability (2-5);60;53;14
6996;B;Reduced Variability (2-5);64;56;12,93
6997;B;Reduced Variability (2-5);59;57;14,39
6998;B;Reduced Variability (2-5);56;51;14,55
6999;B;Reduced Variability (2-5);63;41;12,59
7000;B;Reduced Variability (2-5);62;43;12,62
7001;B;Reduced Variability (2-5);63;45;14,04
7002;B;Reduced Variability (2-5);58;45;11,86
7003;B;Reduced Variability (2-5);62;46;13,23
7004;B;Reduced Variability (2-5);62;42;13,27
7005;B;Reduced Variability (2-5);60;39;13,08
7006;B;Reduced Variability (2-5);52;54;16,06
7007;B;Reduced Variability (2-5);60;49;12,71
7008;B;Reduced Variability (2-5);62;44;13
7009;B;Reduced Variability (2-5);60;51;13,54
7010;B;Reduced Variability (2-5);61;46;13,64
7011;B;Reduced Variability (2-5);57;49;12,19
7012;B;Reduced Variability (2-5);58;49;14,27
7013;B;Reduced Variability (2-5);63;37;12,81
7014;B;Reduced Variability (2-5);59;48;13,48
7015;B;Reduced Variability (2-5);59;59;13,91
7016;B;Reduced Variability (2-5);56;49;14,5
7017;B;Reduced Variability (2-5);58;47;13,77
7018;B;Reduced Variability (2-5);59;41;12,83
7019;B;Reduced Variability (2-5);63;48;14,22
7020;B;Reduced Variability (2-5);59;46;13,48
7021;B;Reduced Variability (2-5);63;49;12,56
7022;B;Reduced Variability (2-5);60;52;13
7023;B;Reduced Variability (2-5);58;41;13,95
7024;B;Reduced Variability (2-5);56;46;13,45
7025;B;Reduced Variability (2-5);61;52;13,48
7026;B;Reduced Variability (2-5);60;55;13,75
7027;B;Reduced Variability (2-5);56;49;14,45
7028;B;Reduced Variability (2-5);62;45;12,96
7029;B;Reduced Variability (2-5);56;46;14,1
7030;B;Reduced Variability (2-5);61;50;12,68
7031;B;Reduced Variability (2-5);60;43;14,75
7032;B;Reduced Variability (2-5);59;44;13,22
7033;B;Reduced Variability (2-5);59;43;13,74
7034;B;Reduced Variability (2-5);60;40;14
7035;B;Reduced Variability (2-5);61;54;13
7036;B;Reduced Variability (2-5);60;56;14,58
7037;B;Reduced Variability (2-5);58;43;13,55
7038;B;Reduced Variability (2-5);57;53;14,19
7039;B;Reduced Variability (2-5);59;59;13,7
7040;B;Reduced Variability (2-5);56;49;13,7
7041;B;Reduced Variability (2-5);61;51;14,32
7042;B;Reduced Variability (2-5);60;42;12,71
7043;B;Reduced Variability (2-5);65;47;13,24
7044;B;Reduced Variability (2-5);62;46;13,42
7045;B;Reduced Variability (2-5);55;53;13,89
7046;B;Reduced Variability (2-5);62;48;13,38
7047;B;Reduced Variability (2-5);59;45;13,87
7048;B;Reduced Variability (2-5);58;54;14,95
7049;B;Reduced Variability (2-5);57;41;14,43
7050;B;Reduced Variability (2-5);58;48;14,91
7051;B;Reduced Variability (2-5);62;51;12,96
7052;B;Reduced Variability (2-5);61;45;13,8
7053;B;Reduced Variability (2-5);61;39;12,68
7054;B;Reduced Variability (2-5);60;41;12
7055;B;Reduced Variability (2-5);60;46;14,42
7056;B;Reduced Variability (2-5);59;42;12,74
7057;B;Reduced Variability (2-5);56;61;14,35
7058;B;Reduced Variability (2-5);56;57;14,8
7059;B;Reduced Variability (2-5);57;52;14,14
7060;B;Reduced Variability (2-5);58;44;13,82
7061;B;Reduced Variability (2-5);58;44;13,73
7062;B;Reduced Variability (2-5);61;40;14,48
7063;B;Reduced Variability (2-5);61;43;12,28
7064;B;Reduced Variability (2-5);59;45;14,3
7065;B;Reduced Variability (2-5);57;52;14,33
7066;B;Reduced Variability (2-5);65;45;13,41
7067;B;Reduced Variability (2-5);61;35;12,6
7068;B;Reduced Variability (2-5);60;41;13
7069;B;Reduced Variability (2-5);56;56;13,5
7070;B;Reduced Variability (2-5);61;51;13,52
7071;B;Reduced Variability (2-5);58;54;14,05
7072;B;Reduced Variability (2-5);57;49;14,05
7073;B;Reduced Variability (2-5);62;45;12,42
7074;B;Reduced Variability (2-5);63;43;13,04
7075;B;Reduced Variability (2-5);64;38;13
7076;B;Reduced Variability (2-5);55;51;14,05
7077;B;Reduced Variability (2-5);63;53;13,78
7078;B;Reduced Variability (2-5);61;45;13,92
7079;B;Reduced Variability (2-5);55;51;13,21
7080;B;Reduced Variability (2-5);59;42;12,43
7081;B;Reduced Variability (2-5);59;51;13,74
7082;B;Reduced Variability (2-5);61;43;13,64
7083;B;Reduced Variability (2-5);61;40;12,16
7084;B;Reduced Variability (2-5);58;42;13,68
7085;B;Reduced Variability (2-5);58;51;13,5
7086;B;Reduced Variability (2-5);59;42;13,39
7087;B;Reduced Variability (2-5);58;45;13,18
7088;B;Reduced Variability (2-5);60;46;12,58
7089;B;Reduced Variability (2-5);59;48;13,78
7090;B;Reduced Variability (2-5);59;43;13,78
7091;B;Reduced Variability (2-5);60;45;13,62
7092;B;Reduced Variability (2-5);60;43;14,25
7093;B;Reduced Variability (2-5);60;48;14,08
7094;B;Reduced Variability (2-5);56;53;14,95
7095;B;Reduced Variability (2-5);62;43;12,96
7096;B;Reduced Variability (2-5);60;39;13,25
7097;B;Reduced Variability (2-5);63;39;12,59
7098;B;Reduced Variability (2-5);61;52;14,4
7099;B;Reduced Variability (2-5);60;37;11,58
7100;B;Reduced Variability (2-5);61;44;12,64
7101;B;Reduced Variability (2-5);58;46;13,55
7102;B;Reduced Variability (2-5);60;47;13,5
7103;B;Reduced Variability (2-5);63;38;11,59
7104;B;Reduced Variability (2-5);62;46;12,92
7105;B;Reduced Variability (2-5);59;43;12,87
7106;B;Reduced Variability (2-5);63;48;13,52
7107;B;Reduced Variability (2-5);59;44;12,43
7108;B;Reduced Variability (2-5);63;39;12,3
7109;B;Reduced Variability (2-5);56;51;14,85
7110;B;Reduced Variability (2-5);63;47;14,37
7111;B;Reduced Variability (2-5);57;46;14,76
7112;B;Reduced Variability (2-5);58;44;13,5
7113;B;Reduced Variability (2-5);62;44;13,92
7114;B;Reduced Variability (2-5);65;40;13,17
7115;B;Reduced Variability (2-5);56;53;14,65
7116;B;Reduced Variability (2-5);59;49;13,04
7117;B;Reduced Variability (2-5);60;48;12,42
7118;B;Reduced Variability (2-5);59;53;14,22
7119;B;Reduced Variability (2-5);59;37;12,83
7120;B;Reduced Variability (2-5);64;43;12,89
7121;B;Reduced Variability (2-5);60;35;13,5
7122;B;Reduced Variability (2-5);59;40;13,13
7123;B;Reduced Variability (2-5);58;54;13,86
7124;B;Reduced Variability (2-5);61;58;13,6
7125;B;Reduced Variability (2-5);61;52;13,8
7126;B;Reduced Variability (2-5);54;57;14,56
7127;B;Reduced Variability (2-5);63;39;12,67
7128;B;Reduced Variability (2-5);60;49;13,08
7129;B;Reduced Variability (2-5);58;54;14,36
7130;B;Reduced Variability (2-5);61;38;13,56
7131;B;Reduced Variability (2-5);56;51;13,95
7132;B;Reduced Variability (2-5);57;44;13,76
7133;B;Reduced Variability (2-5);58;46;14,91
7134;B;Reduced Variability (2-5);62;36;12,19
7135;B;Reduced Variability (2-5);60;47;13,17
7136;B;Reduced Variability (2-5);60;42;12,96
7137;B;Reduced Variability (2-5);61;46;13,24
7138;B;Reduced Variability (2-5);61;46;13,56
7139;B;Reduced Variability (2-5);57;48;14,1
7140;B;Reduced Variability (2-5);61;41;12,8
7141;B;Reduced Variability (2-5);63;49;13,78
7142;B;Reduced Variability (2-5);61;38;12,92
7143;B;Reduced Variability (2-5);63;46;13,81
7144;B;Reduced Variability (2-5);59;51;15
7145;B;Reduced Variability (2-5);62;47;12,36
7146;B;Reduced Variability (2-5);59;40;12,61
7147;B;Reduced Variability (2-5);63;42;12,3
7148;B;Reduced Variability (2-5);61;47;13,8
7149;B;Reduced Variability (2-5);58;50;14,68
7150;B;Reduced Variability (2-5);59;51;13,83
7151;B;Reduced Variability (2-5);58;51;13,55
7152;B;Reduced Variability (2-5);60;44;12,62
7153;B;Reduced Variability (2-5);63;46;13,7
7154;B;Reduced Variability (2-5);59;44;13,43
7155;B;Reduced Variability (2-5);60;45;12,12
7156;B;Reduced Variability (2-5);61;40;12,4
7157;B;Reduced Variability (2-5);59;56;14,57
7158;B;Reduced Variability (2-5);54;44;14,17
7159;B;Reduced Variability (2-5);62;43;13,04
7160;B;Reduced Variability (2-5);59;53;14,39
7161;B;Reduced Variability (2-5);56;50;14,55
7162;B;Reduced Variability (2-5);56;47;14,05
7163;B;Reduced Variability (2-5);61;43;13,88
7164;B;Reduced Variability (2-5);58;48;13,91
7165;B;Reduced Variability (2-5);61;50;13,4
7166;B;Reduced Variability (2-5);53;54;15,59
7167;B;Reduced Variability (2-5);58;47;14,27
7168;B;Reduced Variability (2-5);61;39;12,76
7169;B;Reduced Variability (2-5);61;42;13,4
7170;B;Reduced Variability (2-5);60;33;11,75
7171;B;Reduced Variability (2-5);56;54;14,6
7172;B;Reduced Variability (2-5);57;47;14,33
7173;B;Reduced Variability (2-5);59;55;14,13
7174;B;Reduced Variability (2-5);63;49;14,81
7175;B;Reduced Variability (2-5);59;48;13,22
7176;B;Reduced Variability (2-5);62;37;12,62
7177;B;Reduced Variability (2-5);59;50;14,61
7178;B;Reduced Variability (2-5);56;53;14,4
7179;B;Reduced Variability (2-5);62;51;12,88
7180;B;Reduced Variability (2-5);58;50;13,86
7181;B;Reduced Variability (2-5);66;43;14,1
7182;B;Reduced Variability (2-5);62;49;12,42
7183;B;Reduced Variability (2-5);56;48;14,05
7184;B;Reduced Variability (2-5);59;47;14,7
7185;B;Reduced Variability (2-5);60;51;13,25
7186;B;Reduced Variability (2-5);60;56;14,67
7187;B;Reduced Variability (2-5);60;47;13,58
7188;B;Reduced Variability (2-5);60;46;12,12
7189;B;Reduced Variability (2-5);59;55;14,78
7190;B;Reduced Variability (2-5);59;45;13,61
7191;B;Reduced Variability (2-5);56;53;14
7192;B;Reduced Variability (2-5);63;37;12,59
7193;B;Reduced Variability (2-5);62;49;13,77
7194;B;Reduced Variability (2-5);63;38;12,89
7195;B;Reduced Variability (2-5);57;46;15,33
7196;B;Reduced Variability (2-5);63;40;13,19
7197;B;Reduced Variability (2-5);61;37;13,36
7198;B;Reduced Variability (2-5);61;46;12,4
7199;B;Reduced Variability (2-5);58;53;13,27
7200;B;Reduced Variability (2-5);58;49;13,55
7201;B;Reduced Variability (2-5);58;43;13,55
7202;B;Reduced Variability (2-5);56;48;14,05
7203;B;Reduced Variability (2-5);62;42;13,92
7204;B;Reduced Variability (2-5);60;51;13,54
7205;B;Reduced Variability (2-5);61;46;13,92
7206;B;Reduced Variability (2-5);58;46;14,55
7207;B;Reduced Variability (2-5);60;53;15,12
7208;B;Reduced Variability (2-5);57;45;13,9
7209;B;Reduced Variability (2-5);61;39;13,32
7210;B;Reduced Variability (2-5);61;43;12,96
7211;B;Reduced Variability (2-5);61;43;12,56
7212;B;Reduced Variability (2-5);65;40;11,55
7213;B;Reduced Variability (2-5);58;41;13,82
7214;B;Reduced Variability (2-5);56;53;15,05
7215;B;Reduced Variability (2-5);58;50;13,86
7216;B;Reduced Variability (2-5);55;40;13,79
7217;B;Reduced Variability (2-5);59;49;13,83
7218;B;Reduced Variability (2-5);61;34;12,68
7219;B;Reduced Variability (2-5);61;46;12,76
7220;B;Reduced Variability (2-5);61;47;13,16
7221;B;Reduced Variability (2-5);61;41;13,4
7222;B;Reduced Variability (2-5);58;48;14,45
7223;B;Reduced Variability (2-5);60;43;13,62
7224;B;Reduced Variability (2-5);59;52;12,78
7225;B;Reduced Variability (2-5);62;50;14,12
7226;B;Reduced Variability (2-5);58;32;11,86
7227;B;Reduced Variability (2-5);59;42;12,87
7228;B;Reduced Variability (2-5);58;43;14,36
7229;B;Reduced Variability (2-5);57;41;13,33
7230;B;Reduced Variability (2-5);62;37;12,92
7231;B;Reduced Variability (2-5);60;51;12,79
7232;B;Reduced Variability (2-5);62;54;12,81
7233;B;Reduced Variability (2-5);65;46;12,83
7234;B;Reduced Variability (2-5);62;44;13,12
7235;B;Reduced Variability (2-5);60;46;12,88
7236;B;Reduced Variability (2-5);58;42;14,18
7237;B;Reduced Variability (2-5);62;40;13,65
7238;B;Reduced Variability (2-5);59;49;13,26
7239;B;Reduced Variability (2-5);62;46;12,96
7240;B;Reduced Variability (2-5);59;40;13,74
7241;B;Reduced Variability (2-5);57;48;13,52
7242;B;Reduced Variability (2-5);61;48;13,48
7243;B;Reduced Variability (2-5);59;48;13,43
7244;B;Reduced Variability (2-5);61;44;13,2
7245;B;Reduced Variability (2-5);58;40;13,55
7246;B;Reduced Variability (2-5);59;46;13,52
7247;B;Reduced Variability (2-5);61;42;12,8
7248;B;Reduced Variability (2-5);55;45;15,11
7249;B;Reduced Variability (2-5);58;48;12,55
7250;B;Reduced Variability (2-5);57;47;14,48
7251;B;Reduced Variability (2-5);64;36;12,21
7252;B;Reduced Variability (2-5);60;47;13,38
7253;B;Reduced Variability (2-5);60;38;13,25
7254;B;Reduced Variability (2-5);59;47;12,52
7255;B;Reduced Variability (2-5);59;49;13,96
7256;B;Reduced Variability (2-5);58;52;13,36
7257;B;Reduced Variability (2-5);59;36;11,65
7258;B;Reduced Variability (2-5);55;54;14,47
7259;B;Reduced Variability (2-5);64;45;13,39
7260;B;Reduced Variability (2-5);60;53;13,88
7261;B;Reduced Variability (2-5);61;45;12,12
7262;B;Reduced Variability (2-5);59;48;13,91
7263;B;Reduced Variability (2-5);57;52;14,24
7264;B;Reduced Variability (2-5);57;43;13,2
7265;B;Reduced Variability (2-5);57;52;14,1
7266;B;Reduced Variability (2-5);58;46;13,59
7267;B;Reduced Variability (2-5);57;47;13,67
7268;B;Reduced Variability (2-5);64;36;12,39
7269;B;Reduced Variability (2-5);60;46;13,92
7270;B;Reduced Variability (2-5);64;45;13,11
7271;B;Reduced Variability (2-5);54;51;14,83
7272;B;Reduced Variability (2-5);62;43;13,65
7273;B;Reduced Variability (2-5);57;55;13,24
7274;B;Reduced Variability (2-5);60;47;12,17
7275;B;Reduced Variability (2-5);56;51;14,65
7276;B;Reduced Variability (2-5);59;46;12,83
7277;B;Reduced Variability (2-5);59;50;13,43
7278;B;Reduced Variability (2-5);60;46;13,08
7279;B;Reduced Variability (2-5);57;45;14,14
7280;B;Reduced Variability (2-5);57;52;14,29
7281;B;Reduced Variability (2-5);56;46;14,4
7282;B;Reduced Variability (2-5);63;40;12,96
7283;B;Reduced Variability (2-5);61;56;14
7284;B;Reduced Variability (2-5);57;51;13
7285;B;Reduced Variability (2-5);58;48;14,82
7286;B;Reduced Variability (2-5);62;42;12,54
7287;B;Reduced Variability (2-5);61;42;12,52
7288;B;Reduced Variability (2-5);56;55;13,6
7289;B;Reduced Variability (2-5);61;49;13,48
7290;B;Reduced Variability (2-5);62;43;12,54
7291;B;Reduced Variability (2-5);63;38;12,52
7292;B;Reduced Variability (2-5);64;42;13,61
7293;B;Reduced Variability (2-5);63;41;12,48
7294;B;Reduced Variability (2-5);61;39;13,44
7295;B;Reduced Variability (2-5);57;49;15,29
7296;B;Reduced Variability (2-5);59;52;14,04
7297;B;Reduced Variability (2-5);61;48;12,72
7298;B;Reduced Variability (2-5);61;45;13
7299;B;Reduced Variability (2-5);58;49;13,64
7300;B;Reduced Variability (2-5);63;43;12,88
7301;B;Reduced Variability (2-5);60;47;13,33
7302;B;Reduced Variability (2-5);62;38;11,96
7303;B;Reduced Variability (2-5);59;45;14,09
7304;B;Reduced Variability (2-5);59;45;13,3
7305;B;Reduced Variability (2-5);61;52;13,68
7306;B;Reduced Variability (2-5);62;34;11,81
7307;B;Reduced Variability (2-5);58;52;14
7308;B;Reduced Variability (2-5);60;48;12,92
7309;B;Reduced Variability (2-5);54;50;14,89
7310;B;Reduced Variability (2-5);61;44;13,08
7311;B;Reduced Variability (2-5);64;39;13,04
7312;B;Reduced Variability (2-5);60;44;13,04
7313;B;Reduced Variability (2-5);58;50;13,86
7314;B;Reduced Variability (2-5);58;56;13,5
7315;B;Reduced Variability (2-5);60;49;14,04
7316;B;Reduced Variability (2-5);60;44;13
7317;B;Reduced Variability (2-5);59;49;14,43
7318;B;Reduced Variability (2-5);57;44;13,81
7319;B;Reduced Variability (2-5);63;49;13,56
7320;B;Reduced Variability (2-5);62;45;12,69
7321;B;Reduced Variability (2-5);59;40;13,09
7322;B;Reduced Variability (2-5);55;53;14,84
7323;B;Reduced Variability (2-5);60;41;13,17
7324;B;Reduced Variability (2-5);55;51;14,84
7325;B;Reduced Variability (2-5);62;39;13,58
7326;B;Reduced Variability (2-5);58;45;13,59
7327;B;Reduced Variability (2-5);63;44;13,26
7328;B;Reduced Variability (2-5);56;45;14,1
7329;B;Reduced Variability (2-5);63;51;12,96
7330;B;Reduced Variability (2-5);59;41;12,78
7331;B;Reduced Variability (2-5);56;54;14,75
7332;B;Reduced Variability (2-5);61;35;13,4
7333;B;Reduced Variability (2-5);59;49;13,65
7334;B;Reduced Variability (2-5);60;48;13,46
7335;B;Reduced Variability (2-5);58;49;13,77
7336;B;Reduced Variability (2-5);60;38;13,5
7337;B;Reduced Variability (2-5);58;48;13,18
7338;B;Reduced Variability (2-5);54;60;13,72
7339;B;Reduced Variability (2-5);62;50;14
7340;B;Reduced Variability (2-5);60;50;15,12
7341;B;Reduced Variability (2-5);59;48;13,09
7342;B;Reduced Variability (2-5);60;58;14,54
7343;B;Reduced Variability (2-5);62;46;12,88
7344;B;Reduced Variability (2-5);58;43;13,64
7345;B;Reduced Variability (2-5);58;54;13,91
7346;B;Reduced Variability (2-5);60;46;13,08
7347;B;Reduced Variability (2-5);56;30;11,95
7348;B;Reduced Variability (2-5);61;45;12,6
7349;B;Reduced Variability (2-5);62;45;12,65
7350;B;Reduced Variability (2-5);59;52;13,61
7351;B;Reduced Variability (2-5);57;48;14,71
7352;B;Reduced Variability (2-5);61;38;13,52
7353;B;Reduced Variability (2-5);59;36;12,87
7354;B;Reduced Variability (2-5);61;46;13,72
7355;B;Reduced Variability (2-5);59;48;13,7
7356;B;Reduced Variability (2-5);61;30;11,6
7357;B;Reduced Variability (2-5);61;45;12,2
7358;B;Reduced Variability (2-5);59;45;13,3
7359;B;Reduced Variability (2-5);64;41;12,21
7360;B;Reduced Variability (2-5);60;52;13,5
7361;B;Reduced Variability (2-5);61;43;12,92
7362;B;Reduced Variability (2-5);62;41;13,04
7363;B;Reduced Variability (2-5);62;46;14
7364;B;Reduced Variability (2-5);62;50;13,23
7365;B;Reduced Variability (2-5);58;45;14,32
7366;B;Reduced Variability (2-5);59;48;14,17
7367;B;Reduced Variability (2-5);61;42;12,48
7368;B;Reduced Variability (2-5);61;44;14,04
7369;B;Reduced Variability (2-5);57;46;13,24
7370;B;Reduced Variability (2-5);59;43;12,87
7371;B;Reduced Variability (2-5);60;53;13,04
7372;B;Reduced Variability (2-5);65;45;12,79
7373;B;Reduced Variability (2-5);60;44;12,88
7374;B;Reduced Variability (2-5);56;50;14,65
7375;B;Reduced Variability (2-5);58;51;14,27
7376;B;Reduced Variability (2-5);60;41;13,29
7377;B;Reduced Variability (2-5);58;42;13,64
7378;B;Reduced Variability (2-5);58;40;13,27
7379;B;Reduced Variability (2-5);60;49;14,21
7380;B;Reduced Variability (2-5);61;45;12,72
7381;B;Reduced Variability (2-5);58;45;12,68
7382;B;Reduced Variability (2-5);58;47;13,05
7383;B;Reduced Variability (2-5);58;44;13,5
7384;B;Reduced Variability (2-5);57;44;14,33
7385;B;Reduced Variability (2-5);62;39;11,65
7386;B;Reduced Variability (2-5);56;44;14,15
7387;B;Reduced Variability (2-5);58;46;13,91
7388;B;Reduced Variability (2-5);62;35;13,12
7389;B;Reduced Variability (2-5);62;45;13,54
7390;B;Reduced Variability (2-5);59;52;14,52
7391;B;Reduced Variability (2-5);60;44;13,38
7392;B;Reduced Variability (2-5);57;43;14,19
7393;B;Reduced Variability (2-5);58;41;12,77
7394;B;Reduced Variability (2-5);58;48;14,32
7395;B;Reduced Variability (2-5);62;45;12,96
7396;B;Reduced Variability (2-5);58;42;13,5
7397;B;Reduced Variability (2-5);58;47;13,82
7398;B;Reduced Variability (2-5);58;45;14,68
7399;B;Reduced Variability (2-5);60;42;13
7400;B;Reduced Variability (2-5);62;53;12,96
7401;B;Reduced Variability (2-5);60;45;14,04
7402;B;Reduced Variability (2-5);60;39;12,92
7403;B;Reduced Variability (2-5);59;54;13,09
7404;B;Reduced Variability (2-5);58;48;14,55
7405;B;Reduced Variability (2-5);58;47;13,45
7406;B;Reduced Variability (2-5);57;53;13,62
7407;B;Reduced Variability (2-5);58;51;14,5
7408;B;Reduced Variability (2-5);56;47;13,3
7409;B;Reduced Variability (2-5);63;48;12,85
7410;B;Reduced Variability (2-5);61;46;13,56
7411;B;Reduced Variability (2-5);59;46;13,57
7412;B;Reduced Variability (2-5);60;54;13,58
7413;B;Reduced Variability (2-5);57;49;13,9
7414;B;Reduced Variability (2-5);63;47;13,41
7415;B;Reduced Variability (2-5);62;46;12,08
7416;B;Reduced Variability (2-5);63;40;13,37
7417;B;Reduced Variability (2-5);60;46;12,96
7418;B;Reduced Variability (2-5);61;44;13,44
7419;B;Reduced Variability (2-5);64;47;13,82
7420;B;Reduced Variability (2-5);60;47;14,21
7421;B;Reduced Variability (2-5);64;47;12,75
7422;B;Reduced Variability (2-5);59;48;13,78
7423;B;Reduced Variability (2-5);59;37;12,61
7424;B;Reduced Variability (2-5);64;43;13,04
7425;B;Reduced Variability (2-5);61;41;13
7426;B;Reduced Variability (2-5);61;49;13,6
7427;B;Reduced Variability (2-5);55;54;15,16
7428;B;Reduced Variability (2-5);57;49;13,76
7429;B;Reduced Variability (2-5);59;53;14,22
7430;B;Reduced Variability (2-5);56;50;13
7431;B;Reduced Variability (2-5);58;49;13,64
7432;B;Reduced Variability (2-5);59;48;14,87
7433;B;Reduced Variability (2-5);56;53;14,4
7434;B;Reduced Variability (2-5);59;47;13,65
7435;B;Reduced Variability (2-5);63;40;12,3
7436;B;Reduced Variability (2-5);57;55;14,52
7437;B;Reduced Variability (2-5);59;49;13,83
7438;B;Reduced Variability (2-5);62;45;13,69
7439;B;Reduced Variability (2-5);62;40;13,58
7440;B;Reduced Variability (2-5);60;39;14,29
7441;B;Reduced Variability (2-5);61;37;13,16
7442;B;Reduced Variability (2-5);59;52;13,87
7443;B;Reduced Variability (2-5);60;43;12,75
7444;B;Reduced Variability (2-5);63;50;13,59
7445;B;Reduced Variability (2-5);62;35;11,88
7446;B;Reduced Variability (2-5);58;52;13,23
7447;B;Reduced Variability (2-5);60;50;14,17
7448;B;Reduced Variability (2-5);59;45;13,74
7449;B;Reduced Variability (2-5);61;46;13,6
7450;B;Reduced Variability (2-5);59;47;13,52
7451;B;Reduced Variability (2-5);62;41;12,85
7452;B;Reduced Variability (2-5);60;50;14,17
7453;B;Reduced Variability (2-5);60;43;13,71
7454;B;Reduced Variability (2-5);63;46;12,89
7455;B;Reduced Variability (2-5);57;48;13,71
7456;B;Reduced Variability (2-5);61;40;12,8
7457;B;Reduced Variability (2-5);63;50;12,93
7458;B;Reduced Variability (2-5);63;49;13,52
7459;B;Reduced Variability (2-5);56;49;14,45
7460;B;Reduced Variability (2-5);61;46;13,4
7461;B;Reduced Variability (2-5);64;46;13,43
7462;B;Reduced Variability (2-5);58;47;13,91
7463;B;Reduced Variability (2-5);58;53;13,86
7464;B;Reduced Variability (2-5);60;55;14,29
7465;B;Reduced Variability (2-5);61;39;13,2
7466;B;Reduced Variability (2-5);59;51;13,61
7467;B;Reduced Variability (2-5);62;40;12,35
7468;B;Reduced Variability (2-5);55;49;14,53
7469;B;Reduced Variability (2-5);61;50;13,36
7470;B;Reduced Variability (2-5);63;48;13,48
7471;B;Reduced Variability (2-5);63;41;12,44
7472;B;Reduced Variability (2-5);58;45;12,27
7473;B;Reduced Variability (2-5);57;49;13,81
7474;B;Reduced Variability (2-5);60;41;12,17
7475;B;Reduced Variability (2-5);57;50;12,19
7476;B;Reduced Variability (2-5);60;41;12,62
7477;B;Reduced Variability (2-5);58;41;11,64
7478;B;Reduced Variability (2-5);58;51;14,77
7479;B;Reduced Variability (2-5);61;46;13,08
7480;B;Reduced Variability (2-5);61;44;13,56
7481;B;Reduced Variability (2-5);59;49;13,74
7482;B;Reduced Variability (2-5);58;47;13,64
7483;B;Reduced Variability (2-5);57;53;14,33
7484;B;Reduced Variability (2-5);59;40;12,96
7485;B;Reduced Variability (2-5);62;51;12,81
7486;B;Reduced Variability (2-5);63;40;12,7
7487;B;Reduced Variability (2-5);60;51;13,58
7488;B;Reduced Variability (2-5);59;44;13,35
7489;B;Reduced Variability (2-5);61;36;12,76
7490;B;Reduced Variability (2-5);61;48;14,16
7491;B;Reduced Variability (2-5);62;43;12,96
7492;B;Reduced Variability (2-5);59;49;13,26
7493;B;Reduced Variability (2-5);61;44;12,56
7494;B;Reduced Variability (2-5);62;45;12,65
7495;B;Reduced Variability (2-5);62;46;12,04
7496;B;Reduced Variability (2-5);64;42;13,15
7497;B;Reduced Variability (2-5);59;37;13,57
7498;B;Reduced Variability (2-5);61;49;14,48
7499;B;Reduced Variability (2-5);60;43;13,08
7500;B;Reduced Variability (2-5);61;42;12,12
7501;B;Reduced Variability (2-5);57;57;15,43
7502;B;Reduced Variability (2-5);57;49;14,71
7503;B;Reduced Variability (2-5);62;45;12,38
7504;B;Reduced Variability (2-5);60;49;13,38
7505;B;Reduced Variability (2-5);62;39;11,42
7506;B;Reduced Variability (2-5);60;42;12,75
7507;B;Reduced Variability (2-5);60;49;12,92
7508;B;Reduced Variability (2-5);58;39;12,77
7509;B;Reduced Variability (2-5);61;47;13,4
7510;B;Reduced Variability (2-5);58;44;14,5
7511;B;Reduced Variability (2-5);61;41;11,96
7512;B;Reduced Variability (2-5);60;49;13,38
7513;B;Reduced Variability (2-5);57;43;13,9
7514;B;Reduced Variability (2-5);61;48;13,84
7515;B;Reduced Variability (2-5);60;44;13,25
7516;B;Reduced Variability (2-5);63;42;12,85
7517;B;Reduced Variability (2-5);63;41;12,59
7518;B;Reduced Variability (2-5);61;38;12,92
7519;B;Reduced Variability (2-5);62;44;13,46
7520;B;Reduced Variability (2-5);60;56;14,21
7521;B;Reduced Variability (2-5);63;45;13,11
7522;B;Reduced Variability (2-5);63;43;12,04
7523;B;Reduced Variability (2-5);61;45;12,04
7524;B;Reduced Variability (2-5);54;50;14
7525;B;Reduced Variability (2-5);59;43;13,3
7526;B;Reduced Variability (2-5);60;44;13,33
7527;B;Reduced Variability (2-5);61;38;13,12
7528;B;Reduced Variability (2-5);59;47;13
7529;B;Reduced Variability (2-5);59;49;13,09
7530;B;Reduced Variability (2-5);61;49;13,04
7531;B;Reduced Variability (2-5);58;50;13,73
7532;B;Reduced Variability (2-5);57;44;12,81
7533;B;Reduced Variability (2-5);55;48;14,26
7534;B;Reduced Variability (2-5);63;49;13,96
7535;B;Reduced Variability (2-5);55;50;14,11
7536;B;Reduced Variability (2-5);61;46;12,76
7537;B;Reduced Variability (2-5);61;43;13,64
7538;B;Reduced Variability (2-5);55;55;13,79
7539;B;Reduced Variability (2-5);63;48;13,37
7540;B;Reduced Variability (2-5);61;46;14,28
7541;B;Reduced Variability (2-5);58;38;13,05
7542;B;Reduced Variability (2-5);62;42;12,42
7543;B;Reduced Variability (2-5);62;42;13,19
7544;B;Reduced Variability (2-5);63;37;12,44
7545;B;Reduced Variability (2-5);59;47;13,91
7546;B;Reduced Variability (2-5);57;49;13,67
7547;B;Reduced Variability (2-5);61;39;12,84
7548;B;Reduced Variability (2-5);60;47;12,75
7549;B;Reduced Variability (2-5);61;41;12,6
7550;B;Reduced Variability (2-5);56;50;14,35
7551;B;Reduced Variability (2-5);59;42;14,3
7552;B;Reduced Variability (2-5);59;47;13,3
7553;B;Reduced Variability (2-5);58;47;13,55
7554;B;Reduced Variability (2-5);61;44;13,48
7555;B;Reduced Variability (2-5);61;48;13,56
7556;B;Reduced Variability (2-5);56;55;14,5
7557;B;Reduced Variability (2-5);58;48;13,73
7558;B;Reduced Variability (2-5);62;35;11,65
7559;B;Reduced Variability (2-5);57;49;13,86
7560;B;Reduced Variability (2-5);63;48;13,85
7561;B;Reduced Variability (2-5);58;51;14,5
7562;B;Reduced Variability (2-5);61;53;13,48
7563;B;Reduced Variability (2-5);59;45;13,43
7564;B;Reduced Variability (2-5);61;48;13,04
7565;B;Reduced Variability (2-5);58;39;13,14
7566;B;Reduced Variability (2-5);59;50;14,83
7567;B;Reduced Variability (2-5);56;45;13,55
7568;B;Reduced Variability (2-5);57;43;13,71
7569;B;Reduced Variability (2-5);58;48;14,27
7570;B;Reduced Variability (2-5);60;48;13,46
7571;B;Reduced Variability (2-5);59;40;12,09
7572;B;Reduced Variability (2-5);60;45;13,42
7573;B;Reduced Variability (2-5);62;44;13,5
7574;B;Reduced Variability (2-5);59;43;14,39
7575;B;Reduced Variability (2-5);60;46;13,46
7576;B;Reduced Variability (2-5);60;41;13,25
7577;B;Reduced Variability (2-5);58;56;13,86
7578;B;Reduced Variability (2-5);58;46;14,45
7579;B;Reduced Variability (2-5);57;50;12,67
7580;B;Reduced Variability (2-5);62;40;12,46
7581;B;Reduced Variability (2-5);59;42;13,96
7582;B;Reduced Variability (2-5);58;37;12,55
7583;B;Reduced Variability (2-5);60;43;12,83
7584;B;Reduced Variability (2-5);60;48;13,58
7585;B;Reduced Variability (2-5);63;41;12,74
7586;B;Reduced Variability (2-5);61;40;12,56
7587;B;Reduced Variability (2-5);57;52;14,24
7588;B;Reduced Variability (2-5);56;47;14,1
7589;B;Reduced Variability (2-5);62;58;14,46
7590;B;Reduced Variability (2-5);60;50;14,38
7591;B;Reduced Variability (2-5);61;47;12,8
7592;B;Reduced Variability (2-5);61;47;12,32
7593;B;Reduced Variability (2-5);59;43;12,91
7594;B;Reduced Variability (2-5);61;48;13,24
7595;B;Reduced Variability (2-5);60;45;13,21
7596;B;Reduced Variability (2-5);57;47;14
7597;B;Reduced Variability (2-5);60;53;13,71
7598;B;Reduced Variability (2-5);57;50;14,48
7599;B;Reduced Variability (2-5);59;45;12,78
7600;B;Reduced Variability (2-5);57;57;14,71
7601;B;Reduced Variability (2-5);55;53;13,37
7602;B;Reduced Variability (2-5);58;45;13,14
7603;B;Reduced Variability (2-5);61;37;11,28
7604;B;Reduced Variability (2-5);60;45;13,46
7605;B;Reduced Variability (2-5);55;52;14,68
7606;B;Reduced Variability (2-5);56;48;14,5
7607;B;Reduced Variability (2-5);60;42;13,46
7608;B;Reduced Variability (2-5);60;53;14,33
7609;B;Reduced Variability (2-5);57;50;13,19
7610;B;Reduced Variability (2-5);62;42;13,62
7611;B;Reduced Variability (2-5);59;37;12,83
7612;B;Reduced Variability (2-5);63;51;13,96
7613;B;Reduced Variability (2-5);60;41;13,38
7614;B;Reduced Variability (2-5);60;48;13,75
7615;B;Reduced Variability (2-5);59;48;13,96
7616;B;Reduced Variability (2-5);57;58;14
7617;B;Reduced Variability (2-5);60;51;13,25
7618;B;Reduced Variability (2-5);62;39;12,58
7619;B;Reduced Variability (2-5);60;50;14,5
7620;B;Reduced Variability (2-5);58;54;13,95
7621;B;Reduced Variability (2-5);56;61;15,1
7622;B;Reduced Variability (2-5);55;50;14,89
7623;B;Reduced Variability (2-5);61;41;13,16
7624;B;Reduced Variability (2-5);59;47;12,74
7625;B;Reduced Variability (2-5);59;37;13,13
7626;B;Reduced Variability (2-5);59;55;12,74
7627;B;Reduced Variability (2-5);60;50;13,96
7628;B;Reduced Variability (2-5);61;40;12,96
7629;B;Reduced Variability (2-5);62;43;13,46
7630;B;Reduced Variability (2-5);54;55;14,67
7631;B;Reduced Variability (2-5);62;42;13,92
7632;B;Reduced Variability (2-5);62;39;13,92
7633;B;Reduced Variability (2-5);58;50;13,68
7634;B;Reduced Variability (2-5);57;51;13,76
7635;B;Reduced Variability (2-5);57;52;13,81
7636;B;Reduced Variability (2-5);63;49;13,48
7637;B;Reduced Variability (2-5);51;59;15,8
7638;B;Reduced Variability (2-5);61;40;13,48
7639;B;Reduced Variability (2-5);61;46;12,96
7640;B;Reduced Variability (2-5);58;42;14,18
7641;B;Reduced Variability (2-5);60;45;12,88
7642;B;Reduced Variability (2-5);63;37;13,59
7643;B;Reduced Variability (2-5);61;46;13,08
7644;B;Reduced Variability (2-5);62;49;13,65
7645;B;Reduced Variability (2-5);60;49;15
7646;B;Reduced Variability (2-5);60;46;13,71
7647;B;Reduced Variability (2-5);62;45;13,46
7648;B;Reduced Variability (2-5);59;49;13,43
7649;B;Reduced Variability (2-5);60;40;12,92
7650;B;Reduced Variability (2-5);63;45;12,96
7651;B;Reduced Variability (2-5);61;46;13
7652;B;Reduced Variability (2-5);60;46;14,42
7653;B;Reduced Variability (2-5);57;51;14
7654;B;Reduced Variability (2-5);61;42;13,28
7655;B;Reduced Variability (2-5);60;49;13,83
7656;B;Reduced Variability (2-5);65;35;12,39
7657;B;Reduced Variability (2-5);55;51;13,68
7658;B;Reduced Variability (2-5);62;49;13,62
7659;B;Reduced Variability (2-5);59;45;14,74
7660;B;Reduced Variability (2-5);57;47;14,67
7661;B;Reduced Variability (2-5);62;48;13,27
7662;B;Reduced Variability (2-5);59;45;13,43
7663;B;Reduced Variability (2-5);60;42;13,21
7664;B;Reduced Variability (2-5);58;46;12,68
7665;B;Reduced Variability (2-5);56;47;13,35
7666;B;Reduced Variability (2-5);53;51;14,53
7667;B;Reduced Variability (2-5);59;47;13,17
7668;B;Reduced Variability (2-5);58;42;13,32
7669;B;Reduced Variability (2-5);57;53;13,71
7670;B;Reduced Variability (2-5);64;38;12,07
7671;B;Reduced Variability (2-5);61;44;13,56
7672;B;Reduced Variability (2-5);61;51;13,72
7673;B;Reduced Variability (2-5);63;42;12,81
7674;B;Reduced Variability (2-5);61;30;12
7675;B;Reduced Variability (2-5);63;39;12,11
7676;B;Reduced Variability (2-5);60;49;14,04
7677;B;Reduced Variability (2-5);58;45;13,18
7678;B;Reduced Variability (2-5);59;37;12
7679;B;Reduced Variability (2-5);60;39;13,04
7680;B;Reduced Variability (2-5);59;48;13,13
7681;B;Reduced Variability (2-5);61;51;14,64
7682;B;Reduced Variability (2-5);63;40;13,19
7683;B;Reduced Variability (2-5);60;49;14,29
7684;B;Reduced Variability (2-5);59;46;13,26
7685;B;Reduced Variability (2-5);58;47;12,5
7686;B;Reduced Variability (2-5);61;45;12,32
7687;B;Reduced Variability (2-5);59;48;13,83
7688;B;Reduced Variability (2-5);59;48;13,41
7689;B;Reduced Variability (2-5);60;55;13,38
7690;B;Reduced Variability (2-5);60;46;13,21
7691;B;Reduced Variability (2-5);54;55;14,28
7692;B;Reduced Variability (2-5);63;54;12,67
7693;B;Reduced Variability (2-5);59;44;14,26
7694;B;Reduced Variability (2-5);63;46;13,37
7695;B;Reduced Variability (2-5);64;45;13,14
7696;B;Reduced Variability (2-5);61;53;13,96
7697;B;Reduced Variability (2-5);59;40;12,83
7698;B;Reduced Variability (2-5);64;42;13,11
7699;B;Reduced Variability (2-5);61;46;13,68
7700;B;Reduced Variability (2-5);58;50;13
7701;B;Reduced Variability (2-5);59;53;13,7
7702;B;Reduced Variability (2-5);61;47;13,88
7703;B;Reduced Variability (2-5);58;47;13,59
7704;B;Reduced Variability (2-5);58;42;13,27
7705;B;Reduced Variability (2-5);55;52;15,05
7706;B;Reduced Variability (2-5);60;54;13,58
7707;B;Reduced Variability (2-5);58;45;14,55
7708;B;Reduced Variability (2-5);55;53;14,63
7709;B;Reduced Variability (2-5);62;54;14
7710;B;Reduced Variability (2-5);59;45;12,87
7711;B;Reduced Variability (2-5);60;45;12,71
7712;B;Reduced Variability (2-5);59;39;13,35
7713;B;Reduced Variability (2-5);55;55;14,68
7714;B;Reduced Variability (2-5);58;54;14,09
7715;B;Reduced Variability (2-5);59;49;13
7716;B;Reduced Variability (2-5);59;45;13,09
7717;B;Reduced Variability (2-5);58;52;14,68
7718;B;Reduced Variability (2-5);58;51;13,59
7719;B;Reduced Variability (2-5);59;50;13,74
7720;B;Reduced Variability (2-5);59;48;13,74
7721;B;Reduced Variability (2-5);56;44;13,85
7722;B;Reduced Variability (2-5);57;43;14,38
7723;B;Reduced Variability (2-5);59;46;14,17
7724;B;Reduced Variability (2-5);61;40;13,12
7725;B;Reduced Variability (2-5);61;43;12
7726;B;Reduced Variability (2-5);55;51;14
7727;B;Reduced Variability (2-5);62;46;14,08
7728;B;Reduced Variability (2-5);61;45;12,88
7729;B;Reduced Variability (2-5);61;55;14,4
7730;B;Reduced Variability (2-5);62;46;13,46
7731;B;Reduced Variability (2-5);61;42;13,24
7732;B;Reduced Variability (2-5);60;52;14,29
7733;B;Reduced Variability (2-5);60;50;13,46
7734;B;Reduced Variability (2-5);61;45;14
7735;B;Reduced Variability (2-5);63;39;12,26
7736;B;Reduced Variability (2-5);59;39;14,09
7737;B;Reduced Variability (2-5);65;42;12,69
7738;B;Reduced Variability (2-5);61;42;13,21
7739;B;Reduced Variability (2-5);56;44;14,25
7740;B;Reduced Variability (2-5);56;50;13,5
7741;B;Reduced Variability (2-5);59;45;14
7742;B;Reduced Variability (2-5);62;42;12,08
7743;B;Reduced Variability (2-5);59;48;13,87
7744;B;Reduced Variability (2-5);58;54;13,73
7745;B;Reduced Variability (2-5);60;42;13,29
7746;B;Reduced Variability (2-5);62;46;13,46
7747;B;Reduced Variability (2-5);62;44;12,77
7748;B;Reduced Variability (2-5);61;47;13,84
7749;B;Reduced Variability (2-5);59;46;13,74
7750;B;Reduced Variability (2-5);58;47;13,86
7751;B;Reduced Variability (2-5);60;46;12,54
7752;B;Reduced Variability (2-5);63;49;13,67
7753;B;Reduced Variability (2-5);60;43;12,83
7754;B;Reduced Variability (2-5);60;44;14,12
7755;B;Reduced Variability (2-5);55;42;14,37
7756;B;Reduced Variability (2-5);56;52;14,4
7757;B;Reduced Variability (2-5);57;46;14
7758;B;Reduced Variability (2-5);60;44;14,58
7759;B;Reduced Variability (2-5);57;54;14,43
7760;B;Reduced Variability (2-5);55;42;14,26
7761;B;Reduced Variability (2-5);59;39;13,35
7762;B;Reduced Variability (2-5);59;51;14,17
7763;B;Reduced Variability (2-5);60;54;14,5
7764;B;Reduced Variability (2-5);58;41;12,23
7765;B;Reduced Variability (2-5);61;47;13,4
7766;B;Reduced Variability (2-5);58;53;14,77
7767;B;Reduced Variability (2-5);60;47;13,88
7768;B;Reduced Variability (2-5);57;45;14,48
7769;B;Reduced Variability (2-5);57;44;14,86
7770;B;Reduced Variability (2-5);61;42;13
7771;B;Reduced Variability (2-5);58;42;13,86
7772;B;Reduced Variability (2-5);59;53;13,43
7773;B;Reduced Variability (2-5);61;57;14,52
7774;B;Reduced Variability (2-5);56;54;13,55
7775;B;Reduced Variability (2-5);58;51;13,59
7776;B;Reduced Variability (2-5);59;51;14,3
7777;B;Reduced Variability (2-5);61;39;12,56
7778;B;Reduced Variability (2-5);58;48;13,68
7779;B;Reduced Variability (2-5);63;44;12,7
7780;B;Reduced Variability (2-5);60;42;13,38
7781;B;Reduced Variability (2-5);57;44;13,67
7782;B;Reduced Variability (2-5);59;45;13,17
7783;B;Reduced Variability (2-5);60;36;13,62
7784;B;Reduced Variability (2-5);57;49;14,14
7785;B;Reduced Variability (2-5);60;45;14,17
7786;B;Reduced Variability (2-5);58;55;14,5
7787;B;Reduced Variability (2-5);60;38;12,25
7788;B;Reduced Variability (2-5);57;51;14,19
7789;B;Reduced Variability (2-5);61;48;14
7790;B;Reduced Variability (2-5);58;43;13,86
7791;B;Reduced Variability (2-5);60;41;13,46
7792;B;Reduced Variability (2-5);62;42;13,81
7793;B;Reduced Variability (2-5);60;38;12,38
7794;B;Reduced Variability (2-5);54;56;14,78
7795;B;Reduced Variability (2-5);62;48;13,5
7796;B;Reduced Variability (2-5);59;47;13,3
7797;B;Reduced Variability (2-5);60;46;14,17
7798;B;Reduced Variability (2-5);60;46;12,92
7799;B;Reduced Variability (2-5);56;48;14,6
7800;B;Reduced Variability (2-5);58;58;14,14
7801;B;Reduced Variability (2-5);57;45;14,33
7802;B;Reduced Variability (2-5);61;53;13,84
7803;B;Reduced Variability (2-5);61;51;13,2
7804;B;Reduced Variability (2-5);63;51;13,89
7805;B;Reduced Variability (2-5);59;42;13,17
7806;B;Reduced Variability (2-5);56;47;13,15
7807;B;Reduced Variability (2-5);58;47;14,32
7808;B;Reduced Variability (2-5);61;50;13,92
7809;B;Reduced Variability (2-5);61;40;13,72
7810;B;Reduced Variability (2-5);61;47;13,32
7811;B;Reduced Variability (2-5);55;55;14,79
7812;B;Reduced Variability (2-5);61;48;13,16
7813;B;Reduced Variability (2-5);63;38;13,48
7814;B;Reduced Variability (2-5);60;42;12,29
7815;B;Reduced Variability (2-5);58;47;14,82
7816;B;Reduced Variability (2-5);57;49;14,24
7817;B;Reduced Variability (2-5);63;36;12,74
7818;B;Reduced Variability (2-5);57;37;14
7819;B;Reduced Variability (2-5);60;41;14,12
7820;B;Reduced Variability (2-5);60;53;12,71
7821;B;Reduced Variability (2-5);55;58;14,95
7822;B;Reduced Variability (2-5);62;43;12,85
7823;B;Reduced Variability (2-5);60;45;13,58
7824;B;Reduced Variability (2-5);59;34;13,39
7825;B;Reduced Variability (2-5);60;48;12,62
7826;B;Reduced Variability (2-5);58;49;14,14
7827;B;Reduced Variability (2-5);58;56;13,41
7828;B;Reduced Variability (2-5);58;45;13,55
7829;B;Reduced Variability (2-5);60;43;13,04
7830;B;Reduced Variability (2-5);59;53;14,17
7831;B;Reduced Variability (2-5);61;47;14,12
7832;B;Reduced Variability (2-5);60;42;13,25
7833;B;Reduced Variability (2-5);64;38;12,39
7834;B;Reduced Variability (2-5);59;38;13,26
7835;B;Reduced Variability (2-5);58;47;13,23
7836;B;Reduced Variability (2-5);59;48;13,13
7837;B;Reduced Variability (2-5);58;46;14,73
7838;B;Reduced Variability (2-5);61;55;14,48
7839;B;Reduced Variability (2-5);60;49;13,42
7840;B;Reduced Variability (2-5);64;39;11,75
7841;B;Reduced Variability (2-5);59;35;13,13
7842;B;Reduced Variability (2-5);57;54;13,48
7843;B;Reduced Variability (2-5);60;58;13,33
7844;B;Reduced Variability (2-5);61;47;12,6
7845;B;Reduced Variability (2-5);58;51;14,27
7846;B;Reduced Variability (2-5);61;43;13,36
7847;B;Reduced Variability (2-5);60;52;14,25
7848;B;Reduced Variability (2-5);61;45;14,28
7849;B;Reduced Variability (2-5);57;52;14,57
7850;B;Reduced Variability (2-5);63;43;12,22
7851;B;Reduced Variability (2-5);61;45;13,72
7852;B;Reduced Variability (2-5);54;50;14,89
7853;B;Reduced Variability (2-5);59;45;13,09
7854;B;Reduced Variability (2-5);59;51;13,52
7855;B;Reduced Variability (2-5);60;43;13,67
7856;B;Reduced Variability (2-5);61;51;14,16
7857;B;Reduced Variability (2-5);60;45;12,75
7858;B;Reduced Variability (2-5);60;47;13,12
7859;B;Reduced Variability (2-5);61;43;12,68
7860;B;Reduced Variability (2-5);59;55;13,83
7861;B;Reduced Variability (2-5);59;49;12,3
7862;B;Reduced Variability (2-5);58;59;14,41
7863;B;Reduced Variability (2-5);58;52;14,18
7864;B;Reduced Variability (2-5);58;49;14,14
7865;B;Reduced Variability (2-5);63;39;12,07
7866;B;Reduced Variability (2-5);55;53;13,63
7867;B;Reduced Variability (2-5);60;50;13,88
7868;B;Reduced Variability (2-5);61;44;13,36
7869;B;Reduced Variability (2-5);59;53;13,52
7870;B;Reduced Variability (2-5);60;44;12,75
7871;B;Reduced Variability (2-5);59;41;13,26
7872;B;Reduced Variability (2-5);61;47;13,72
7873;B;Reduced Variability (2-5);61;33;12,72
7874;B;Reduced Variability (2-5);59;47;14,26
7875;B;Reduced Variability (2-5);61;42;13,92
7876;B;Reduced Variability (2-5);63;42;12,63
7877;B;Reduced Variability (2-5);61;53;14,16
7878;B;Reduced Variability (2-5);61;45;13,84
7879;B;Reduced Variability (2-5);61;43;12,84
7880;B;Reduced Variability (2-5);63;39;13,37
7881;B;Reduced Variability (2-5);60;38;11,54
7882;B;Reduced Variability (2-5);56;49;15,1
7883;B;Reduced Variability (2-5);58;67;15,27
7884;B;Reduced Variability (2-5);55;50;14,53
7885;B;Reduced Variability (2-5);58;40;12,27
7886;B;Reduced Variability (2-5);61;50;13,8
7887;B;Reduced Variability (2-5);60;43;13,58
7888;B;Reduced Variability (2-5);59;49;13,35
7889;B;Reduced Variability (2-5);61;45;13,52
7890;B;Reduced Variability (2-5);62;38;12,54
7891;B;Reduced Variability (2-5);57;54;14,52
7892;B;Reduced Variability (2-5);62;50;13,92
7893;B;Reduced Variability (2-5);56;45;13,4
7894;B;Reduced Variability (2-5);58;49;14,73
7895;B;Reduced Variability (2-5);59;43;14,48
7896;B;Reduced Variability (2-5);61;44;12,8
7897;B;Reduced Variability (2-5);57;50;14,1
7898;B;Reduced Variability (2-5);58;45;13,23
7899;B;Reduced Variability (2-5);61;49;12,28
7900;B;Reduced Variability (2-5);56;48;13,5
7901;B;Reduced Variability (2-5);59;52;14,09
7902;B;Reduced Variability (2-5);58;48;14
7903;B;Reduced Variability (2-5);64;42;13,14
7904;B;Reduced Variability (2-5);60;56;14,38
7905;B;Reduced Variability (2-5);59;49;14,17
7906;B;Reduced Variability (2-5);57;42;13,24
7907;B;Reduced Variability (2-5);63;41;14,19
7908;B;Reduced Variability (2-5);59;41;12,74
7909;B;Reduced Variability (2-5);54;49;14,44
7910;B;Reduced Variability (2-5);57;49;13,52
7911;B;Reduced Variability (2-5);59;50;13
7912;B;Reduced Variability (2-5);63;39;13,41
7913;B;Reduced Variability (2-5);58;53;14,64
7914;B;Reduced Variability (2-5);60;38;12,21
7915;B;Reduced Variability (2-5);62;43;11,65
7916;B;Reduced Variability (2-5);60;44;13,88
7917;B;Reduced Variability (2-5);61;48;12,4
7918;B;Reduced Variability (2-5);54;42;14,56
7919;B;Reduced Variability (2-5);58;38;14,09
7920;B;Reduced Variability (2-5);61;48;14,04
7921;B;Reduced Variability (2-5);62;41;13,15
7922;B;Reduced Variability (2-5);59;44;14,7
7923;B;Reduced Variability (2-5);60;51;13,46
7924;B;Reduced Variability (2-5);61;52;13,88
7925;B;Reduced Variability (2-5);61;44;12,76
7926;B;Reduced Variability (2-5);57;53;13,81
7927;B;Reduced Variability (2-5);61;39;12,88
7928;B;Reduced Variability (2-5);60;42;12,58
7929;B;Reduced Variability (2-5);58;50;13,82
7930;B;Reduced Variability (2-5);63;43;12,59
7931;B;Reduced Variability (2-5);59;45;14,09
7932;B;Reduced Variability (2-5);58;51;13,1
7933;B;Reduced Variability (2-5);59;49;12,78
7934;B;Reduced Variability (2-5);61;40;13,04
7935;B;Reduced Variability (2-5);60;46;12,12
7936;B;Reduced Variability (2-5);60;44;12,79
7937;B;Reduced Variability (2-5);61;36;13
7938;B;Reduced Variability (2-5);61;45;13,6
7939;B;Reduced Variability (2-5);57;46;13,57
7940;B;Reduced Variability (2-5);56;49;13,95
7941;B;Reduced Variability (2-5);64;38;12,11
7942;B;Reduced Variability (2-5);60;47;12,92
7943;B;Reduced Variability (2-5);60;60;13,54
7944;B;Reduced Variability (2-5);59;43;12,22
7945;B;Reduced Variability (2-5);57;54;14,71
7946;B;Reduced Variability (2-5);58;41;13,64
7947;B;Reduced Variability (2-5);53;53;14,65
7948;B;Reduced Variability (2-5);54;49;14,56
7949;B;Reduced Variability (2-5);59;54;13,65
7950;B;Reduced Variability (2-5);61;45;14
7951;B;Reduced Variability (2-5);59;46;13,22
7952;B;Reduced Variability (2-5);58;55;14,14
7953;B;Reduced Variability (2-5);60;46;12,33
7954;B;Reduced Variability (2-5);55;49;14,11
7955;B;Reduced Variability (2-5);60;46;12,12
7956;B;Reduced Variability (2-5);61;41;13,2
7957;B;Reduced Variability (2-5);57;43;13,05
7958;B;Reduced Variability (2-5);60;44;13,54
7959;B;Reduced Variability (2-5);54;61;15
7960;B;Reduced Variability (2-5);61;48;13,24
7961;B;Reduced Variability (2-5);59;42;13,48
7962;B;Reduced Variability (2-5);63;44;13,33
7963;B;Reduced Variability (2-5);59;49;14,57
7964;B;Reduced Variability (2-5);59;38;12,96
7965;B;Reduced Variability (2-5);58;47;13,77
7966;B;Reduced Variability (2-5);57;40;13,05
7967;B;Reduced Variability (2-5);57;50;13,81
7968;B;Reduced Variability (2-5);59;46;13,61
7969;B;Reduced Variability (2-5);61;44;14,04
7970;B;Reduced Variability (2-5);62;48;13,27
7971;B;Reduced Variability (2-5);57;54;14,81
7972;B;Reduced Variability (2-5);60;40;12,67
7973;B;Reduced Variability (2-5);61;45;12,12
7974;B;Reduced Variability (2-5);58;46;13,55
7975;B;Reduced Variability (2-5);58;48;13,14
7976;B;Reduced Variability (2-5);59;52;14,91
7977;B;Reduced Variability (2-5);60;42;12,79
7978;B;Reduced Variability (2-5);58;57;13,27
7979;B;Reduced Variability (2-5);59;49;13,39
7980;B;Reduced Variability (2-5);57;50;13,19
7981;B;Reduced Variability (2-5);60;46;13,88
7982;B;Reduced Variability (2-5);57;58;13,71
7983;B;Reduced Variability (2-5);62;54;13,35
7984;B;Reduced Variability (2-5);58;49;14,23
7985;B;Reduced Variability (2-5);62;40;11,96
7986;B;Reduced Variability (2-5);60;49;13,25
7987;B;Reduced Variability (2-5);59;51;13,7
7988;B;Reduced Variability (2-5);61;47;13,12
7989;B;Reduced Variability (2-5);61;47;12,12
7990;B;Reduced Variability (2-5);59;49;14,04
7991;B;Reduced Variability (2-5);56;52;13,25
7992;B;Reduced Variability (2-5);53;51;15,82
7993;B;Reduced Variability (2-5);60;53;13,08
7994;B;Reduced Variability (2-5);54;54;15,44
7995;B;Reduced Variability (2-5);60;40;13,17
7996;B;Reduced Variability (2-5);62;38;11,58
7997;B;Reduced Variability (2-5);64;41;12,46
7998;B;Reduced Variability (2-5);62;41;12,35
7999;B;Reduced Variability (2-5);60;48;14,38
8000;B;Reduced Variability (2-5);57;51;13,62
8001;B;Reduced Variability (2-5);62;45;13,15
8002;B;Reduced Variability (2-5);60;42;13,17
8003;B;Reduced Variability (2-5);57;45;13,95
8004;B;Reduced Variability (2-5);60;46;13,17
8005;B;Reduced Variability (2-5);57;53;13,43
8006;B;Reduced Variability (2-5);58;43;14,32
8007;B;Reduced Variability (2-5);59;48;14,26
8008;B;Reduced Variability (2-5);61;42;13,12
8009;B;Reduced Variability (2-5);60;48;11,88
8010;B;Reduced Variability (2-5);62;44;13,27
8011;B;Reduced Variability (2-5);60;52;13,42
8012;B;Reduced Variability (2-5);60;51;13,33
8013;B;Reduced Variability (2-5);56;50;13,95
8014;B;Reduced Variability (2-5);60;45;13,21
8015;B;Reduced Variability (2-5);60;45;13,62
8016;B;Reduced Variability (2-5);60;43;11,88
8017;B;Reduced Variability (2-5);61;55;12,96
8018;B;Reduced Variability (2-5);57;54;14,9
8019;B;Reduced Variability (2-5);59;40;14,48
8020;B;Reduced Variability (2-5);59;48;13,61
8021;B;Reduced Variability (2-5);59;61;13,87
8022;B;Reduced Variability (2-5);60;49;13,88
8023;B;Reduced Variability (2-5);64;41;12,5
8024;B;Reduced Variability (2-5);63;33;12,44
8025;B;Reduced Variability (2-5);62;47;13
8026;B;Reduced Variability (2-5);61;39;11,76
8027;B;Reduced Variability (2-5);59;49;13,96
8028;B;Reduced Variability (2-5);62;33;12,62
8029;B;Reduced Variability (2-5);59;44;14,17
8030;B;Reduced Variability (2-5);57;48;12,43
8031;B;Reduced Variability (2-5);59;50;14,17
8032;B;Reduced Variability (2-5);59;52;13,7
8033;B;Reduced Variability (2-5);58;52;14
8034;B;Reduced Variability (2-5);62;41;13,35
8035;B;Reduced Variability (2-5);59;48;13,7
8036;B;Reduced Variability (2-5);61;44;14
8037;B;Reduced Variability (2-5);58;42;13,05
8038;B;Reduced Variability (2-5);64;43;12,54
8039;B;Reduced Variability (2-5);55;57;14,26
8040;B;Reduced Variability (2-5);63;41;12,56
8041;B;Reduced Variability (2-5);58;46;14,5
8042;B;Reduced Variability (2-5);56;43;14,75
8043;B;Reduced Variability (2-5);59;42;12,48
8044;B;Reduced Variability (2-5);62;49;12,96
8045;B;Reduced Variability (2-5);60;49;13,17
8046;B;Reduced Variability (2-5);59;37;13,57
8047;B;Reduced Variability (2-5);62;48;14
8048;B;Reduced Variability (2-5);56;38;13,65
8049;B;Reduced Variability (2-5);61;47;14,08
8050;B;Reduced Variability (2-5);58;46;13,5
8051;B;Reduced Variability (2-5);59;57;14,65
8052;B;Reduced Variability (2-5);62;42;13,58
8053;B;Reduced Variability (2-5);61;49;14,12
8054;B;Reduced Variability (2-5);59;49;14,61
8055;B;Reduced Variability (2-5);62;44;12,73
8056;B;Reduced Variability (2-5);62;47;13,31
8057;B;Reduced Variability (2-5);60;44;12,88
8058;B;Reduced Variability (2-5);61;44;13,36
8059;B;Reduced Variability (2-5);62;47;12,96
8060;B;Reduced Variability (2-5);63;41;13,63
8061;B;Reduced Variability (2-5);57;52;14,67
8062;B;Reduced Variability (2-5);58;44;13,41
8063;B;Reduced Variability (2-5);60;49;14,79
8064;B;Reduced Variability (2-5);61;51;13,52
8065;B;Reduced Variability (2-5);60;44;13,33
8066;B;Reduced Variability (2-5);58;49;13,14
8067;B;Reduced Variability (2-5);61;44;13,44
8068;B;Reduced Variability (2-5);61;48;13,52
8069;B;Reduced Variability (2-5);57;59;15,33
8070;B;Reduced Variability (2-5);63;36;13,33
8071;B;Reduced Variability (2-5);57;55;15,24
8072;B;Reduced Variability (2-5);61;51;13,04
8073;B;Reduced Variability (2-5);60;34;12,71
8074;B;Reduced Variability (2-5);66;43;12,53
8075;B;Reduced Variability (2-5);62;49;13,19
8076;B;Reduced Variability (2-5);63;41;13,63
8077;B;Reduced Variability (2-5);62;39;13,08
8078;B;Reduced Variability (2-5);60;43;12,25
8079;B;Reduced Variability (2-5);60;44;13,42
8080;B;Reduced Variability (2-5);55;53;14,68
8081;B;Reduced Variability (2-5);62;45;12,96
8082;B;Reduced Variability (2-5);60;39;13,54
8083;B;Reduced Variability (2-5);56;49;14,3
8084;B;Reduced Variability (2-5);59;49;14,57
8085;B;Reduced Variability (2-5);55;41;13,11
8086;B;Reduced Variability (2-5);61;55;13,68
8087;B;Reduced Variability (2-5);59;50;14,17
8088;B;Reduced Variability (2-5);60;49;13,5
8089;B;Reduced Variability (2-5);61;46;13,64
8090;B;Reduced Variability (2-5);61;43;13,08
8091;B;Reduced Variability (2-5);59;45;14,48
8092;B;Reduced Variability (2-5);58;47;13,59
8093;B;Reduced Variability (2-5);60;52;13,17
8094;B;Reduced Variability (2-5);59;37;12,74
8095;B;Reduced Variability (2-5);58;61;14,55
8096;B;Reduced Variability (2-5);60;40;12,38
8097;B;Reduced Variability (2-5);58;38;14,09
8098;B;Reduced Variability (2-5);61;42;14,04
8099;B;Reduced Variability (2-5);62;43;12,27
8100;B;Reduced Variability (2-5);61;48;13,56
8101;B;Reduced Variability (2-5);57;44;14,81
8102;B;Reduced Variability (2-5);57;47;13,24
8103;B;Reduced Variability (2-5);59;43;14,04
8104;B;Reduced Variability (2-5);60;50;14,21
8105;B;Reduced Variability (2-5);62;38;12,04
8106;B;Reduced Variability (2-5);59;45;14,17
8107;B;Reduced Variability (2-5);56;45;14,65
8108;B;Reduced Variability (2-5);60;44;13,62
8109;B;Reduced Variability (2-5);60;41;12,42
8110;B;Reduced Variability (2-5);58;45;13,64
8111;B;Reduced Variability (2-5);57;51;14,33
8112;B;Reduced Variability (2-5);60;38;12,62
8113;B;Reduced Variability (2-5);63;44;11,85
8114;B;Reduced Variability (2-5);57;42;13,52
8115;B;Reduced Variability (2-5);62;43;12,88
8116;B;Reduced Variability (2-5);63;47;13,04
8117;B;Reduced Variability (2-5);57;49;13,1
8118;B;Reduced Variability (2-5);61;38;11,96
8119;B;Reduced Variability (2-5);61;52;14,48
8120;B;Reduced Variability (2-5);61;50;13,96
8121;B;Reduced Variability (2-5);62;37;11,88
8122;B;Reduced Variability (2-5);57;47;13,67
8123;B;Reduced Variability (2-5);60;44;12,17
8124;B;Reduced Variability (2-5);57;49;13,29
8125;B;Reduced Variability (2-5);56;59;14,55
8126;B;Reduced Variability (2-5);60;43;12,75
8127;B;Reduced Variability (2-5);58;57;13,27
8128;B;Reduced Variability (2-5);59;45;12,87
8129;B;Reduced Variability (2-5);59;55;14,22
8130;B;Reduced Variability (2-5);57;50;14,95
8131;B;Reduced Variability (2-5);58;52;14,45
8132;B;Reduced Variability (2-5);59;52;14,57
8133;B;Reduced Variability (2-5);61;42;13,68
8134;B;Reduced Variability (2-5);62;45;13,42
8135;B;Reduced Variability (2-5);56;45;14,05
8136;B;Reduced Variability (2-5);61;42;13,92
8137;B;Reduced Variability (2-5);60;51;12,46
8138;B;Reduced Variability (2-5);61;39;11,96
8139;B;Reduced Variability (2-5);64;36;12,54
8140;B;Reduced Variability (2-5);61;49;14,16
8141;B;Reduced Variability (2-5);59;53;13,3
8142;B;Reduced Variability (2-5);61;51;13,44
8143;B;Reduced Variability (2-5);61;55;14,36
8144;B;Reduced Variability (2-5);61;37;13
8145;B;Reduced Variability (2-5);56;40;13,35
8146;B;Reduced Variability (2-5);60;44;13,75
8147;B;Reduced Variability (2-5);59;51;14,35
8148;B;Reduced Variability (2-5);57;42;13,9
8149;B;Reduced Variability (2-5);59;47;14,13
8150;B;Reduced Variability (2-5);58;46;14
8151;B;Reduced Variability (2-5);56;49;13,5
8152;B;Reduced Variability (2-5);58;56;14,59
8153;B;Reduced Variability (2-5);58;56;14,55
8154;B;Reduced Variability (2-5);59;59;13,43
8155;B;Reduced Variability (2-5);54;46;13,22
8156;B;Reduced Variability (2-5);59;51;14,43
8157;B;Reduced Variability (2-5);62;45;13,73
8158;B;Reduced Variability (2-5);62;45;12,08
8159;B;Reduced Variability (2-5);59;48;13,39
8160;B;Reduced Variability (2-5);60;45;12,83
8161;B;Reduced Variability (2-5);59;46;13,52
8162;B;Reduced Variability (2-5);62;48;12,38
8163;B;Reduced Variability (2-5);59;43;13,78
8164;B;Reduced Variability (2-5);57;38;14,24
8165;B;Reduced Variability (2-5);59;41;14,13
8166;B;Reduced Variability (2-5);60;50;13,21
8167;B;Reduced Variability (2-5);60;53;13,65
8168;B;Reduced Variability (2-5);65;41;13,24
8169;B;Reduced Variability (2-5);59;41;13,17
8170;B;Reduced Variability (2-5);62;38;12,27
8171;B;Reduced Variability (2-5);62;55;13,19
8172;B;Reduced Variability (2-5);60;46;13,54
8173;B;Reduced Variability (2-5);56;47;14,2
8174;B;Reduced Variability (2-5);63;53;13,11
8175;B;Reduced Variability (2-5);61;47;12,64
8176;B;Reduced Variability (2-5);60;46;13,54
8177;B;Reduced Variability (2-5);60;48;13,67
8178;B;Reduced Variability (2-5);58;48;13,27
8179;B;Reduced Variability (2-5);62;45;12,19
8180;B;Reduced Variability (2-5);59;48;14,65
8181;B;Reduced Variability (2-5);61;40;13,6
8182;B;Reduced Variability (2-5);58;40;13,18
8183;B;Reduced Variability (2-5);59;59;12,87
8184;B;Reduced Variability (2-5);62;40;13,12
8185;B;Reduced Variability (2-5);64;48;13,07
8186;B;Reduced Variability (2-5);59;52;14,09
8187;B;Reduced Variability (2-5);63;37;13,26
8188;B;Reduced Variability (2-5);61;46;13,56
8189;B;Reduced Variability (2-5);59;48;13,43
8190;B;Reduced Variability (2-5);57;46;14,62
8191;B;Reduced Variability (2-5);55;50;14,58
8192;B;Reduced Variability (2-5);61;51;13,76
8193;B;Reduced Variability (2-5);61;54;14,48
8194;B;Reduced Variability (2-5);55;49;14,95
8195;B;Reduced Variability (2-5);59;42;11,52
8196;B;Reduced Variability (2-5);60;45;13,42
8197;B;Reduced Variability (2-5);62;50;12,27
8198;B;Reduced Variability (2-5);58;48;14,27
8199;B;Reduced Variability (2-5);53;48;13,71
8200;B;Reduced Variability (2-5);59;43;13,78
8201;B;Reduced Variability (2-5);60;45;14,12
8202;B;Reduced Variability (2-5);58;51;14,32
8203;B;Reduced Variability (2-5);57;45;13,86
8204;B;Reduced Variability (2-5);59;54;14,78
8205;B;Reduced Variability (2-5);56;48;14,4
8206;B;Reduced Variability (2-5);59;45;13,61
8207;B;Reduced Variability (2-5);56;53;14,25
8208;B;Reduced Variability (2-5);58;52;14,18
8209;B;Reduced Variability (2-5);58;48;13,95
8210;B;Reduced Variability (2-5);56;43;14,05
8211;B;Reduced Variability (2-5);59;43;13,65
8212;B;Reduced Variability (2-5);64;45;14,18
8213;B;Reduced Variability (2-5);57;45;14,76
8214;B;Reduced Variability (2-5);60;52;13,83
8215;B;Reduced Variability (2-5);63;42;11,89
8216;B;Reduced Variability (2-5);59;46;13,57
8217;B;Reduced Variability (2-5);60;45;13,33
8218;B;Reduced Variability (2-5);57;52;14,1
8219;B;Reduced Variability (2-5);63;39;12,74
8220;B;Reduced Variability (2-5);65;34;12,66
8221;B;Reduced Variability (2-5);64;45;13,86
8222;B;Reduced Variability (2-5);61;48;13,12
8223;B;Reduced Variability (2-5);59;44;13,65
8224;B;Reduced Variability (2-5);57;48;14,81
8225;B;Reduced Variability (2-5);60;41;14,04
8226;B;Reduced Variability (2-5);58;46;13,18
8227;B;Reduced Variability (2-5);59;48;14,35
8228;B;Reduced Variability (2-5);51;58;15,6
8229;B;Reduced Variability (2-5);61;38;13,92
8230;B;Reduced Variability (2-5);62;45;12,88
8231;B;Reduced Variability (2-5);63;41;13,41
8232;B;Reduced Variability (2-5);61;45;13,8
8233;B;Reduced Variability (2-5);63;44;13,11
8234;B;Reduced Variability (2-5);60;48;13,33
8235;B;Reduced Variability (2-5);58;54;14,18
8236;B;Reduced Variability (2-5);61;43;13,52
8237;B;Reduced Variability (2-5);58;47;14
8238;B;Reduced Variability (2-5);58;51;14,18
8239;B;Reduced Variability (2-5);59;38;12,83
8240;B;Reduced Variability (2-5);62;48;13,65
8241;B;Reduced Variability (2-5);58;51;14,82
8242;B;Reduced Variability (2-5);61;48;14,04
8243;B;Reduced Variability (2-5);61;40;12,48
8244;B;Reduced Variability (2-5);54;47;14,11
8245;B;Reduced Variability (2-5);58;44;13,18
8246;B;Reduced Variability (2-5);59;48;14,13
8247;B;Reduced Variability (2-5);59;53;13,74
8248;B;Reduced Variability (2-5);58;46;13,36
8249;B;Reduced Variability (2-5);59;53;13,22
8250;B;Reduced Variability (2-5);59;46;11,78
8251;B;Reduced Variability (2-5);60;46;12,79
8252;B;Reduced Variability (2-5);59;53;13,52
8253;B;Reduced Variability (2-5);61;38;13,48
8254;B;Reduced Variability (2-5);60;46;14,21
8255;B;Reduced Variability (2-5);64;49;13,29
8256;B;Reduced Variability (2-5);51;58;15,93
8257;B;Reduced Variability (2-5);57;55;14,9
8258;B;Reduced Variability (2-5);61;40;12,12
8259;B;Reduced Variability (2-5);63;56;14,04
8260;B;Reduced Variability (2-5);64;32;13,25
8261;B;Reduced Variability (2-5);60;48;14,08
8262;B;Reduced Variability (2-5);64;44;13,11
8263;B;Reduced Variability (2-5);63;48;13,33
8264;B;Reduced Variability (2-5);63;47;13,04
8265;B;Reduced Variability (2-5);59;61;13,39
8266;B;Reduced Variability (2-5);60;51;14,33
8267;B;Reduced Variability (2-5);59;55;14
8268;B;Reduced Variability (2-5);58;62;15
8269;B;Reduced Variability (2-5);60;44;13,5
8270;B;Reduced Variability (2-5);57;51;14,71
8271;B;Reduced Variability (2-5);59;44;13,52
8272;B;Reduced Variability (2-5);62;45;13,81
8273;B;Reduced Variability (2-5);62;46;13,38
8274;B;Reduced Variability (2-5);57;36;13,62
8275;B;Reduced Variability (2-5);61;52;14,04
8276;B;Reduced Variability (2-5);58;47;14,14
8277;B;Reduced Variability (2-5);60;49;13,83
8278;B;Reduced Variability (2-5);62;44;13,62
8279;B;Reduced Variability (2-5);60;48;13,33
8280;B;Reduced Variability (2-5);59;55;14,74
8281;B;Reduced Variability (2-5);57;54;14,29
8282;B;Reduced Variability (2-5);56;49;14,5
8283;B;Reduced Variability (2-5);59;44;14,04
8284;B;Reduced Variability (2-5);56;51;15,1
8285;B;Reduced Variability (2-5);60;48;13,88
8286;B;Reduced Variability (2-5);63;37;13,19
8287;B;Reduced Variability (2-5);61;50;13,72
8288;B;Reduced Variability (2-5);63;46;14,07
8289;B;Reduced Variability (2-5);60;51;13,25
8290;B;Reduced Variability (2-5);55;50;15,11
8291;B;Reduced Variability (2-5);59;40;13,57
8292;B;Reduced Variability (2-5);62;42;12,42
8293;B;Reduced Variability (2-5);61;45;13,24
8294;B;Reduced Variability (2-5);62;46;13,23
8295;B;Reduced Variability (2-5);63;46;12,74
8296;B;Reduced Variability (2-5);60;42;13,17
8297;B;Reduced Variability (2-5);56;58;14,85
8298;B;Reduced Variability (2-5);61;42;12,44
8299;B;Reduced Variability (2-5);58;42;13,68
8300;B;Reduced Variability (2-5);62;42;11,54
8301;B;Reduced Variability (2-5);62;44;12,81
8302;B;Reduced Variability (2-5);59;48;14,26
8303;B;Reduced Variability (2-5);60;47;13,29
8304;B;Reduced Variability (2-5);58;49;13,64
8305;B;Reduced Variability (2-5);60;42;13,42
8306;B;Reduced Variability (2-5);59;41;12,74
8307;B;Reduced Variability (2-5);59;44;13,83
8308;B;Reduced Variability (2-5);60;43;13
8309;B;Reduced Variability (2-5);56;51;14,2
8310;B;Reduced Variability (2-5);61;43;13,72
8311;B;Reduced Variability (2-5);59;44;13,87
8312;B;Reduced Variability (2-5);61;45;12,48
8313;B;Reduced Variability (2-5);60;41;12,71
8314;B;Reduced Variability (2-5);61;50;14,2
8315;B;Reduced Variability (2-5);59;51;13,3
8316;B;Reduced Variability (2-5);59;42;13,65
8317;B;Reduced Variability (2-5);59;46;14
8318;B;Reduced Variability (2-5);59;48;14,78
8319;B;Reduced Variability (2-5);60;47;14
8320;B;Reduced Variability (2-5);60;44;13,04
8321;B;Reduced Variability (2-5);62;50;12,96
8322;B;Reduced Variability (2-5);61;45;12,72
8323;B;Reduced Variability (2-5);60;48;13,62
8324;B;Reduced Variability (2-5);60;50;14,29
8325;B;Reduced Variability (2-5);61;46;13,8
8326;B;Reduced Variability (2-5);58;49;14,45
8327;B;Reduced Variability (2-5);59;54;14,13
8328;B;Reduced Variability (2-5);61;46;13,28
8329;B;Reduced Variability (2-5);59;49;13,65
8330;B;Reduced Variability (2-5);61;46;12,52
8331;B;Reduced Variability (2-5);58;56;14,91
8332;B;Reduced Variability (2-5);60;52;14,08
8333;B;Reduced Variability (2-5);57;48;13,38
8334;B;Reduced Variability (2-5);59;44;14,3
8335;B;Reduced Variability (2-5);60;47;14
8336;B;Reduced Variability (2-5);59;38;13,26
8337;B;Reduced Variability (2-5);60;47;13,92
8338;B;Reduced Variability (2-5);62;41;14,08
8339;B;Reduced Variability (2-5);60;45;13,17
8340;B;Reduced Variability (2-5);61;43;12,64
8341;B;Reduced Variability (2-5);58;53;13,55
8342;B;Reduced Variability (2-5);60;44;13,75
8343;B;Reduced Variability (2-5);60;38;12,83
8344;B;Reduced Variability (2-5);61;41;11,72
8345;B;Reduced Variability (2-5);58;51;13,09
8346;B;Reduced Variability (2-5);62;44;13,65
8347;B;Reduced Variability (2-5);58;48;13,23
8348;B;Reduced Variability (2-5);61;40;12,88
8349;B;Reduced Variability (2-5);61;47;13,76
8350;B;Reduced Variability (2-5);57;42;13,29
8351;B;Reduced Variability (2-5);61;44;12,28
8352;B;Reduced Variability (2-5);57;46;14,95
8353;B;Reduced Variability (2-5);63;39;12,81
8354;B;Reduced Variability (2-5);52;55;14,69
8355;B;Reduced Variability (2-5);55;56;14,47
8356;B;Reduced Variability (2-5);61;52;13,72
8357;B;Reduced Variability (2-5);61;38;12,96
8358;B;Reduced Variability (2-5);57;43;14,14
8359;B;Reduced Variability (2-5);56;40;14,1
8360;B;Reduced Variability (2-5);58;47;14,86
8361;B;Reduced Variability (2-5);63;43;13,3
8362;B;Reduced Variability (2-5);58;50;13,68
8363;B;Reduced Variability (2-5);54;49;14,56
8364;B;Reduced Variability (2-5);62;45;12,65
8365;B;Reduced Variability (2-5);58;46;14,68
8366;B;Reduced Variability (2-5);62;44;13,69
8367;B;Reduced Variability (2-5);63;45;13,44
8368;B;Reduced Variability (2-5);58;49;13,91
8369;B;Reduced Variability (2-5);61;43;14,6
8370;B;Reduced Variability (2-5);59;63;13,91
8371;B;Reduced Variability (2-5);63;39;12,81
8372;B;Reduced Variability (2-5);60;36;13,38
8373;B;Reduced Variability (2-5);59;48;13,17
8374;B;Reduced Variability (2-5);60;50;14,67
8375;B;Reduced Variability (2-5);62;50;14
8376;B;Reduced Variability (2-5);59;50;13,96
8377;B;Reduced Variability (2-5);59;47;12,83
8378;B;Reduced Variability (2-5);59;52;14,61
8379;B;Reduced Variability (2-5);61;42;12,6
8380;B;Reduced Variability (2-5);53;57;15,24
8381;B;Reduced Variability (2-5);59;46;13,83
8382;B;Reduced Variability (2-5);59;45;13,43
8383;B;Reduced Variability (2-5);55;43;14,95
8384;B;Reduced Variability (2-5);62;55;14,12
8385;B;Reduced Variability (2-5);59;48;13,52
8386;B;Reduced Variability (2-5);60;48;13,88
8387;B;Reduced Variability (2-5);62;46;12,88
8388;B;Reduced Variability (2-5);55;50;15,37
8389;B;Reduced Variability (2-5);62;48;13,31
8390;B;Reduced Variability (2-5);59;50;14,22
8391;B;Reduced Variability (2-5);59;52;13,83
8392;B;Reduced Variability (2-5);61;46;14,24
8393;B;Reduced Variability (2-5);58;48;13,82
8394;B;Reduced Variability (2-5);61;55;13,96
8395;B;Reduced Variability (2-5);58;49;13,73
8396;B;Reduced Variability (2-5);56;46;15,5
8397;B;Reduced Variability (2-5);58;40;13,05
8398;B;Reduced Variability (2-5);60;41;14,12
8399;B;Reduced Variability (2-5);57;49;13,76
8400;B;Reduced Variability (2-5);64;49;13,18
8401;B;Reduced Variability (2-5);61;50;13,4
8402;B;Reduced Variability (2-5);60;53;13,29
8403;B;Reduced Variability (2-5);58;50;13,82
8404;B;Reduced Variability (2-5);60;44;13,62
8405;B;Reduced Variability (2-5);60;40;13,33
8406;B;Reduced Variability (2-5);62;35;12,31
8407;B;Reduced Variability (2-5);59;49;14,26
8408;B;Reduced Variability (2-5);58;58;14,36
8409;B;Reduced Variability (2-5);61;39;13,44
8410;B;Reduced Variability (2-5);58;49;14,23
8411;B;Reduced Variability (2-5);59;46;13,04
8412;B;Reduced Variability (2-5);60;58;13,75
8413;B;Reduced Variability (2-5);59;53;14,78
8414;B;Reduced Variability (2-5);61;38;13,12
8415;B;Reduced Variability (2-5);64;49;13,14
8416;B;Reduced Variability (2-5);64;50;12,93
8417;B;Reduced Variability (2-5);62;45;13,62
8418;B;Reduced Variability (2-5);61;37;12,12
8419;B;Reduced Variability (2-5);59;53;14,39
8420;B;Reduced Variability (2-5);61;49;13,8
8421;B;Reduced Variability (2-5);56;49;14
8422;B;Reduced Variability (2-5);60;45;13,21
8423;B;Reduced Variability (2-5);58;40;14,05
8424;B;Reduced Variability (2-5);63;49;13
8425;B;Reduced Variability (2-5);60;54;14,17
8426;B;Reduced Variability (2-5);61;47;13,2
8427;B;Reduced Variability (2-5);63;48;13,26
8428;B;Reduced Variability (2-5);58;53;13,82
8429;B;Reduced Variability (2-5);59;44;13,61
8430;B;Reduced Variability (2-5);62;55;13,85
8431;B;Reduced Variability (2-5);63;48;13
8432;B;Reduced Variability (2-5);60;50;14,08
8433;B;Reduced Variability (2-5);60;45;13,46
8434;B;Reduced Variability (2-5);65;51;13,28
8435;B;Reduced Variability (2-5);59;51;12,96
8436;B;Reduced Variability (2-5);62;43;12,46
8437;B;Reduced Variability (2-5);61;44;13,64
8438;B;Reduced Variability (2-5);60;42;13,58
8439;B;Reduced Variability (2-5);59;37;12,61
8440;B;Reduced Variability (2-5);59;51;13,7
8441;B;Reduced Variability (2-5);55;48;15,21
8442;B;Reduced Variability (2-5);58;52;14,09
8443;B;Reduced Variability (2-5);62;40;13,38
8444;B;Reduced Variability (2-5);61;50;13,04
8445;B;Reduced Variability (2-5);60;51;13,79
8446;B;Reduced Variability (2-5);61;41;12,4
8447;B;Reduced Variability (2-5);62;52;13,65
8448;B;Reduced Variability (2-5);58;40;12,18
8449;B;Reduced Variability (2-5);56;49;14,4
8450;B;Reduced Variability (2-5);55;56;14,79
8451;B;Reduced Variability (2-5);62;42;13,19
8452;B;Reduced Variability (2-5);57;53;13,52
8453;B;Reduced Variability (2-5);64;34;12,32
8454;B;Reduced Variability (2-5);56;49;14,55
8455;B;Reduced Variability (2-5);59;49;13,09
8456;B;Reduced Variability (2-5);59;41;13,57
8457;B;Reduced Variability (2-5);61;41;13,52
8458;B;Reduced Variability (2-5);58;51;14,64
8459;B;Reduced Variability (2-5);61;43;12,88
8460;B;Reduced Variability (2-5);65;43;12,72
8461;B;Reduced Variability (2-5);62;46;13,42
8462;B;Reduced Variability (2-5);59;44;12,65
8463;B;Reduced Variability (2-5);57;54;14,52
8464;B;Reduced Variability (2-5);59;45;14
8465;B;Reduced Variability (2-5);65;54;12,66
8466;B;Reduced Variability (2-5);57;56;15,14
8467;B;Reduced Variability (2-5);60;45;13,46
8468;B;Reduced Variability (2-5);61;47;13,44
8469;B;Reduced Variability (2-5);62;46;13,12
8470;B;Reduced Variability (2-5);62;44;13,15
8471;B;Reduced Variability (2-5);61;43;13,12
8472;B;Reduced Variability (2-5);62;47;12,58
8473;B;Reduced Variability (2-5);60;51;13,71
8474;B;Reduced Variability (2-5);64;44;12,68
8475;B;Reduced Variability (2-5);60;39;13,54
8476;B;Reduced Variability (2-5);58;45;14,27
8477;B;Reduced Variability (2-5);56;43;13,7
8478;B;Reduced Variability (2-5);60;51;14,38
8479;B;Reduced Variability (2-5);57;50;13,67
8480;B;Reduced Variability (2-5);60;45;13,46
8481;B;Reduced Variability (2-5);56;45;13,75
8482;B;Reduced Variability (2-5);60;38;13,04
8483;B;Reduced Variability (2-5);60;43;14,38
8484;B;Reduced Variability (2-5);55;46;14,32
8485;B;Reduced Variability (2-5);63;46;13,07
8486;B;Reduced Variability (2-5);62;42;12
8487;B;Reduced Variability (2-5);58;47;13,41
8488;B;Reduced Variability (2-5);57;40;14,81
8489;B;Reduced Variability (2-5);61;42;12,92
8490;B;Reduced Variability (2-5);59;53;13,83
8491;B;Reduced Variability (2-5);62;46;13,65
8492;B;Reduced Variability (2-5);60;43;15,17
8493;B;Reduced Variability (2-5);60;41;13,5
8494;B;Reduced Variability (2-5);60;54;13,79
8495;B;Reduced Variability (2-5);63;43;12,63
8496;B;Reduced Variability (2-5);60;47;13,83
8497;B;Reduced Variability (2-5);61;37;11,96
8498;B;Reduced Variability (2-5);60;47;13,88
8499;B;Reduced Variability (2-5);62;47;14,62
8500;B;Reduced Variability (2-5);61;48;13,44
8501;B;Reduced Variability (2-5);59;38;14,35
8502;B;Reduced Variability (2-5);57;45;13,52
8503;B;Reduced Variability (2-5);57;51;13,52
8504;B;Reduced Variability (2-5);59;48;13,04
8505;B;Reduced Variability (2-5);58;47;13,41
8506;B;Reduced Variability (2-5);60;38;12,54
8507;B;Reduced Variability (2-5);57;52;14,57
8508;B;Reduced Variability (2-5);55;54;14,95
8509;B;Reduced Variability (2-5);58;53;12,86
8510;B;Reduced Variability (2-5);57;50;14,19
8511;B;Reduced Variability (2-5);61;36;12,68
8512;B;Reduced Variability (2-5);59;51;14,43
8513;B;Reduced Variability (2-5);61;49;13,36
8514;B;Reduced Variability (2-5);59;45;12,61
8515;B;Reduced Variability (2-5);61;37;13,48
8516;B;Reduced Variability (2-5);60;42;14,46
8517;B;Reduced Variability (2-5);56;56;14,75
8518;B;Reduced Variability (2-5);58;60;14,36
8519;B;Reduced Variability (2-5);61;46;14,52
8520;B;Reduced Variability (2-5);61;51;14,96
8521;B;Reduced Variability (2-5);55;56;13,89
8522;B;Reduced Variability (2-5);57;52;14,65
8523;B;Reduced Variability (2-5);59;48;14,09
8524;B;Reduced Variability (2-5);60;41;12,92
8525;B;Reduced Variability (2-5);61;46;13,24
8526;B;Reduced Variability (2-5);60;49;12,92
8527;B;Reduced Variability (2-5);60;48;13,42
8528;B;Reduced Variability (2-5);59;48;13,35
8529;B;Reduced Variability (2-5);59;54;13,61
8530;B;Reduced Variability (2-5);57;49;14,43
8531;B;Reduced Variability (2-5);60;53;13,21
8532;B;Reduced Variability (2-5);56;41;14,75
8533;B;Reduced Variability (2-5);59;47;12,96
8534;B;Reduced Variability (2-5);64;36;12,71
8535;B;Reduced Variability (2-5);59;47;14,39
8536;B;Reduced Variability (2-5);56;58;14,65
8537;B;Reduced Variability (2-5);63;39;12,44
8538;B;Reduced Variability (2-5);63;35;12,04
8539;B;Reduced Variability (2-5);59;52;14
8540;B;Reduced Variability (2-5);64;41;12,86
8541;B;Reduced Variability (2-5);59;51;14,43
8542;B;Reduced Variability (2-5);61;44;13,28
8543;B;Reduced Variability (2-5);58;54;14,27
8544;B;Reduced Variability (2-5);58;47;13,36
8545;B;Reduced Variability (2-5);61;53;13,84
8546;B;Reduced Variability (2-5);59;60;14,52
8547;B;Reduced Variability (2-5);60;38;13,29
8548;B;Reduced Variability (2-5);61;45;13,88
8549;B;Reduced Variability (2-5);61;54;13,92
8550;B;Reduced Variability (2-5);61;51;13,84
8551;B;Reduced Variability (2-5);60;44;12,62
8552;B;Reduced Variability (2-5);58;42;12,36
8553;B;Reduced Variability (2-5);55;50;15,37
8554;B;Reduced Variability (2-5);62;44;13,04
8555;B;Reduced Variability (2-5);64;39;13,14
8556;B;Reduced Variability (2-5);61;45;13,36
8557;B;Reduced Variability (2-5);58;48;13,82
8558;B;Reduced Variability (2-5);63;44;13,3
8559;B;Reduced Variability (2-5);60;43;13,71
8560;B;Reduced Variability (2-5);58;46;13,77
8561;B;Reduced Variability (2-5);61;46;13,12
8562;B;Reduced Variability (2-5);62;44;14,15
8563;B;Reduced Variability (2-5);64;44;12,96
8564;B;Reduced Variability (2-5);59;54;13,57
8565;B;Reduced Variability (2-5);62;40;12,77
8566;B;Reduced Variability (2-5);61;38;12,76
8567;B;Reduced Variability (2-5);60;52;13,88
8568;B;Reduced Variability (2-5);58;45;13,5
8569;B;Reduced Variability (2-5);59;42;13,13
8570;B;Reduced Variability (2-5);60;46;14,42
8571;B;Reduced Variability (2-5);58;53;13,77
8572;B;Reduced Variability (2-5);63;42;12,7
8573;B;Reduced Variability (2-5);57;42;14,57
8574;B;Reduced Variability (2-5);60;47;12,75
8575;B;Reduced Variability (2-5);59;46;14,04
8576;B;Reduced Variability (2-5);63;45;12,81
8577;B;Reduced Variability (2-5);60;45;12,79
8578;B;Reduced Variability (2-5);57;53;14,1
8579;B;Reduced Variability (2-5);58;47;13,95
8580;B;Reduced Variability (2-5);61;39;14,2
8581;B;Reduced Variability (2-5);62;26;11,12
8582;B;Reduced Variability (2-5);58;45;13,18
8583;B;Reduced Variability (2-5);58;51;13,32
8584;B;Reduced Variability (2-5);59;49;14,04
8585;B;Reduced Variability (2-5);58;45;13,09
8586;B;Reduced Variability (2-5);60;49;13,25
8587;B;Reduced Variability (2-5);58;58;13,59
8588;B;Reduced Variability (2-5);57;47;14,05
8589;B;Reduced Variability (2-5);58;49;14,05
8590;B;Reduced Variability (2-5);60;41;13,42
8591;B;Reduced Variability (2-5);60;38;13,79
8592;B;Reduced Variability (2-5);61;45;12,08
8593;B;Reduced Variability (2-5);58;47;14,05
8594;B;Reduced Variability (2-5);59;42;13,65
8595;B;Reduced Variability (2-5);57;51;14,81
8596;B;Reduced Variability (2-5);61;47;13,96
8597;B;Reduced Variability (2-5);59;55;13,74
8598;B;Reduced Variability (2-5);57;47;13,1
8599;B;Reduced Variability (2-5);60;44;13,71
8600;B;Reduced Variability (2-5);60;47;13,5
8601;B;Reduced Variability (2-5);56;50;12,85
8602;B;Reduced Variability (2-5);59;46;14,48
8603;B;Reduced Variability (2-5);62;48;13,46
8604;B;Reduced Variability (2-5);62;42;13,23
8605;B;Reduced Variability (2-5);63;43;13,85
8606;B;Reduced Variability (2-5);60;49;13,38
8607;B;Reduced Variability (2-5);59;35;12,87
8608;B;Reduced Variability (2-5);59;59;14,09
8609;B;Reduced Variability (2-5);62;44;12,19
8610;B;Reduced Variability (2-5);56;49;14,35
8611;B;Reduced Variability (2-5);62;56;13,69
8612;B;Reduced Variability (2-5);61;45;13,28
8613;B;Reduced Variability (2-5);55;50;13,47
8614;B;Reduced Variability (2-5);62;39;12,96
8615;B;Reduced Variability (2-5);62;38;12,19
8616;B;Reduced Variability (2-5);57;59;14,14
8617;B;Reduced Variability (2-5);59;44;13,57
8618;B;Reduced Variability (2-5);58;46;13,64
8619;B;Reduced Variability (2-5);58;50;13,86
8620;B;Reduced Variability (2-5);60;45;13,17
8621;B;Reduced Variability (2-5);62;36;11,23
8622;B;Reduced Variability (2-5);56;54;14,05
8623;B;Reduced Variability (2-5);63;41;12,81
8624;B;Reduced Variability (2-5);59;47;13,74
8625;B;Reduced Variability (2-5);61;48;13,8
8626;B;Reduced Variability (2-5);58;43;14,27
8627;B;Reduced Variability (2-5);62;45;12,65
8628;B;Reduced Variability (2-5);59;47;12,61
8629;B;Reduced Variability (2-5);61;50;12,36
8630;B;Reduced Variability (2-5);65;43;13,79
8631;B;Reduced Variability (2-5);57;48;14,19
8632;B;Reduced Variability (2-5);60;44;13,5
8633;B;Reduced Variability (2-5);61;47;14,36
8634;B;Reduced Variability (2-5);59;51;15,26
8635;B;Reduced Variability (2-5);62;36;12,62
8636;B;Reduced Variability (2-5);60;46;12,5
8637;B;Reduced Variability (2-5);56;46;13,85
8638;B;Reduced Variability (2-5);56;46;13,05
8639;B;Reduced Variability (2-5);54;52;15,33
8640;B;Reduced Variability (2-5);62;48;13,5
8641;B;Reduced Variability (2-5);60;44;13,42
8642;B;Reduced Variability (2-5);60;45;14,58
8643;B;Reduced Variability (2-5);61;47;13,76
8644;B;Reduced Variability (2-5);61;47;12,36
8645;B;Reduced Variability (2-5);60;66;14,54
8646;B;Reduced Variability (2-5);57;49;13,67
8647;B;Reduced Variability (2-5);57;58;14,05
8648;B;Reduced Variability (2-5);58;44;14
8649;B;Reduced Variability (2-5);59;52;12,65
8650;B;Reduced Variability (2-5);62;53;14,5
8651;B;Reduced Variability (2-5);60;46;13,67
8652;B;Reduced Variability (2-5);57;56;14,62
8653;B;Reduced Variability (2-5);63;38;12,85
8654;B;Reduced Variability (2-5);61;43;14,48
8655;B;Reduced Variability (2-5);59;52;14,61
8656;B;Reduced Variability (2-5);64;42;12,46
8657;B;Reduced Variability (2-5);62;52;13,46
8658;B;Reduced Variability (2-5);61;53;13,76
8659;B;Reduced Variability (2-5);61;45;13,56
8660;B;Reduced Variability (2-5);63;50;13,59
8661;B;Reduced Variability (2-5);58;50;13,64
8662;B;Reduced Variability (2-5);57;52;13,52
8663;B;Reduced Variability (2-5);59;45;14,39
8664;B;Reduced Variability (2-5);57;48;14,86
8665;B;Reduced Variability (2-5);59;55;14,04
8666;B;Reduced Variability (2-5);59;39;13,7
8667;B;Reduced Variability (2-5);57;44;13,52
8668;B;Reduced Variability (2-5);61;53;13,48
8669;B;Reduced Variability (2-5);58;46;14,14
8670;B;Reduced Variability (2-5);59;51;14,96
8671;B;Reduced Variability (2-5);60;43;12
8672;B;Reduced Variability (2-5);62;49;13,19
8673;B;Reduced Variability (2-5);58;46;14,18
8674;B;Reduced Variability (2-5);65;47;12,52
8675;B;Reduced Variability (2-5);62;40;13,46
8676;B;Reduced Variability (2-5);57;54;14
8677;B;Reduced Variability (2-5);56;48;13,65
8678;B;Reduced Variability (2-5);64;45;12,29
8679;B;Reduced Variability (2-5);58;51;13
8680;B;Reduced Variability (2-5);62;51;12,96
8681;B;Reduced Variability (2-5);55;54;14,58
8682;B;Reduced Variability (2-5);62;37;12,04
8683;B;Reduced Variability (2-5);62;48;13,42
8684;B;Reduced Variability (2-5);63;43;12,74
8685;B;Reduced Variability (2-5);59;52;13,83
8686;B;Reduced Variability (2-5);53;58;14,94
8687;B;Reduced Variability (2-5);61;53;13,4
8688;B;Reduced Variability (2-5);59;49;14,39
8689;B;Reduced Variability (2-5);63;37;11,67
8690;B;Reduced Variability (2-5);60;54;14,17
8691;B;Reduced Variability (2-5);62;40;12,88
8692;B;Reduced Variability (2-5);62;47;13,23
8693;B;Reduced Variability (2-5);63;38;12,85
8694;B;Reduced Variability (2-5);62;46;11,85
8695;B;Reduced Variability (2-5);59;40;13,74
8696;B;Reduced Variability (2-5);61;45;13,36
8697;B;Reduced Variability (2-5);59;45;14
8698;B;Reduced Variability (2-5);61;42;13,64
8699;B;Reduced Variability (2-5);59;47;13,43
8700;B;Reduced Variability (2-5);57;51;14,38
8701;B;Reduced Variability (2-5);59;42;13,91
8702;B;Reduced Variability (2-5);60;47;13,75
8703;B;Reduced Variability (2-5);57;39;13,67
8704;B;Reduced Variability (2-5);61;52;13,16
8705;B;Reduced Variability (2-5);62;34;12,42
8706;B;Reduced Variability (2-5);60;45;14,42
8707;B;Reduced Variability (2-5);59;52;14,04
8708;B;Reduced Variability (2-5);57;59;13,9
8709;B;Reduced Variability (2-5);57;38;13,43
8710;B;Reduced Variability (2-5);62;52;14,08
8711;B;Reduced Variability (2-5);61;50;13,48
8712;B;Reduced Variability (2-5);58;55;13,73
8713;B;Reduced Variability (2-5);57;45;14,05
8714;B;Reduced Variability (2-5);57;57;13,86
8715;B;Reduced Variability (2-5);60;53;14,12
8716;B;Reduced Variability (2-5);62;53;14,31
8717;B;Reduced Variability (2-5);56;46;14,05
8718;B;Reduced Variability (2-5);63;43;12,85
8719;B;Reduced Variability (2-5);54;48;14,56
8720;B;Reduced Variability (2-5);57;49;13,29
8721;B;Reduced Variability (2-5);60;39;12,17
8722;B;Reduced Variability (2-5);60;41;13,46
8723;B;Reduced Variability (2-5);64;37;13,04
8724;B;Reduced Variability (2-5);61;43;12,16
8725;B;Reduced Variability (2-5);58;46;13,68
8726;B;Reduced Variability (2-5);62;40;12,62
8727;B;Reduced Variability (2-5);60;48;13,54
8728;B;Reduced Variability (2-5);58;44;13,68
8729;B;Reduced Variability (2-5);58;46;13,86
8730;B;Reduced Variability (2-5);59;46;14,09
8731;B;Reduced Variability (2-5);61;40;12,6
8732;B;Reduced Variability (2-5);61;33;12,12
8733;B;Reduced Variability (2-5);58;51;14,23
8734;B;Reduced Variability (2-5);60;57;13,75
8735;B;Reduced Variability (2-5);63;42;14,11
8736;B;Reduced Variability (2-5);63;47;12,78
8737;B;Reduced Variability (2-5);60;38;12,12
8738;B;Reduced Variability (2-5);60;46;13,08
8739;B;Reduced Variability (2-5);62;40;13,04
8740;B;Reduced Variability (2-5);60;37;12,67
8741;B;Reduced Variability (2-5);60;42;13,5
8742;B;Reduced Variability (2-5);62;53;13,04
8743;B;Reduced Variability (2-5);62;50;13,42
8744;B;Reduced Variability (2-5);62;45;13,27
8745;B;Reduced Variability (2-5);61;44;12,88
8746;B;Reduced Variability (2-5);61;55;13,2
8747;B;Reduced Variability (2-5);62;37;12,27
8748;B;Reduced Variability (2-5);61;46;13,36
8749;B;Reduced Variability (2-5);56;55;14,55
8750;B;Reduced Variability (2-5);60;40;12,46
8751;B;Reduced Variability (2-5);60;44;12,12
8752;B;Reduced Variability (2-5);62;42;13,15
8753;B;Reduced Variability (2-5);58;45;13,32
8754;B;Reduced Variability (2-5);60;53;14,62
8755;B;Reduced Variability (2-5);61;44;13,72
8756;B;Reduced Variability (2-5);60;43;12,46
8757;B;Reduced Variability (2-5);59;51;13,3
8758;B;Reduced Variability (2-5);59;54;13,74
8759;B;Reduced Variability (2-5);63;37;12,33
8760;B;Reduced Variability (2-5);59;37;13,39
8761;B;Reduced Variability (2-5);58;47;12,95
8762;B;Reduced Variability (2-5);59;41;13,3
8763;B;Reduced Variability (2-5);59;35;13,39
8764;B;Reduced Variability (2-5);58;50;14,45
8765;B;Reduced Variability (2-5);56;49;14,5
8766;B;Reduced Variability (2-5);57;58;14,62
8767;B;Reduced Variability (2-5);63;40;12,74
8768;B;Reduced Variability (2-5);60;46;13,08
8769;B;Reduced Variability (2-5);57;43;13,33
8770;B;Reduced Variability (2-5);61;38;13,32
8771;B;Reduced Variability (2-5);60;41;13,46
8772;B;Reduced Variability (2-5);60;43;13,08
8773;B;Reduced Variability (2-5);62;48;13,81
8774;B;Reduced Variability (2-5);59;53;13,35
8775;B;Reduced Variability (2-5);60;48;14,46
8776;B;Reduced Variability (2-5);62;39;12,77
8777;B;Reduced Variability (2-5);61;40;13,52
8778;B;Reduced Variability (2-5);61;42;12,8
8779;B;Reduced Variability (2-5);57;45;13,05
8780;B;Reduced Variability (2-5);60;45;13,04
8781;B;Reduced Variability (2-5);55;54;14,47
8782;B;Reduced Variability (2-5);59;44;13
8783;B;Reduced Variability (2-5);59;54;13,43
8784;B;Reduced Variability (2-5);61;45;12,88
8785;B;Reduced Variability (2-5);62;51;14,38
8786;B;Reduced Variability (2-5);59;45;13,52
8787;B;Reduced Variability (2-5);61;51;14,28
8788;B;Reduced Variability (2-5);57;49;13,76
8789;B;Reduced Variability (2-5);60;38;13
8790;B;Reduced Variability (2-5);62;50;12,96
8791;B;Reduced Variability (2-5);56;57;13,05
8792;B;Reduced Variability (2-5);60;50;13,83
8793;B;Reduced Variability (2-5);57;49;14,43
8794;B;Reduced Variability (2-5);60;44;13,67
8795;B;Reduced Variability (2-5);60;52;14
8796;B;Reduced Variability (2-5);61;40;12,48
8797;B;Reduced Variability (2-5);60;54;14,25
8798;B;Reduced Variability (2-5);62;42;12,65
8799;B;Reduced Variability (2-5);56;52;15,35
8800;B;Reduced Variability (2-5);62;40;12,04
8801;B;Reduced Variability (2-5);57;40;13,33
8802;B;Reduced Variability (2-5);62;49;13,85
8803;B;Reduced Variability (2-5);56;46;14,35
8804;B;Reduced Variability (2-5);59;50;13,87
8805;B;Reduced Variability (2-5);62;46;13,08
8806;B;Reduced Variability (2-5);55;41;12,68
8807;B;Reduced Variability (2-5);59;46;13,43
8808;B;Reduced Variability (2-5);61;51;13,72
8809;B;Reduced Variability (2-5);56;57;14,35
8810;B;Reduced Variability (2-5);59;54;14,04
8811;B;Reduced Variability (2-5);59;46;13,96
8812;B;Reduced Variability (2-5);61;43;13,32
8813;B;Reduced Variability (2-5);57;49;13,57
8814;B;Reduced Variability (2-5);60;55;13,33
8815;B;Reduced Variability (2-5);59;39;14,09
8816;B;Reduced Variability (2-5);62;46;12,88
8817;B;Reduced Variability (2-5);61;45;13,72
8818;B;Reduced Variability (2-5);62;44;14
8819;B;Reduced Variability (2-5);59;43;12,83
8820;B;Reduced Variability (2-5);59;42;12,39
8821;B;Reduced Variability (2-5);59;53;13,13
8822;B;Reduced Variability (2-5);57;61;14,14
8823;B;Reduced Variability (2-5);59;43;13,52
8824;B;Reduced Variability (2-5);60;41;13,88
8825;B;Reduced Variability (2-5);61;50;14,2
8826;B;Reduced Variability (2-5);60;43;13,29
8827;B;Reduced Variability (2-5);54;60;15,33
8828;B;Reduced Variability (2-5);58;48;13,68
8829;B;Reduced Variability (2-5);61;41;12,64
8830;B;Reduced Variability (2-5);62;42;13,62
8831;B;Reduced Variability (2-5);62;46;12,81
8832;B;Reduced Variability (2-5);61;44;12,64
8833;B;Reduced Variability (2-5);59;43;13,17
8834;B;Reduced Variability (2-5);56;54;14,35
8835;B;Reduced Variability (2-5);62;46;13,88
8836;B;Reduced Variability (2-5);62;46;13,08
8837;B;Reduced Variability (2-5);60;42;13,58
8838;B;Reduced Variability (2-5);63;39;13,15
8839;B;Reduced Variability (2-5);59;52;13,26
8840;B;Reduced Variability (2-5);61;44;13,76
8841;B;Reduced Variability (2-5);58;42;13,5
8842;B;Reduced Variability (2-5);63;39;12,44
8843;B;Reduced Variability (2-5);58;53;14,91
8844;B;Reduced Variability (2-5);61;53;13,48
8845;B;Reduced Variability (2-5);54;48;14,28
8846;B;Reduced Variability (2-5);62;54;13,42
8847;B;Reduced Variability (2-5);59;46;13,39
8848;B;Reduced Variability (2-5);62;34;13,31
8849;B;Reduced Variability (2-5);59;35;12,96
8850;B;Reduced Variability (2-5);60;44;14,17
8851;B;Reduced Variability (2-5);61;47;13,24
8852;B;Reduced Variability (2-5);59;52;13,65
8853;B;Reduced Variability (2-5);61;42;11,92
8854;B;Reduced Variability (2-5);60;35;12,79
8855;B;Reduced Variability (2-5);61;47;12,32
8856;B;Reduced Variability (2-5);58;43;13,23
8857;B;Reduced Variability (2-5);61;47;12,56
8858;B;Reduced Variability (2-5);57;44;13,38
8859;B;Reduced Variability (2-5);61;52;14,08
8860;B;Reduced Variability (2-5);61;53;13,76
8861;B;Reduced Variability (2-5);56;56;14
8862;B;Reduced Variability (2-5);60;41;12,92
8863;B;Reduced Variability (2-5);61;48;13,64
8864;B;Reduced Variability (2-5);58;51;13
8865;B;Reduced Variability (2-5);56;46;13,45
8866;B;Reduced Variability (2-5);58;54;13,64
8867;B;Reduced Variability (2-5);59;52;13,96
8868;B;Reduced Variability (2-5);62;41;13,5
8869;B;Reduced Variability (2-5);59;46;14,7
8870;B;Reduced Variability (2-5);59;46;13,7
8871;B;Reduced Variability (2-5);59;44;11,78
8872;B;Reduced Variability (2-5);57;44;14,29
8873;B;Reduced Variability (2-5);59;46;13,87
8874;B;Reduced Variability (2-5);59;44;12
8875;B;Reduced Variability (2-5);59;47;13,7
8876;B;Reduced Variability (2-5);63;42;13,48
8877;B;Reduced Variability (2-5);61;51;13,56
8878;B;Reduced Variability (2-5);57;50;13,81
8879;B;Reduced Variability (2-5);61;54;13,6
8880;B;Reduced Variability (2-5);60;41;12,71
8881;B;Reduced Variability (2-5);60;35;11,58
8882;B;Reduced Variability (2-5);59;48;13,39
8883;B;Reduced Variability (2-5);64;41;13,07
8884;B;Reduced Variability (2-5);59;39;13,78
8885;B;Reduced Variability (2-5);59;51;14,43
8886;B;Reduced Variability (2-5);58;46;14,64
8887;B;Reduced Variability (2-5);60;51;13,79
8888;B;Reduced Variability (2-5);60;46;13,29
8889;B;Reduced Variability (2-5);60;45;13,04
8890;B;Reduced Variability (2-5);62;41;12,58
8891;B;Reduced Variability (2-5);58;37;13,36
8892;B;Reduced Variability (2-5);60;40;12,62
8893;B;Reduced Variability (2-5);58;47;12,77
8894;B;Reduced Variability (2-5);60;40;13,17
8895;B;Reduced Variability (2-5);61;49;13,6
8896;B;Reduced Variability (2-5);54;55;14,28
8897;B;Reduced Variability (2-5);60;39;14,79
8898;B;Reduced Variability (2-5);61;47;13,36
8899;B;Reduced Variability (2-5);58;48;13,68
8900;B;Reduced Variability (2-5);60;41;13,25
8901;B;Reduced Variability (2-5);57;57;13,86
8902;B;Reduced Variability (2-5);60;53;13,33
8903;B;Reduced Variability (2-5);57;54;14,05
8904;B;Reduced Variability (2-5);59;52;13,09
8905;B;Reduced Variability (2-5);59;49;14,52
8906;B;Reduced Variability (2-5);61;40;12,92
8907;B;Reduced Variability (2-5);58;46;14,45
8908;B;Reduced Variability (2-5);60;40;12,88
8909;B;Reduced Variability (2-5);61;45;12,84
8910;B;Reduced Variability (2-5);55;39;13,11
8911;B;Reduced Variability (2-5);57;43;13,57
8912;B;Reduced Variability (2-5);60;57;13,67
8913;B;Reduced Variability (2-5);61;45;13,64
8914;B;Reduced Variability (2-5);60;41;13,12
8915;B;Reduced Variability (2-5);55;48;13,79
8916;B;Reduced Variability (2-5);57;46;13,24
8917;B;Reduced Variability (2-5);63;51;13,33
8918;B;Reduced Variability (2-5);60;32;12,38
8919;B;Reduced Variability (2-5);58;47;13
8920;B;Reduced Variability (2-5);63;46;13,74
8921;B;Reduced Variability (2-5);58;41;14,27
8922;B;Reduced Variability (2-5);56;50;13,9
8923;B;Reduced Variability (2-5);59;52;14
8924;B;Reduced Variability (2-5);61;49;13,56
8925;B;Reduced Variability (2-5);60;47;13,75
8926;B;Reduced Variability (2-5);58;44;14,45
8927;B;Reduced Variability (2-5);58;47;13,55
8928;B;Reduced Variability (2-5);60;44;13,62
8929;B;Reduced Variability (2-5);63;44;13,7
8930;B;Reduced Variability (2-5);59;60;14,78
8931;B;Reduced Variability (2-5);58;49;13,73
8932;B;Reduced Variability (2-5);56;53;14,4
8933;B;Reduced Variability (2-5);59;47;13,22
8934;B;Reduced Variability (2-5);61;48;14,04
8935;B;Reduced Variability (2-5);60;51;13,71
8936;B;Reduced Variability (2-5);60;49;13,88
8937;B;Reduced Variability (2-5);59;53;15,04
8938;B;Reduced Variability (2-5);62;49;12,73
8939;B;Reduced Variability (2-5);56;50;14,8
8940;B;Reduced Variability (2-5);58;49;13,45
8941;B;Reduced Variability (2-5);60;34;12,12
8942;B;Reduced Variability (2-5);56;46;13,75
8943;B;Reduced Variability (2-5);62;46;13,27
8944;B;Reduced Variability (2-5);60;50;13,62
8945;B;Reduced Variability (2-5);63;50;14,26
8946;B;Reduced Variability (2-5);59;48;13,17
8947;B;Reduced Variability (2-5);60;49;14
8948;B;Reduced Variability (2-5);59;48;14,43
8949;B;Reduced Variability (2-5);64;35;12,89
8950;B;Reduced Variability (2-5);60;49;13,21
8951;B;Reduced Variability (2-5);60;47;13,42
8952;B;Reduced Variability (2-5);64;45;13,36
8953;B;Reduced Variability (2-5);64;43;12,93
8954;B;Reduced Variability (2-5);62;49;13,38
8955;B;Reduced Variability (2-5);58;39;13,59
8956;B;Reduced Variability (2-5);62;47;12,81
8957;B;Reduced Variability (2-5);57;50;14,57
8958;B;Reduced Variability (2-5);58;44;14,55
8959;B;Reduced Variability (2-5);61;44;12,92
8960;B;Reduced Variability (2-5);63;53;13,44
8961;B;Reduced Variability (2-5);62;51;13,96
8962;B;Reduced Variability (2-5);60;42;12
8963;B;Reduced Variability (2-5);60;46;13,04
8964;B;Reduced Variability (2-5);63;41;12,41
8965;B;Reduced Variability (2-5);60;47;12,79
8966;B;Reduced Variability (2-5);63;45;13,93
8967;B;Reduced Variability (2-5);56;41;13,42
8968;B;Reduced Variability (2-5);60;49;13,21
8969;B;Reduced Variability (2-5);60;43;13,17
8970;B;Reduced Variability (2-5);62;48;12,54
8971;B;Reduced Variability (2-5);59;51;14,22
8972;B;Reduced Variability (2-5);55;56;13,84
8973;B;Reduced Variability (2-5);61;48;13,44
8974;B;Reduced Variability (2-5);58;47;13,86
8975;B;Reduced Variability (2-5);62;44;13,35
8976;B;Reduced Variability (2-5);56;50;13,45
8977;B;Reduced Variability (2-5);59;44;13,13
8978;B;Reduced Variability (2-5);59;50;13,74
8979;B;Reduced Variability (2-5);58;41;14
8980;B;Reduced Variability (2-5);55;49;15,58
8981;B;Reduced Variability (2-5);60;45;13,71
8982;B;Reduced Variability (2-5);57;57;14,81
8983;B;Reduced Variability (2-5);54;55;16
8984;B;Reduced Variability (2-5);57;41;13,62
8985;B;Reduced Variability (2-5);61;47;12,64
8986;B;Reduced Variability (2-5);59;53;13,96
8987;B;Reduced Variability (2-5);58;48;13,91
8988;B;Reduced Variability (2-5);53;63;16,29
8989;B;Reduced Variability (2-5);62;43;13,23
8990;B;Reduced Variability (2-5);61;51;12,24
8991;B;Reduced Variability (2-5);55;52;15,05
8992;B;Reduced Variability (2-5);59;44;14,48
8993;B;Reduced Variability (2-5);58;48;14,23
8994;B;Reduced Variability (2-5);65;40;12,59
8995;B;Reduced Variability (2-5);57;42;13,33
8996;B;Reduced Variability (2-5);60;45;12,88
8997;B;Reduced Variability (2-5);61;50;13,44
8998;B;Reduced Variability (2-5);57;47;13,24
8999;B;Reduced Variability (2-5);60;46;14,67
9000;C;Increased WIP (5);60;57;16,13
9001;C;Increased WIP (5);58;54;17,15
9002;C;Increased WIP (5);53;60;18,62
9003;C;Increased WIP (5);52;65;18,29
9004;C;Increased WIP (5);61;57;16
9005;C;Increased WIP (5);56;50;16,18
9006;C;Increased WIP (5);58;41;14,92
9007;C;Increased WIP (5);58;56;17
9008;C;Increased WIP (5);48;71;20
9009;C;Increased WIP (5);63;50;15,17
9010;C;Increased WIP (5);55;54;17,9
9011;C;Increased WIP (5);56;62;17
9012;C;Increased WIP (5);58;40;14,54
9013;C;Increased WIP (5);58;57;15,62
9014;C;Increased WIP (5);55;61;16,6
9015;C;Increased WIP (5);59;49;16,5
9016;C;Increased WIP (5);57;69;18
9017;C;Increased WIP (5);64;67;16,63
9018;C;Increased WIP (5);63;54;15
9019;C;Increased WIP (5);56;54;17,73
9020;C;Increased WIP (5);52;61;18,43
9021;C;Increased WIP (5);51;66;18,33
9022;C;Increased WIP (5);59;53;15,43
9023;C;Increased WIP (5);55;61;17,7
9024;C;Increased WIP (5);60;56;17,87
9025;C;Increased WIP (5);57;60;17,42
9026;C;Increased WIP (5);60;62;15,13
9027;C;Increased WIP (5);57;67;17,92
9028;C;Increased WIP (5);53;58;17,75
9029;C;Increased WIP (5);62;49;16,06
9030;C;Increased WIP (5);54;68;18,67
9031;C;Increased WIP (5);55;71;16,5
9032;C;Increased WIP (5);51;45;18,83
9033;C;Increased WIP (5);55;52;17,3
9034;C;Increased WIP (5);61;58;16,38
9035;C;Increased WIP (5);56;62;17,09
9036;C;Increased WIP (5);47;71;19,5
9037;C;Increased WIP (5);61;50;16
9038;C;Increased WIP (5);64;42;14,53
9039;C;Increased WIP (5);57;63;15,92
9040;C;Increased WIP (5);56;63;16,91
9041;C;Increased WIP (5);56;59;16,09
9042;C;Increased WIP (5);57;50;15,17
9043;C;Increased WIP (5);51;58;18,5
9044;C;Increased WIP (5);61;51;13,12
9045;C;Increased WIP (5);61;59;16,94
9046;C;Increased WIP (5);56;58;17,64
9047;C;Increased WIP (5);62;55;16,76
9048;C;Increased WIP (5);55;82;18,6
9049;C;Increased WIP (5);54;66;17,89
9050;C;Increased WIP (5);56;59;15,09
9051;C;Increased WIP (5);59;50;15,07
9052;C;Increased WIP (5);59;33;15,71
9053;C;Increased WIP (5);59;43;15,21
9054;C;Increased WIP (5);54;65;17,89
9055;C;Increased WIP (5);50;85;19,4
9056;C;Increased WIP (5);61;63;16,25
9057;C;Increased WIP (5);58;62;16,62
9058;C;Increased WIP (5);61;48;16,44
9059;C;Increased WIP (5);62;43;14,06
9060;C;Increased WIP (5);60;42;17,33
9061;C;Increased WIP (5);60;51;14,87
9062;C;Increased WIP (5);57;51;15,33
9063;C;Increased WIP (5);57;62;17,42
9064;C;Increased WIP (5);57;65;16,92
9065;C;Increased WIP (5);50;64;17,8
9066;C;Increased WIP (5);60;43;16,67
9067;C;Increased WIP (5);56;63;17,73
9068;C;Increased WIP (5);57;65;16
9069;C;Increased WIP (5);55;56;17,3
9070;C;Increased WIP (5);60;51;17,21
9071;C;Increased WIP (5);55;54;17
9072;C;Increased WIP (5);60;57;15,8
9073;C;Increased WIP (5);57;58;17,08
9074;C;Increased WIP (5);51;61;17,83
9075;C;Increased WIP (5);59;62;17,07
9076;C;Increased WIP (5);63;50;16,39
9077;C;Increased WIP (5);64;47;15,84
9078;C;Increased WIP (5);61;60;17,12
9079;C;Increased WIP (5);46;62;20
9080;C;Increased WIP (5);57;52;16,83
9081;C;Increased WIP (5);52;50;19,14
9082;C;Increased WIP (5);58;56;15,15
9083;C;Increased WIP (5);55;59;17,3
9084;C;Increased WIP (5);52;69;18,29
9085;C;Increased WIP (5);60;55;17,6
9086;C;Increased WIP (5);59;53;15,5
9087;C;Increased WIP (5);58;43;14,46
9088;C;Increased WIP (5);47;72;19,5
9089;C;Increased WIP (5);62;74;16,35
9090;C;Increased WIP (5);50;70;19,2
9091;C;Increased WIP (5);58;56;16,31
9092;C;Increased WIP (5);52;53;18,71
9093;C;Increased WIP (5);56;48;15,64
9094;C;Increased WIP (5);57;54;18,17
9095;C;Increased WIP (5);53;63;17,38
9096;C;Increased WIP (5);64;40;15,89
9097;C;Increased WIP (5);51;76;18,33
9098;C;Increased WIP (5);53;60;17
9099;C;Increased WIP (5);59;44;15,14
9100;C;Increased WIP (5);64;64;15,53
9101;C;Increased WIP (5);59;37;14,29
9102;C;Increased WIP (5);54;56;17,22
9103;C;Increased WIP (5);60;64;15,6
9104;C;Increased WIP (5);61;41;14,12
9105;C;Increased WIP (5);54;64;17,67
9106;C;Increased WIP (5);59;54;16,86
9107;C;Increased WIP (5);60;58;14,27
9108;C;Increased WIP (5);59;50;16,79
9109;C;Increased WIP (5);65;63;15,3
9110;C;Increased WIP (5);58;50;16,46
9111;C;Increased WIP (5);64;54;15,89
9112;C;Increased WIP (5);60;46;15,07
9113;C;Increased WIP (5);58;49;17
9114;C;Increased WIP (5);59;69;16,93
9115;C;Increased WIP (5);54;49;17,22
9116;C;Increased WIP (5);61;61;16,19
9117;C;Increased WIP (5);56;58;16,73
9118;C;Increased WIP (5);59;52;16,43
9119;C;Increased WIP (5);61;54;15,19
9120;C;Increased WIP (5);49;67;20
9121;C;Increased WIP (5);57;50;17,75
9122;C;Increased WIP (5);59;61;17,21
9123;C;Increased WIP (5);53;67;18,38
9124;C;Increased WIP (5);57;49;16,5
9125;C;Increased WIP (5);55;60;17,2
9126;C;Increased WIP (5);59;49;16,5
9127;C;Increased WIP (5);63;46;13,67
9128;C;Increased WIP (5);56;50;17,64
9129;C;Increased WIP (5);51;47;18,5
9130;C;Increased WIP (5);55;76;16,5
9131;C;Increased WIP (5);63;50;15,83
9132;C;Increased WIP (5);56;71;17,73
9133;C;Increased WIP (5);52;71;18,43
9134;C;Increased WIP (5);58;51;15,15
9135;C;Increased WIP (5);45;75;0
9136;C;Increased WIP (5);56;57;17,45
9137;C;Increased WIP (5);53;62;18,12
9138;C;Increased WIP (5);49;74;18,5
9139;C;Increased WIP (5);59;62;16,5
9140;C;Increased WIP (5);59;53;17,86
9141;C;Increased WIP (5);59;52;15,64
9142;C;Increased WIP (5);52;78;18,29
9143;C;Increased WIP (5);59;62;16,93
9144;C;Increased WIP (5);55;53;16,5
9145;C;Increased WIP (5);61;41;15,06
9146;C;Increased WIP (5);51;80;19,67
9147;C;Increased WIP (5);61;63;15,56
9148;C;Increased WIP (5);60;55;16,07
9149;C;Increased WIP (5);59;51;16,93
9150;C;Increased WIP (5);56;70;17,36
9151;C;Increased WIP (5);52;62;18,14
9152;C;Increased WIP (5);55;51;16,2
9153;C;Increased WIP (5);56;56;17,45
9154;C;Increased WIP (5);51;71;18,67
9155;C;Increased WIP (5);62;56;15,88
9156;C;Increased WIP (5);57;56;16,83
9157;C;Increased WIP (5);57;53;15,58
9158;C;Increased WIP (5);52;66;17,86
9159;C;Increased WIP (5);48;69;19,33
9160;C;Increased WIP (5);63;31;14,28
9161;C;Increased WIP (5);63;54;16,5
9162;C;Increased WIP (5);59;48;14,5
9163;C;Increased WIP (5);56;62;17,55
9164;C;Increased WIP (5);57;46;15,33
9165;C;Increased WIP (5);62;60;16,35
9166;C;Increased WIP (5);53;65;19,12
9167;C;Increased WIP (5);61;57;16,19
9168;C;Increased WIP (5);60;40;15,13
9169;C;Increased WIP (5);51;58;18,5
9170;C;Increased WIP (5);58;51;15,38
9171;C;Increased WIP (5);59;44;15,79
9172;C;Increased WIP (5);54;34;17,89
9173;C;Increased WIP (5);65;58;15,25
9174;C;Increased WIP (5);52;56;19,14
9175;C;Increased WIP (5);59;56;16,93
9176;C;Increased WIP (5);53;61;16,75
9177;C;Increased WIP (5);59;56;15,21
9178;C;Increased WIP (5);52;68;18,14
9179;C;Increased WIP (5);57;62;17,5
9180;C;Increased WIP (5);55;70;18,1
9181;C;Increased WIP (5);56;65;17,18
9182;C;Increased WIP (5);53;52;17
9183;C;Increased WIP (5);66;55;15,95
9184;C;Increased WIP (5);61;44;16
9185;C;Increased WIP (5);55;54;17,7
9186;C;Increased WIP (5);57;56;15,75
9187;C;Increased WIP (5);48;58;19
9188;C;Increased WIP (5);53;58;16,62
9189;C;Increased WIP (5);62;49;17
9190;C;Increased WIP (5);61;51;15,69
9191;C;Increased WIP (5);53;65;18,5
9192;C;Increased WIP (5);55;64;17,8
9193;C;Increased WIP (5);57;73;15,33
9194;C;Increased WIP (5);55;61;17,7
9195;C;Increased WIP (5);55;62;17,3
9196;C;Increased WIP (5);63;55;15,67
9197;C;Increased WIP (5);55;71;16,7
9198;C;Increased WIP (5);59;56;16,29
9199;C;Increased WIP (5);52;54;18,43
9200;C;Increased WIP (5);52;66;17,86
9201;C;Increased WIP (5);59;58;16,93
9202;C;Increased WIP (5);57;38;14,67
9203;C;Increased WIP (5);52;61;18,86
9204;C;Increased WIP (5);63;45;15,22
9205;C;Increased WIP (5);48;61;20
9206;C;Increased WIP (5);54;51;17,89
9207;C;Increased WIP (5);58;65;17,54
9208;C;Increased WIP (5);56;66;16,82
9209;C;Increased WIP (5);56;55;17
9210;C;Increased WIP (5);59;56;16
9211;C;Increased WIP (5);53;65;18
9212;C;Increased WIP (5);53;56;17,75
9213;C;Increased WIP (5);55;54;17,6
9214;C;Increased WIP (5);60;63;17,47
9215;C;Increased WIP (5);61;47;15,31
9216;C;Increased WIP (5);62;55;15
9217;C;Increased WIP (5);55;56;18,5
9218;C;Increased WIP (5);63;52;16,72
9219;C;Increased WIP (5);56;72;18,09
9220;C;Increased WIP (5);55;70;17,2
9221;C;Increased WIP (5);59;46;15,86
9222;C;Increased WIP (5);58;74;17
9223;C;Increased WIP (5);56;63;18
9224;C;Increased WIP (5);44;71;0
9225;C;Increased WIP (5);59;59;16,43
9226;C;Increased WIP (5);55;54;17,5
9227;C;Increased WIP (5);63;60;15,5
9228;C;Increased WIP (5);51;66;18,5
9229;C;Increased WIP (5);61;54;14,81
9230;C;Increased WIP (5);61;40;15,88
9231;C;Increased WIP (5);53;61;18,25
9232;C;Increased WIP (5);48;58;20
9233;C;Increased WIP (5);63;63;15,61
9234;C;Increased WIP (5);57;70;17,25
9235;C;Increased WIP (5);57;56;15,58
9236;C;Increased WIP (5);63;58;16
9237;C;Increased WIP (5);59;57;17,14
9238;C;Increased WIP (5);62;58;15,88
9239;C;Increased WIP (5);62;60;15
9240;C;Increased WIP (5);59;60;17,29
9241;C;Increased WIP (5);46;80;20
9242;C;Increased WIP (5);54;69;19
9243;C;Increased WIP (5);57;67;17,67
9244;C;Increased WIP (5);53;66;18,25
9245;C;Increased WIP (5);62;54;16,82
9246;C;Increased WIP (5);60;59;17,4
9247;C;Increased WIP (5);57;53;18
9248;C;Increased WIP (5);48;79;19,67
9249;C;Increased WIP (5);50;70;18,2
9250;C;Increased WIP (5);58;65;16,15
9251;C;Increased WIP (5);54;59;18,33
9252;C;Increased WIP (5);61;59;16,94
9253;C;Increased WIP (5);61;35;15,75
9254;C;Increased WIP (5);58;65;16,23
9255;C;Increased WIP (5);57;60;16,25
9256;C;Increased WIP (5);61;47;16,88
9257;C;Increased WIP (5);52;65;19,29
9258;C;Increased WIP (5);58;51;17
9259;C;Increased WIP (5);61;59;16,73
9260;C;Increased WIP (5);57;63;15,42
9261;C;Increased WIP (5);58;62;16,15
9262;C;Increased WIP (5);66;61;16,14
9263;C;Increased WIP (5);59;56;15,93
9264;C;Increased WIP (5);59;48;16,57
9265;C;Increased WIP (5);59;74;17,43
9266;C;Increased WIP (5);51;54;18,33
9267;C;Increased WIP (5);59;49;15,71
9268;C;Increased WIP (5);59;55;15,29
9269;C;Increased WIP (5);55;50;17,3
9270;C;Increased WIP (5);62;58;15,47
9271;C;Increased WIP (5);60;39;17,6
9272;C;Increased WIP (5);56;56;17,45
9273;C;Increased WIP (5);57;62;17,25
9274;C;Increased WIP (5);54;69;18,22
9275;C;Increased WIP (5);55;69;17,6
9276;C;Increased WIP (5);56;55;16,45
9277;C;Increased WIP (5);58;63;17
9278;C;Increased WIP (5);59;47;15,71
9279;C;Increased WIP (5);53;57;17,75
9280;C;Increased WIP (5);59;71;16,5
9281;C;Increased WIP (5);62;55;15,65
9282;C;Increased WIP (5);52;65;17,14
9283;C;Increased WIP (5);55;69;16,5
9284;C;Increased WIP (5);63;51;15,11
9285;C;Increased WIP (5);60;56;16,4
9286;C;Increased WIP (5);51;54;17
9287;C;Increased WIP (5);53;66;17,5
9288;C;Increased WIP (5);55;70;17,8
9289;C;Increased WIP (5);50;74;20
9290;C;Increased WIP (5);58;34;14,69
9291;C;Increased WIP (5);62;51;14,71
9292;C;Increased WIP (5);64;50;14,53
9293;C;Increased WIP (5);61;53;16,5
9294;C;Increased WIP (5);58;59;17
9295;C;Increased WIP (5);55;74;17,7
9296;C;Increased WIP (5);53;52;18,62
9297;C;Increased WIP (5);57;65;17,42
9298;C;Increased WIP (5);56;56;16,36
9299;C;Increased WIP (5);56;51;16,09
9300;C;Increased WIP (5);60;47;15,27
9301;C;Increased WIP (5);63;42;15,94
9302;C;Increased WIP (5);54;65;17,56
9303;C;Increased WIP (5);61;60;16,44
9304;C;Increased WIP (5);57;69;17,08
9305;C;Increased WIP (5);54;57;16,11
9306;C;Increased WIP (5);62;47;16,18
9307;C;Increased WIP (5);59;51;16
9308;C;Increased WIP (5);62;66;17,18
9309;C;Increased WIP (5);56;58;17,55
9310;C;Increased WIP (5);50;74;18,6
9311;C;Increased WIP (5);60;47;16
9312;C;Increased WIP (5);55;59;17,2
9313;C;Increased WIP (5);52;69;19,57
9314;C;Increased WIP (5);54;53;18
9315;C;Increased WIP (5);59;52;17,21
9316;C;Increased WIP (5);56;55;16,36
9317;C;Increased WIP (5);58;71;16,38
9318;C;Increased WIP (5);65;59;15,05
9319;C;Increased WIP (5);59;64;16,29
9320;C;Increased WIP (5);60;48;16,4
9321;C;Increased WIP (5);58;60;16,08
9322;C;Increased WIP (5);48;78;19
9323;C;Increased WIP (5);54;70;17
9324;C;Increased WIP (5);60;50;14,6
9325;C;Increased WIP (5);58;67;17,54
9326;C;Increased WIP (5);55;69;18,2
9327;C;Increased WIP (5);58;49;17,62
9328;C;Increased WIP (5);59;54;15,64
9329;C;Increased WIP (5);59;62;16,71
9330;C;Increased WIP (5);50;68;18,8
9331;C;Increased WIP (5);59;66;15,86
9332;C;Increased WIP (5);61;53;15,75
9333;C;Increased WIP (5);56;58;17,18
9334;C;Increased WIP (5);59;54;15,21
9335;C;Increased WIP (5);54;71;19
9336;C;Increased WIP (5);55;50;18
9337;C;Increased WIP (5);58;64;15,23
9338;C;Increased WIP (5);58;50;17,92
9339;C;Increased WIP (5);63;52;16
9340;C;Increased WIP (5);58;58;15,77
9341;C;Increased WIP (5);51;73;19,17
9342;C;Increased WIP (5);57;63;17,25
9343;C;Increased WIP (5);55;54;16,7
9344;C;Increased WIP (5);48;63;19
9345;C;Increased WIP (5);64;53;16,47
9346;C;Increased WIP (5);62;53;15,18
9347;C;Increased WIP (5);53;57;16,62
9348;C;Increased WIP (5);53;70;18,5
9349;C;Increased WIP (5);59;53;16,07
9350;C;Increased WIP (5);61;58;16,5
9351;C;Increased WIP (5);49;59;19,75
9352;C;Increased WIP (5);62;60;15,94
9353;C;Increased WIP (5);61;63;16,69
9354;C;Increased WIP (5);61;51;16,5
9355;C;Increased WIP (5);57;63;16,5
9356;C;Increased WIP (5);47;72;19,5
9357;C;Increased WIP (5);54;60;18,44
9358;C;Increased WIP (5);57;57;17,42
9359;C;Increased WIP (5);61;57;16,56
9360;C;Increased WIP (5);57;50;16
9361;C;Increased WIP (5);60;45;17,07
9362;C;Increased WIP (5);61;48;15
9363;C;Increased WIP (5);63;54;15,89
9364;C;Increased WIP (5);55;65;18
9365;C;Increased WIP (5);55;54;15,5
9366;C;Increased WIP (5);59;59;16,71
9367;C;Increased WIP (5);60;54;16,13
9368;C;Increased WIP (5);55;56;18,5
9369;C;Increased WIP (5);64;75;16,05
9370;C;Increased WIP (5);56;55;17,09
9371;C;Increased WIP (5);61;58;15,81
9372;C;Increased WIP (5);57;60;17,5
9373;C;Increased WIP (5);60;65;17,53
9374;C;Increased WIP (5);56;58;17
9375;C;Increased WIP (5);58;51;16,15
9376;C;Increased WIP (5);68;45;11,7
9377;C;Increased WIP (5);59;51;16,36
9378;C;Increased WIP (5);55;60;17,3
9379;C;Increased WIP (5);58;61;17,31
9380;C;Increased WIP (5);56;62;16,27
9381;C;Increased WIP (5);54;63;17,89
9382;C;Increased WIP (5);62;39;13,12
9383;C;Increased WIP (5);52;65;17,86
9384;C;Increased WIP (5);51;57;18,33
9385;C;Increased WIP (5);52;54;17,57
9386;C;Increased WIP (5);61;55;17,06
9387;C;Increased WIP (5);58;71;16,62
9388;C;Increased WIP (5);66;44;13,05
9389;C;Increased WIP (5);56;62;17,64
9390;C;Increased WIP (5);57;67;16,67
9391;C;Increased WIP (5);56;50;17,82
9392;C;Increased WIP (5);60;55;14,53
9393;C;Increased WIP (5);61;55;16,44
9394;C;Increased WIP (5);57;55;17,42
9395;C;Increased WIP (5);54;63;17
9396;C;Increased WIP (5);59;49;16,29
9397;C;Increased WIP (5);60;53;16,87
9398;C;Increased WIP (5);51;57;16,83
9399;C;Increased WIP (5);55;60;17,2
9400;C;Increased WIP (5);61;32;13,94
9401;C;Increased WIP (5);62;51;16,18
9402;C;Increased WIP (5);58;55;16,54
9403;C;Increased WIP (5);58;52;14,62
9404;C;Increased WIP (5);55;48;17,5
9405;C;Increased WIP (5);58;45;16,69
9406;C;Increased WIP (5);56;55;17,27
9407;C;Increased WIP (5);47;76;20
9408;C;Increased WIP (5);55;54;17,9
9409;C;Increased WIP (5);59;49;14,86
9410;C;Increased WIP (5);56;58;16,73
9411;C;Increased WIP (5);58;41;16
9412;C;Increased WIP (5);56;62;17,18
9413;C;Increased WIP (5);59;47;15,79
9414;C;Increased WIP (5);58;54;17,69
9415;C;Increased WIP (5);61;61;15,94
9416;C;Increased WIP (5);65;46;13,8
9417;C;Increased WIP (5);58;62;17,62
9418;C;Increased WIP (5);62;53;16
9419;C;Increased WIP (5);54;59;17
9420;C;Increased WIP (5);55;66;18,5
9421;C;Increased WIP (5);59;56;17,29
9422;C;Increased WIP (5);59;71;16,79
9423;C;Increased WIP (5);59;40;16,79
9424;C;Increased WIP (5);54;58;18,22
9425;C;Increased WIP (5);58;53;16,31
9426;C;Increased WIP (5);60;50;16,8
9427;C;Increased WIP (5);48;70;19,67
9428;C;Increased WIP (5);64;64;15,58
9429;C;Increased WIP (5);61;60;15,62
9430;C;Increased WIP (5);61;46;15,12
9431;C;Increased WIP (5);63;58;14,94
9432;C;Increased WIP (5);59;60;15,5
9433;C;Increased WIP (5);56;61;17,64
9434;C;Increased WIP (5);55;79;16,5
9435;C;Increased WIP (5);59;58;16
9436;C;Increased WIP (5);60;50;16,8
9437;C;Increased WIP (5);52;54;17,86
9438;C;Increased WIP (5);58;67;16,31
9439;C;Increased WIP (5);56;68;16,64
9440;C;Increased WIP (5);58;50;15,54
9441;C;Increased WIP (5);49;79;18,5
9442;C;Increased WIP (5);57;55;16,25
9443;C;Increased WIP (5);57;63;17,42
9444;C;Increased WIP (5);64;46;14,89
9445;C;Increased WIP (5);55;48;17,6
9446;C;Increased WIP (5);49;57;18,25
9447;C;Increased WIP (5);60;54;16,67
9448;C;Increased WIP (5);52;64;18,71
9449;C;Increased WIP (5);58;44;15,38
9450;C;Increased WIP (5);65;60;16,2
9451;C;Increased WIP (5);52;69;18
9452;C;Increased WIP (5);51;61;18,17
9453;C;Increased WIP (5);57;74;18
9454;C;Increased WIP (5);63;52;15,89
9455;C;Increased WIP (5);56;72;18,36
9456;C;Increased WIP (5);61;49;17,12
9457;C;Increased WIP (5);60;57;17,47
9458;C;Increased WIP (5);53;61;19
9459;C;Increased WIP (5);59;63;16
9460;C;Increased WIP (5);57;61;15,83
9461;C;Increased WIP (5);57;51;16
9462;C;Increased WIP (5);56;60;17,09
9463;C;Increased WIP (5);57;57;16,83
9464;C;Increased WIP (5);63;60;16,39
9465;C;Increased WIP (5);56;56;17,55
9466;C;Increased WIP (5);53;67;17,25
9467;C;Increased WIP (5);55;68;16,7
9468;C;Increased WIP (5);62;54;15,59
9469;C;Increased WIP (5);56;58;18,09
9470;C;Increased WIP (5);59;64;17,5
9471;C;Increased WIP (5);57;69;17
9472;C;Increased WIP (5);61;58;16,62
9473;C;Increased WIP (5);57;51;14,5
9474;C;Increased WIP (5);54;67;19
9475;C;Increased WIP (5);59;56;14,93
9476;C;Increased WIP (5);49;66;18,75
9477;C;Increased WIP (5);64;48;15,79
9478;C;Increased WIP (5);59;72;15,5
9479;C;Increased WIP (5);55;59;17,8
9480;C;Increased WIP (5);58;50;15,46
9481;C;Increased WIP (5);61;54;16,31
9482;C;Increased WIP (5);59;66;16,07
9483;C;Increased WIP (5);56;68;17
9484;C;Increased WIP (5);60;54;17,07
9485;C;Increased WIP (5);55;47;16,9
9486;C;Increased WIP (5);57;51;16,33
9487;C;Increased WIP (5);53;71;17,38
9488;C;Increased WIP (5);57;67;17
9489;C;Increased WIP (5);55;61;17,1
9490;C;Increased WIP (5);48;71;19,67
9491;C;Increased WIP (5);65;53;14,65
9492;C;Increased WIP (5);61;65;16,75
9493;C;Increased WIP (5);54;61;17,33
9494;C;Increased WIP (5);66;49;15,24
9495;C;Increased WIP (5);56;60;15,55
9496;C;Increased WIP (5);58;54;16,46
9497;C;Increased WIP (5);58;58;17,38
9498;C;Increased WIP (5);58;60;17,15
9499;C;Increased WIP (5);57;52;16,58
9500;C;Increased WIP (5);60;68;16,87
9501;C;Increased WIP (5);58;57;17,38
9502;C;Increased WIP (5);57;64;16,33
9503;C;Increased WIP (5);58;54;15,85
9504;C;Increased WIP (5);54;70;18,33
9505;C;Increased WIP (5);53;65;17,5
9506;C;Increased WIP (5);56;56;16,27
9507;C;Increased WIP (5);56;59;16,27
9508;C;Increased WIP (5);61;44;16,06
9509;C;Increased WIP (5);59;52;15,29
9510;C;Increased WIP (5);62;56;16,29
9511;C;Increased WIP (5);56;67;18,09
9512;C;Increased WIP (5);62;46;15,82
9513;C;Increased WIP (5);61;60;16
9514;C;Increased WIP (5);59;63;16,14
9515;C;Increased WIP (5);59;53;16,93
9516;C;Increased WIP (5);57;55;18,08
9517;C;Increased WIP (5);59;53;17,93
9518;C;Increased WIP (5);66;32;14,95
9519;C;Increased WIP (5);61;65;16,88
9520;C;Increased WIP (5);61;41;15,75
9521;C;Increased WIP (5);59;57;16,29
9522;C;Increased WIP (5);58;58;15,92
9523;C;Increased WIP (5);56;63;17,27
9524;C;Increased WIP (5);59;57;16,57
9525;C;Increased WIP (5);59;57;16,79
9526;C;Increased WIP (5);57;62;15,83
9527;C;Increased WIP (5);59;59;16,14
9528;C;Increased WIP (5);55;57;17,3
9529;C;Increased WIP (5);52;60;17,57
9530;C;Increased WIP (5);60;60;16,93
9531;C;Increased WIP (5);56;67;16,36
9532;C;Increased WIP (5);64;62;14,53
9533;C;Increased WIP (5);61;46;15,5
9534;C;Increased WIP (5);58;56;15,85
9535;C;Increased WIP (5);62;49;15,06
9536;C;Increased WIP (5);48;69;18,67
9537;C;Increased WIP (5);61;66;16,94
9538;C;Increased WIP (5);63;65;15,94
9539;C;Increased WIP (5);55;65;17,8
9540;C;Increased WIP (5);54;54;17,44
9541;C;Increased WIP (5);63;51;14,94
9542;C;Increased WIP (5);56;57;17,36
9543;C;Increased WIP (5);60;56;16,6
9544;C;Increased WIP (5);58;57;16,23
9545;C;Increased WIP (5);54;59;17,56
9546;C;Increased WIP (5);61;39;15
9547;C;Increased WIP (5);60;64;16,13
9548;C;Increased WIP (5);61;56;15,81
9549;C;Increased WIP (5);58;67;17
9550;C;Increased WIP (5);61;53;15,31
9551;C;Increased WIP (5);60;50;15,73
9552;C;Increased WIP (5);60;56;15,87
9553;C;Increased WIP (5);61;55;16,5
9554;C;Increased WIP (5);57;48;16,92
9555;C;Increased WIP (5);60;73;16,2
9556;C;Increased WIP (5);55;73;16,6
9557;C;Increased WIP (5);53;58;16,75
9558;C;Increased WIP (5);60;54;15,8
9559;C;Increased WIP (5);58;62;15,85
9560;C;Increased WIP (5);57;58;17,58
9561;C;Increased WIP (5);56;65;14,36
9562;C;Increased WIP (5);57;55;16,92
9563;C;Increased WIP (5);61;49;15,56
9564;C;Increased WIP (5);62;59;16,59
9565;C;Increased WIP (5);53;59;17,88
9566;C;Increased WIP (5);50;73;18,4
9567;C;Increased WIP (5);60;50;15
9568;C;Increased WIP (5);48;59;18,67
9569;C;Increased WIP (5);60;55;15,53
9570;C;Increased WIP (5);60;51;16,27
9571;C;Increased WIP (5);62;68;16,12
9572;C;Increased WIP (5);55;54;18,1
9573;C;Increased WIP (5);53;63;18
9574;C;Increased WIP (5);59;52;16,07
9575;C;Increased WIP (5);54;68;17
9576;C;Increased WIP (5);56;60;17,82
9577;C;Increased WIP (5);57;61;17,25
9578;C;Increased WIP (5);59;68;16,86
9579;C;Increased WIP (5);58;65;16,85
9580;C;Increased WIP (5);58;52;16,77
9581;C;Increased WIP (5);57;54;17,17
9582;C;Increased WIP (5);57;59;17,92
9583;C;Increased WIP (5);56;56;16,55
9584;C;Increased WIP (5);59;60;16,93
9585;C;Increased WIP (5);53;68;18,5
9586;C;Increased WIP (5);55;65;17
9587;C;Increased WIP (5);60;67;16,4
9588;C;Increased WIP (5);57;63;16,42
9589;C;Increased WIP (5);58;57;17,08
9590;C;Increased WIP (5);57;62;16,17
9591;C;Increased WIP (5);61;53;15,62
9592;C;Increased WIP (5);56;39;15,73
9593;C;Increased WIP (5);61;64;17,12
9594;C;Increased WIP (5);60;57;17,27
9595;C;Increased WIP (5);56;61;16,36
9596;C;Increased WIP (5);50;68;19,4
9597;C;Increased WIP (5);54;63;18
9598;C;Increased WIP (5);58;45;15,62
9599;C;Increased WIP (5);61;63;16,38
9600;C;Increased WIP (5);52;69;17,86
9601;C;Increased WIP (5);58;62;17,38
9602;C;Increased WIP (5);55;61;17,4
9603;C;Increased WIP (5);62;56;15,59
9604;C;Increased WIP (5);57;52;17,17
9605;C;Increased WIP (5);57;69;17,5
9606;C;Increased WIP (5);63;57;15,89
9607;C;Increased WIP (5);53;66;17,75
9608;C;Increased WIP (5);61;53;15,88
9609;C;Increased WIP (5);59;59;15,93
9610;C;Increased WIP (5);58;56;16,85
9611;C;Increased WIP (5);61;53;13,56
9612;C;Increased WIP (5);51;74;17,17
9613;C;Increased WIP (5);57;53;17
9614;C;Increased WIP (5);61;53;16,44
9615;C;Increased WIP (5);52;67;18,71
9616;C;Increased WIP (5);51;68;19
9617;C;Increased WIP (5);63;38;16,39
9618;C;Increased WIP (5);59;56;16,57
9619;C;Increased WIP (5);60;50;16,8
9620;C;Increased WIP (5);56;55;17,45
9621;C;Increased WIP (5);56;55;17,64
9622;C;Increased WIP (5);53;65;17,38
9623;C;Increased WIP (5);59;54;16,71
9624;C;Increased WIP (5);62;49;15,94
9625;C;Increased WIP (5);52;65;18,86
9626;C;Increased WIP (5);57;63;16,58
9627;C;Increased WIP (5);57;66;17,5
9628;C;Increased WIP (5);63;48;16,33
9629;C;Increased WIP (5);59;56;17,64
9630;C;Increased WIP (5);56;72;16,73
9631;C;Increased WIP (5);58;53;17,85
9632;C;Increased WIP (5);57;57;17,58
9633;C;Increased WIP (5);59;52;15,36
9634;C;Increased WIP (5);59;43;16,86
9635;C;Increased WIP (5);54;59;17,11
9636;C;Increased WIP (5);60;49;16,73
9637;C;Increased WIP (5);56;63;17
9638;C;Increased WIP (5);56;60;17,82
9639;C;Increased WIP (5);55;51;17,5
9640;C;Increased WIP (5);61;56;15,38
9641;C;Increased WIP (5);54;58;18,56
9642;C;Increased WIP (5);59;46;16,21
9643;C;Increased WIP (5);56;51;16,82
9644;C;Increased WIP (5);56;52;16,09
9645;C;Increased WIP (5);53;49;18,75
9646;C;Increased WIP (5);54;59;17,56
9647;C;Increased WIP (5);51;59;19
9648;C;Increased WIP (5);65;52;16,45
9649;C;Increased WIP (5);56;49;16,73
9650;C;Increased WIP (5);61;49;16
9651;C;Increased WIP (5);62;57;16
9652;C;Increased WIP (5);54;64;17,67
9653;C;Increased WIP (5);61;49;15,06
9654;C;Increased WIP (5);53;72;18,12
9655;C;Increased WIP (5);55;75;17,6
9656;C;Increased WIP (5);50;77;18,6
9657;C;Increased WIP (5);58;73;16,15
9658;C;Increased WIP (5);55;60;16,1
9659;C;Increased WIP (5);52;52;16,29
9660;C;Increased WIP (5);53;58;18,25
9661;C;Increased WIP (5);56;63;17,82
9662;C;Increased WIP (5);60;66;16,53
9663;C;Increased WIP (5);53;52;18,62
9664;C;Increased WIP (5);57;59;16,08
9665;C;Increased WIP (5);50;74;18,8
9666;C;Increased WIP (5);61;46;16
9667;C;Increased WIP (5);59;51;16,64
9668;C;Increased WIP (5);62;56;16,53
9669;C;Increased WIP (5);61;59;16,31
9670;C;Increased WIP (5);57;56;17,5
9671;C;Increased WIP (5);57;72;17,08
9672;C;Increased WIP (5);56;69;16,45
9673;C;Increased WIP (5);52;62;18
9674;C;Increased WIP (5);60;58;17,73
9675;C;Increased WIP (5);53;57;17,38
9676;C;Increased WIP (5);50;48;17,6
9677;C;Increased WIP (5);54;61;17,33
9678;C;Increased WIP (5);59;53;16,43
9679;C;Increased WIP (5);52;58;17,43
9680;C;Increased WIP (5);55;47;16,4
9681;C;Increased WIP (5);56;66;18,45
9682;C;Increased WIP (5);62;62;16,65
9683;C;Increased WIP (5);54;71;19,22
9684;C;Increased WIP (5);63;47;15,33
9685;C;Increased WIP (5);65;54;14,65
9686;C;Increased WIP (5);50;64;19
9687;C;Increased WIP (5);60;59;16
9688;C;Increased WIP (5);59;54;16,79
9689;C;Increased WIP (5);55;65;17,2
9690;C;Increased WIP (5);54;62;17,22
9691;C;Increased WIP (5);60;52;16,07
9692;C;Increased WIP (5);51;59;18,17
9693;C;Increased WIP (5);61;45;15,88
9694;C;Increased WIP (5);58;65;16,69
9695;C;Increased WIP (5);55;51;18,7
9696;C;Increased WIP (5);55;62;18,1
9697;C;Increased WIP (5);53;51;18,38
9698;C;Increased WIP (5);65;40;14,5
9699;C;Increased WIP (5);62;53;16,29
9700;C;Increased WIP (5);66;37;14,38
9701;C;Increased WIP (5);63;73;16,33
9702;C;Increased WIP (5);55;72;17,5
9703;C;Increased WIP (5);57;69;15,75
9704;C;Increased WIP (5);61;56;16,19
9705;C;Increased WIP (5);59;47;16,5
9706;C;Increased WIP (5);56;54;16,09
9707;C;Increased WIP (5);56;70;18,73
9708;C;Increased WIP (5);48;73;20
9709;C;Increased WIP (5);64;34;15,74
9710;C;Increased WIP (5);61;64;17,56
9711;C;Increased WIP (5);61;69;15,12
9712;C;Increased WIP (5);56;56;16,09
9713;C;Increased WIP (5);61;58;16,19
9714;C;Increased WIP (5);57;59;17,75
9715;C;Increased WIP (5);64;60;16,68
9716;C;Increased WIP (5);66;44;13,81
9717;C;Increased WIP (5);64;46;14,68
9718;C;Increased WIP (5);61;63;15,06
9719;C;Increased WIP (5);48;69;19,67
9720;C;Increased WIP (5);62;52;15,65
9721;C;Increased WIP (5);57;59;16,75
9722;C;Increased WIP (5);60;46;16,07
9723;C;Increased WIP (5);51;59;18
9724;C;Increased WIP (5);59;53;16,14
9725;C;Increased WIP (5);58;54;15,77
9726;C;Increased WIP (5);55;56;17,6
9727;C;Increased WIP (5);62;60;16,76
9728;C;Increased WIP (5);60;56;16,73
9729;C;Increased WIP (5);57;71;17,58
9730;C;Increased WIP (5);52;64;17,86
9731;C;Increased WIP (5);62;62;17,47
9732;C;Increased WIP (5);54;72;18,67
9733;C;Increased WIP (5);61;55;15,94
9734;C;Increased WIP (5);61;53;15,5
9735;C;Increased WIP (5);60;68;15,73
9736;C;Increased WIP (5);57;56;17,42
9737;C;Increased WIP (5);57;53;16,33
9738;C;Increased WIP (5);62;51;15,47
9739;C;Increased WIP (5);60;62;16,73
9740;C;Increased WIP (5);59;45;16,07
9741;C;Increased WIP (5);54;65;18,89
9742;C;Increased WIP (5);62;61;16,59
9743;C;Increased WIP (5);55;67;17,2
9744;C;Increased WIP (5);56;76;16,64
9745;C;Increased WIP (5);56;71;17,82
9746;C;Increased WIP (5);59;57;16
9747;C;Increased WIP (5);56;48;15
9748;C;Increased WIP (5);57;49;16,92
9749;C;Increased WIP (5);60;54;16,47
9750;C;Increased WIP (5);60;61;16,13
9751;C;Increased WIP (5);50;63;19,6
9752;C;Increased WIP (5);55;49;17
9753;C;Increased WIP (5);55;73;17,6
9754;C;Increased WIP (5);53;63;18,12
9755;C;Increased WIP (5);62;51;15,53
9756;C;Increased WIP (5);57;63;16,67
9757;C;Increased WIP (5);58;62;17,31
9758;C;Increased WIP (5);55;45;17,3
9759;C;Increased WIP (5);54;65;17,56
9760;C;Increased WIP (5);60;54;16
9761;C;Increased WIP (5);56;59;17,64
9762;C;Increased WIP (5);55;70;17,3
9763;C;Increased WIP (5);52;60;18,14
9764;C;Increased WIP (5);54;67;17,56
9765;C;Increased WIP (5);58;51;17
9766;C;Increased WIP (5);52;73;17,86
9767;C;Increased WIP (5);56;52;17,09
9768;C;Increased WIP (5);57;52;17,92
9769;C;Increased WIP (5);59;57;15,64
9770;C;Increased WIP (5);55;47;17,5
9771;C;Increased WIP (5);52;71;18,14
9772;C;Increased WIP (5);58;50;16,08
9773;C;Increased WIP (5);61;43;15,56
9774;C;Increased WIP (5);60;48;15,8
9775;C;Increased WIP (5);63;50;16,61
9776;C;Increased WIP (5);57;63;16,33
9777;C;Increased WIP (5);55;66;18,4
9778;C;Increased WIP (5);59;71;17,36
9779;C;Increased WIP (5);54;54;17,78
9780;C;Increased WIP (5);59;62;17,21
9781;C;Increased WIP (5);52;67;18,29
9782;C;Increased WIP (5);56;59;17,45
9783;C;Increased WIP (5);55;68;17,5
9784;C;Increased WIP (5);51;63;18,67
9785;C;Increased WIP (5);57;58;17,5
9786;C;Increased WIP (5);58;53;16,15
9787;C;Increased WIP (5);57;51;17,25
9788;C;Increased WIP (5);54;58;16,44
9789;C;Increased WIP (5);60;57;16,2
9790;C;Increased WIP (5);56;65;17,18
9791;C;Increased WIP (5);54;56;17,11
9792;C;Increased WIP (5);61;64;16,25
9793;C;Increased WIP (5);56;46;16,91
9794;C;Increased WIP (5);60;65;17,2
9795;C;Increased WIP (5);62;41;15,76
9796;C;Increased WIP (5);63;47;14,94
9797;C;Increased WIP (5);60;59;16,4
9798;C;Increased WIP (5);54;70;18,44
9799;C;Increased WIP (5);62;60;16,47
9800;C;Increased WIP (5);52;55;18,14
9801;C;Increased WIP (5);58;55;14,38
9802;C;Increased WIP (5);58;56;16
9803;C;Increased WIP (5);53;47;17,75
9804;C;Increased WIP (5);63;50;15,67
9805;C;Increased WIP (5);62;57;16,18
9806;C;Increased WIP (5);50;60;18,4
9807;C;Increased WIP (5);62;56;16,18
9808;C;Increased WIP (5);53;71;19
9809;C;Increased WIP (5);58;55;15,77
9810;C;Increased WIP (5);54;70;16,78
9811;C;Increased WIP (5);55;60;18
9812;C;Increased WIP (5);57;52;18,25
9813;C;Increased WIP (5);62;50;15,76
9814;C;Increased WIP (5);48;78;19,67
9815;C;Increased WIP (5);54;59;17,11
9816;C;Increased WIP (5);56;70;17,91
9817;C;Increased WIP (5);56;59;17,18
9818;C;Increased WIP (5);54;56;18,33
9819;C;Increased WIP (5);53;63;17,62
9820;C;Increased WIP (5);51;67;19,83
9821;C;Increased WIP (5);51;60;18,83
9822;C;Increased WIP (5);51;65;17,67
9823;C;Increased WIP (5);57;61;17
9824;C;Increased WIP (5);56;72;18,18
9825;C;Increased WIP (5);54;59;17,78
9826;C;Increased WIP (5);61;50;16,5
9827;C;Increased WIP (5);56;69;16,82
9828;C;Increased WIP (5);61;56;16,69
9829;C;Increased WIP (5);59;59;15,79
9830;C;Increased WIP (5);58;67;16,38
9831;C;Increased WIP (5);61;44;15
9832;C;Increased WIP (5);59;60;17,57
9833;C;Increased WIP (5);59;64;16,93
9834;C;Increased WIP (5);61;54;15,81
9835;C;Increased WIP (5);55;76;17,8
9836;C;Increased WIP (5);53;58;18,38
9837;C;Increased WIP (5);62;55;16,24
9838;C;Increased WIP (5);57;46;16,33
9839;C;Increased WIP (5);56;50;16,73
9840;C;Increased WIP (5);56;59;17,82
9841;C;Increased WIP (5);55;60;17,9
9842;C;Increased WIP (5);52;73;19,43
9843;C;Increased WIP (5);56;63;17,27
9844;C;Increased WIP (5);59;52;16,79
9845;C;Increased WIP (5);55;49;18,4
9846;C;Increased WIP (5);61;62;15,31
9847;C;Increased WIP (5);61;49;15,44
9848;C;Increased WIP (5);64;49;13,58
9849;C;Increased WIP (5);59;60;17,14
9850;C;Increased WIP (5);61;32;15,81
9851;C;Increased WIP (5);51;65;18
9852;C;Increased WIP (5);52;57;18,86
9853;C;Increased WIP (5);59;58;16,79
9854;C;Increased WIP (5);60;53;16,13
9855;C;Increased WIP (5);63;46;16,44
9856;C;Increased WIP (5);54;61;17,44
9857;C;Increased WIP (5);51;65;19,5
9858;C;Increased WIP (5);60;50;17,07
9859;C;Increased WIP (5);53;53;19,12
9860;C;Increased WIP (5);55;56;17,8
9861;C;Increased WIP (5);50;66;19
9862;C;Increased WIP (5);60;63;17,8
9863;C;Increased WIP (5);53;59;17,5
9864;C;Increased WIP (5);60;50;16
9865;C;Increased WIP (5);60;60;16,87
9866;C;Increased WIP (5);47;63;20
9867;C;Increased WIP (5);52;48;18,43
9868;C;Increased WIP (5);60;50;15,73
9869;C;Increased WIP (5);57;65;17,42
9870;C;Increased WIP (5);58;70;16,08
9871;C;Increased WIP (5);60;37;15,67
9872;C;Increased WIP (5);58;52;15,23
9873;C;Increased WIP (5);54;50;18
9874;C;Increased WIP (5);53;66;16,5
9875;C;Increased WIP (5);50;57;19,2
9876;C;Increased WIP (5);59;55;14,43
9877;C;Increased WIP (5);53;52;17,62
9878;C;Increased WIP (5);57;66;17,33
9879;C;Increased WIP (5);58;54;16,54
9880;C;Increased WIP (5);58;63;17,23
9881;C;Increased WIP (5);54;66;18
9882;C;Increased WIP (5);60;47;16,07
9883;C;Increased WIP (5);64;55;14,68
9884;C;Increased WIP (5);54;69;16,67
9885;C;Increased WIP (5);49;61;19,25
9886;C;Increased WIP (5);52;63;17,29
9887;C;Increased WIP (5);59;47;17,21
9888;C;Increased WIP (5);56;62;16
9889;C;Increased WIP (5);53;69;17,5
9890;C;Increased WIP (5);58;54;16
9891;C;Increased WIP (5);53;57;19,38
9892;C;Increased WIP (5);62;63;16
9893;C;Increased WIP (5);53;62;17,75
9894;C;Increased WIP (5);56;62;16,64
9895;C;Increased WIP (5);61;64;16,56
9896;C;Increased WIP (5);57;53;16,75
9897;C;Increased WIP (5);45;59;0
9898;C;Increased WIP (5);58;60;17,62
9899;C;Increased WIP (5);58;59;17,08
9900;C;Increased WIP (5);60;59;16,8
9901;C;Increased WIP (5);63;63;16,61
9902;C;Increased WIP (5);52;67;18,86
9903;C;Increased WIP (5);64;59;15,79
9904;C;Increased WIP (5);59;66;15,64
9905;C;Increased WIP (5);59;61;15,71
9906;C;Increased WIP (5);55;57;17
9907;C;Increased WIP (5);61;61;16
9908;C;Increased WIP (5);61;52;15,44
9909;C;Increased WIP (5);61;52;14,81
9910;C;Increased WIP (5);51;67;18,5
9911;C;Increased WIP (5);52;63;17,43
9912;C;Increased WIP (5);51;47;18,17
9913;C;Increased WIP (5);63;47;15,56
9914;C;Increased WIP (5);60;66;17,53
9915;C;Increased WIP (5);56;71;18,09
9916;C;Increased WIP (5);54;57;17,89
9917;C;Increased WIP (5);55;53;16,8
9918;C;Increased WIP (5);58;49;15,77
9919;C;Increased WIP (5);64;65;15
9920;C;Increased WIP (5);54;64;18,56
9921;C;Increased WIP (5);58;68;17,08
9922;C;Increased WIP (5);61;55;16
9923;C;Increased WIP (5);55;50;17,2
9924;C;Increased WIP (5);60;52;16,2
9925;C;Increased WIP (5);59;38;16,29
9926;C;Increased WIP (5);54;76;17,5
9927;C;Increased WIP (5);54;64;17,44
9928;C;Increased WIP (5);63;55;16,61
9929;C;Increased WIP (5);49;66;19,25
9930;C;Increased WIP (5);58;50;16,31
9931;C;Increased WIP (5);58;62;15,77
9932;C;Increased WIP (5);64;54;16,89
9933;C;Increased WIP (5);55;61;17,2
9934;C;Increased WIP (5);58;43;16,23
9935;C;Increased WIP (5);50;71;19,6
9936;C;Increased WIP (5);69;55;14,58
9937;C;Increased WIP (5);57;57;16,58
9938;C;Increased WIP (5);57;53;17,58
9939;C;Increased WIP (5);55;58;17,4
9940;C;Increased WIP (5);50;54;18,6
9941;C;Increased WIP (5);51;62;18,33
9942;C;Increased WIP (5);60;57;15,87
9943;C;Increased WIP (5);58;59;15,23
9944;C;Increased WIP (5);63;46;14,39
9945;C;Increased WIP (5);60;61;16,07
9946;C;Increased WIP (5);49;74;19,25
9947;C;Increased WIP (5);54;66;18,67
9948;C;Increased WIP (5);55;73;18,6
9949;C;Increased WIP (5);58;47;15,77
9950;C;Increased WIP (5);58;57;16,92
9951;C;Increased WIP (5);57;42;15,67
9952;C;Increased WIP (5);54;59;18,89
9953;C;Increased WIP (5);60;45;15,4
9954;C;Increased WIP (5);59;53;16,43
9955;C;Increased WIP (5);52;53;19
9956;C;Increased WIP (5);60;45;16,47
9957;C;Increased WIP (5);58;67;17,31
9958;C;Increased WIP (5);55;65;17,6
9959;C;Increased WIP (5);57;63;17,25
9960;C;Increased WIP (5);65;50;14,3
9961;C;Increased WIP (5);52;64;17,14
9962;C;Increased WIP (5);57;57;16,5
9963;C;Increased WIP (5);60;56;15,8
9964;C;Increased WIP (5);54;62;17,56
9965;C;Increased WIP (5);56;65;17,64
9966;C;Increased WIP (5);55;49;17,7
9967;C;Increased WIP (5);60;46;16,13
9968;C;Increased WIP (5);62;53;14,47
9969;C;Increased WIP (5);50;66;17,8
9970;C;Increased WIP (5);56;59;17,45
9971;C;Increased WIP (5);53;55;17,62
9972;C;Increased WIP (5);57;57;16,33
9973;C;Increased WIP (5);61;47;14,94
9974;C;Increased WIP (5);57;53;17,92
9975;C;Increased WIP (5);54;66;18,56
9976;C;Increased WIP (5);48;60;18,67
9977;C;Increased WIP (5);53;66;16,88
9978;C;Increased WIP (5);58;66;14,92
9979;C;Increased WIP (5);56;49;16,64
9980;C;Increased WIP (5);56;48;16,18
9981;C;Increased WIP (5);59;45;16
9982;C;Increased WIP (5);51;63;19
9983;C;Increased WIP (5);51;72;18,33
9984;C;Increased WIP (5);58;58;16,15
9985;C;Increased WIP (5);53;66;16,62
9986;C;Increased WIP (5);56;71;17,09
9987;C;Increased WIP (5);50;81;19,4
9988;C;Increased WIP (5);57;48;16,33
9989;C;Increased WIP (5);56;53;17,91
9990;C;Increased WIP (5);61;55;15
9991;C;Increased WIP (5);57;63;18,5
9992;C;Increased WIP (5);55;60;18,1
9993;C;Increased WIP (5);58;60;18,23
9994;C;Increased WIP (5);51;74;17,33
9995;C;Increased WIP (5);62;60;15,88
9996;C;Increased WIP (5);51;70;19
9997;C;Increased WIP (5);55;69;18,8
9998;C;Increased WIP (5);53;67;17,62
9999;C;Increased WIP (5);50;64;19,6
10000;C;Increased WIP (5);56;73;16,45
10001;C;Increased WIP (5);59;65;16,21
10002;C;Increased WIP (5);59;48;15,29
10003;C;Increased WIP (5);61;59;15,81
10004;C;Increased WIP (5);58;52;15,08
10005;C;Increased WIP (5);59;58;16,36
10006;C;Increased WIP (5);60;63;15,67
10007;C;Increased WIP (5);53;48;16,88
10008;C;Increased WIP (5);53;72;18
10009;C;Increased WIP (5);53;65;17,88
10010;C;Increased WIP (5);61;51;13,5
10011;C;Increased WIP (5);66;39;14,33
10012;C;Increased WIP (5);61;50;15,25
10013;C;Increased WIP (5);49;73;19
10014;C;Increased WIP (5);58;60;17,15
10015;C;Increased WIP (5);60;47;14,53
10016;C;Increased WIP (5);59;54;16
10017;C;Increased WIP (5);52;63;18,43
10018;C;Increased WIP (5);52;66;16,71
10019;C;Increased WIP (5);62;35;14,18
10020;C;Increased WIP (5);58;50;15,62
10021;C;Increased WIP (5);54;66;16,44
10022;C;Increased WIP (5);56;58;16,55
10023;C;Increased WIP (5);55;57;17,5
10024;C;Increased WIP (5);55;61;17,1
10025;C;Increased WIP (5);58;51;16,92
10026;C;Increased WIP (5);54;64;16,67
10027;C;Increased WIP (5);56;66;17,73
10028;C;Increased WIP (5);43;74;0
10029;C;Increased WIP (5);57;59;16,75
10030;C;Increased WIP (5);64;49;16
10031;C;Increased WIP (5);62;66;16,41
10032;C;Increased WIP (5);56;55;17,55
10033;C;Increased WIP (5);63;38;16,56
10034;C;Increased WIP (5);61;52;17
10035;C;Increased WIP (5);61;54;16,88
10036;C;Increased WIP (5);49;72;19,25
10037;C;Increased WIP (5);62;58;16,53
10038;C;Increased WIP (5);54;65;17,22
10039;C;Increased WIP (5);50;64;19
10040;C;Increased WIP (5);60;51;14,67
10041;C;Increased WIP (5);55;70;18
10042;C;Increased WIP (5);57;63;17,75
10043;C;Increased WIP (5);60;66;16,4
10044;C;Increased WIP (5);55;57;18,8
10045;C;Increased WIP (5);53;44;17
10046;C;Increased WIP (5);57;45;15,92
10047;C;Increased WIP (5);53;53;17,38
10048;C;Increased WIP (5);49;72;18,25
10049;C;Increased WIP (5);61;55;17,38
10050;C;Increased WIP (5);57;56;16,75
10051;C;Increased WIP (5);65;55;15,75
10052;C;Increased WIP (5);58;67;17,38
10053;C;Increased WIP (5);54;66;17,67
10054;C;Increased WIP (5);65;47;16,05
10055;C;Increased WIP (5);55;60;17,6
10056;C;Increased WIP (5);52;54;17,86
10057;C;Increased WIP (5);56;73;17,45
10058;C;Increased WIP (5);64;57;15,26
10059;C;Increased WIP (5);68;46;14,65
10060;C;Increased WIP (5);58;52;17,38
10061;C;Increased WIP (5);54;68;17,78
10062;C;Increased WIP (5);57;54;17
10063;C;Increased WIP (5);63;47;14,89
10064;C;Increased WIP (5);59;44;15,29
10065;C;Increased WIP (5);62;52;14,06
10066;C;Increased WIP (5);59;54;15,21
10067;C;Increased WIP (5);63;59;16,61
10068;C;Increased WIP (5);61;51;15,75
10069;C;Increased WIP (5);62;59;14,88
10070;C;Increased WIP (5);47;73;19,5
10071;C;Increased WIP (5);53;60;18
10072;C;Increased WIP (5);51;59;18,67
10073;C;Increased WIP (5);55;54;18,3
10074;C;Increased WIP (5);57;56;16,92
10075;C;Increased WIP (5);61;52;15,94
10076;C;Increased WIP (5);60;55;17,07
10077;C;Increased WIP (5);60;41;17,13
10078;C;Increased WIP (5);58;46;16,92
10079;C;Increased WIP (5);59;52;15,5
10080;C;Increased WIP (5);61;45;15,62
10081;C;Increased WIP (5);58;52;15,69
10082;C;Increased WIP (5);52;54;17,86
10083;C;Increased WIP (5);50;65;18,4
10084;C;Increased WIP (5);61;54;16
10085;C;Increased WIP (5);50;63;18,8
10086;C;Increased WIP (5);57;70;17,67
10087;C;Increased WIP (5);51;71;18,5
10088;C;Increased WIP (5);62;59;16
10089;C;Increased WIP (5);61;56;15,19
10090;C;Increased WIP (5);57;68;18,08
10091;C;Increased WIP (5);59;66;15,36
10092;C;Increased WIP (5);62;48;17,59
10093;C;Increased WIP (5);60;52;16,4
10094;C;Increased WIP (5);56;60;19
10095;C;Increased WIP (5);59;57;17
10096;C;Increased WIP (5);64;49;15,06
10097;C;Increased WIP (5);56;63;18,55
10098;C;Increased WIP (5);54;76;17,22
10099;C;Increased WIP (5);62;50;14,41
10100;C;Increased WIP (5);54;45;16,44
10101;C;Increased WIP (5);48;66;19
10102;C;Increased WIP (5);58;62;17,31
10103;C;Increased WIP (5);54;73;17,89
10104;C;Increased WIP (5);64;57;14,26
10105;C;Increased WIP (5);57;53;17,17
10106;C;Increased WIP (5);58;57;17,31
10107;C;Increased WIP (5);57;52;16,33
10108;C;Increased WIP (5);57;61;16,83
10109;C;Increased WIP (5);56;56;16,45
10110;C;Increased WIP (5);55;72;16,6
10111;C;Increased WIP (5);52;74;18,57
10112;C;Increased WIP (5);62;48;14,24
10113;C;Increased WIP (5);53;66;17,5
10114;C;Increased WIP (5);54;61;18,56
10115;C;Increased WIP (5);61;52;15,31
10116;C;Increased WIP (5);59;58;16
10117;C;Increased WIP (5);47;84;19,5
10118;C;Increased WIP (5);54;66;17,22
10119;C;Increased WIP (5);62;56;17,35
10120;C;Increased WIP (5);57;57;17,17
10121;C;Increased WIP (5);56;59;16,18
10122;C;Increased WIP (5);57;64;15,92
10123;C;Increased WIP (5);60;71;16,33
10124;C;Increased WIP (5);68;40;13,7
10125;C;Increased WIP (5);61;53;16,12
10126;C;Increased WIP (5);54;64;17,33
10127;C;Increased WIP (5);54;73;18
10128;C;Increased WIP (5);61;54;17,19
10129;C;Increased WIP (5);60;55;15,87
10130;C;Increased WIP (5);65;47;14,9
10131;C;Increased WIP (5);51;60;18,33
10132;C;Increased WIP (5);59;53;17,36
10133;C;Increased WIP (5);61;57;16,69
10134;C;Increased WIP (5);58;45;17,08
10135;C;Increased WIP (5);56;60;18,18
10136;C;Increased WIP (5);59;52;16,14
10137;C;Increased WIP (5);61;61;15,12
10138;C;Increased WIP (5);51;59;17,83
10139;C;Increased WIP (5);63;52;16,67
10140;C;Increased WIP (5);61;46;15,69
10141;C;Increased WIP (5);62;48;15,41
10142;C;Increased WIP (5);62;66;15,24
10143;C;Increased WIP (5);54;69;17,56
10144;C;Increased WIP (5);60;71;17
10145;C;Increased WIP (5);60;51;15,67
10146;C;Increased WIP (5);59;54;14,5
10147;C;Increased WIP (5);53;63;18,5
10148;C;Increased WIP (5);58;55;17,69
10149;C;Increased WIP (5);45;73;0
10150;C;Increased WIP (5);54;59;18,56
10151;C;Increased WIP (5);60;60;16,8
10152;C;Increased WIP (5);66;50;14,71
10153;C;Increased WIP (5);60;55;15,27
10154;C;Increased WIP (5);57;73;16,83
10155;C;Increased WIP (5);55;69;18,9
10156;C;Increased WIP (5);49;72;18,75
10157;C;Increased WIP (5);59;44;16,14
10158;C;Increased WIP (5);52;60;17,43
10159;C;Increased WIP (5);56;55;16
10160;C;Increased WIP (5);65;44;15,8
10161;C;Increased WIP (5);55;52;18
10162;C;Increased WIP (5);57;57;18
10163;C;Increased WIP (5);57;56;15,42
10164;C;Increased WIP (5);52;56;18
10165;C;Increased WIP (5);60;57;15,47
10166;C;Increased WIP (5);62;57;16,82
10167;C;Increased WIP (5);66;39;14,05
10168;C;Increased WIP (5);52;58;18,43
10169;C;Increased WIP (5);55;57;17,7
10170;C;Increased WIP (5);55;65;17,1
10171;C;Increased WIP (5);54;54;17,78
10172;C;Increased WIP (5);53;58;17
10173;C;Increased WIP (5);62;57;16,71
10174;C;Increased WIP (5);55;52;18
10175;C;Increased WIP (5);61;58;14,44
10176;C;Increased WIP (5);59;44;17,43
10177;C;Increased WIP (5);64;40;14,42
10178;C;Increased WIP (5);60;54;15,27
10179;C;Increased WIP (5);60;55;16,8
10180;C;Increased WIP (5);57;67;15,08
10181;C;Increased WIP (5);63;47;15,39
10182;C;Increased WIP (5);59;61;18
10183;C;Increased WIP (5);53;46;17,25
10184;C;Increased WIP (5);62;54;16,47
10185;C;Increased WIP (5);47;68;20
10186;C;Increased WIP (5);63;51;14,17
10187;C;Increased WIP (5);51;57;18,33
10188;C;Increased WIP (5);53;63;18,88
10189;C;Increased WIP (5);60;50;15,47
10190;C;Increased WIP (5);56;68;17,36
10191;C;Increased WIP (5);53;66;18
10192;C;Increased WIP (5);50;81;19,2
10193;C;Increased WIP (5);50;47;18,8
10194;C;Increased WIP (5);59;52;16,43
10195;C;Increased WIP (5);62;50;16,18
10196;C;Increased WIP (5);56;67;16,36
10197;C;Increased WIP (5);63;61;15,61
10198;C;Increased WIP (5);60;63;15,93
10199;C;Increased WIP (5);52;35;17,86
10200;C;Increased WIP (5);55;61;17,1
10201;C;Increased WIP (5);56;61;17,82
10202;C;Increased WIP (5);47;73;19,5
10203;C;Increased WIP (5);65;46;15,95
10204;C;Increased WIP (5);51;67;18,33
10205;C;Increased WIP (5);59;62;16,5
10206;C;Increased WIP (5);59;72;16,21
10207;C;Increased WIP (5);60;54;17,13
10208;C;Increased WIP (5);58;64;16,08
10209;C;Increased WIP (5);59;62;16,57
10210;C;Increased WIP (5);56;55;17
10211;C;Increased WIP (5);63;47;16,61
10212;C;Increased WIP (5);59;60;16,57
10213;C;Increased WIP (5);56;55;16,55
10214;C;Increased WIP (5);59;57;16,14
10215;C;Increased WIP (5);59;63;16,14
10216;C;Increased WIP (5);54;53;18
10217;C;Increased WIP (5);54;60;17,67
10218;C;Increased WIP (5);54;73;17,89
10219;C;Increased WIP (5);53;51;17,62
10220;C;Increased WIP (5);55;52;17
10221;C;Increased WIP (5);57;72;17,67
10222;C;Increased WIP (5);62;65;14,88
10223;C;Increased WIP (5);50;60;18,2
10224;C;Increased WIP (5);61;55;16,81
10225;C;Increased WIP (5);53;54;18,75
10226;C;Increased WIP (5);59;53;17,43
10227;C;Increased WIP (5);61;44;14,81
10228;C;Increased WIP (5);59;51;15,93
10229;C;Increased WIP (5);62;65;16,82
10230;C;Increased WIP (5);63;62;15,22
10231;C;Increased WIP (5);58;43;15,38
10232;C;Increased WIP (5);58;70;15,77
10233;C;Increased WIP (5);63;40;13,94
10234;C;Increased WIP (5);59;54;16,71
10235;C;Increased WIP (5);61;65;15,69
10236;C;Increased WIP (5);57;63;16,58
10237;C;Increased WIP (5);51;67;18,67
10238;C;Increased WIP (5);58;71;17,23
10239;C;Increased WIP (5);61;63;16,38
10240;C;Increased WIP (5);51;70;17,33
10241;C;Increased WIP (5);61;53;16,19
10242;C;Increased WIP (5);56;47;17,18
10243;C;Increased WIP (5);53;65;18
10244;C;Increased WIP (5);52;48;17,86
10245;C;Increased WIP (5);54;56;17,11
10246;C;Increased WIP (5);56;59;18,27
10247;C;Increased WIP (5);56;58;16,18
10248;C;Increased WIP (5);65;54;16,55
10249;C;Increased WIP (5);58;52;16,92
10250;C;Increased WIP (5);54;56;18,22
10251;C;Increased WIP (5);61;61;14
10252;C;Increased WIP (5);64;42;15,47
10253;C;Increased WIP (5);56;65;16,82
10254;C;Increased WIP (5);60;51;15,8
10255;C;Increased WIP (5);54;65;17,33
10256;C;Increased WIP (5);61;60;15,62
10257;C;Increased WIP (5);58;74;17,77
10258;C;Increased WIP (5);61;58;15,81
10259;C;Increased WIP (5);55;61;18,1
10260;C;Increased WIP (5);55;63;18,3
10261;C;Increased WIP (5);61;48;15,31
10262;C;Increased WIP (5);60;53;17,47
10263;C;Increased WIP (5);63;69;15,83
10264;C;Increased WIP (5);59;52;17,93
10265;C;Increased WIP (5);53;61;17,75
10266;C;Increased WIP (5);48;66;19,67
10267;C;Increased WIP (5);54;53;17,78
10268;C;Increased WIP (5);50;67;17,8
10269;C;Increased WIP (5);68;52;14,35
10270;C;Increased WIP (5);58;38;14,46
10271;C;Increased WIP (5);54;56;17,67
10272;C;Increased WIP (5);54;68;17,78
10273;C;Increased WIP (5);56;76;17,73
10274;C;Increased WIP (5);58;55;16,54
10275;C;Increased WIP (5);60;57;16,13
10276;C;Increased WIP (5);58;63;16,15
10277;C;Increased WIP (5);55;55;18,1
10278;C;Increased WIP (5);51;54;18,33
10279;C;Increased WIP (5);58;63;16,69
10280;C;Increased WIP (5);60;55;16,93
10281;C;Increased WIP (5);54;68;17,67
10282;C;Increased WIP (5);54;61;17,78
10283;C;Increased WIP (5);48;71;19,67
10284;C;Increased WIP (5);52;66;17,71
10285;C;Increased WIP (5);68;50;15,17
10286;C;Increased WIP (5);57;59;16,25
10287;C;Increased WIP (5);57;58;18,25
10288;C;Increased WIP (5);62;52;15,35
10289;C;Increased WIP (5);56;53;17,45
10290;C;Increased WIP (5);50;67;19,6
10291;C;Increased WIP (5);55;64;17,3
10292;C;Increased WIP (5);48;59;19
10293;C;Increased WIP (5);54;58;17,89
10294;C;Increased WIP (5);53;73;17,5
10295;C;Increased WIP (5);57;62;17,08
10296;C;Increased WIP (5);53;70;19
10297;C;Increased WIP (5);60;58;16,13
10298;C;Increased WIP (5);62;51;14,06
10299;C;Increased WIP (5);55;61;17,4
10300;C;Increased WIP (5);62;62;16,94
10301;C;Increased WIP (5);59;53;15,5
10302;C;Increased WIP (5);53;54;18,25
10303;C;Increased WIP (5);52;66;17,57
10304;C;Increased WIP (5);56;53;17
10305;C;Increased WIP (5);55;56;17,4
10306;C;Increased WIP (5);56;50;16,18
10307;C;Increased WIP (5);55;62;17
10308;C;Increased WIP (5);59;56;16,07
10309;C;Increased WIP (5);58;63;18
10310;C;Increased WIP (5);51;54;18,5
10311;C;Increased WIP (5);55;61;18
10312;C;Increased WIP (5);54;67;17,56
10313;C;Increased WIP (5);61;57;15,81
10314;C;Increased WIP (5);52;60;19,29
10315;C;Increased WIP (5);57;48;17,33
10316;C;Increased WIP (5);62;59;15,88
10317;C;Increased WIP (5);59;49;16,79
10318;C;Increased WIP (5);54;66;17,56
10319;C;Increased WIP (5);58;45;15,77
10320;C;Increased WIP (5);65;53;16,2
10321;C;Increased WIP (5);50;72;19,2
10322;C;Increased WIP (5);51;73;18,83
10323;C;Increased WIP (5);56;58;17
10324;C;Increased WIP (5);61;54;16,75
10325;C;Increased WIP (5);57;67;16,5
10326;C;Increased WIP (5);57;76;17,75
10327;C;Increased WIP (5);65;54;14,75
10328;C;Increased WIP (5);54;58;18,78
10329;C;Increased WIP (5);50;68;18
10330;C;Increased WIP (5);60;56;16
10331;C;Increased WIP (5);56;57;17
10332;C;Increased WIP (5);64;49;16
10333;C;Increased WIP (5);58;58;16,46
10334;C;Increased WIP (5);56;72;17,45
10335;C;Increased WIP (5);62;58;15,82
10336;C;Increased WIP (5);60;55;17,47
10337;C;Increased WIP (5);61;43;15,75
10338;C;Increased WIP (5);56;55;17,09
10339;C;Increased WIP (5);54;63;18,78
10340;C;Increased WIP (5);55;53;16
10341;C;Increased WIP (5);63;42;14,39
10342;C;Increased WIP (5);62;54;14,24
10343;C;Increased WIP (5);63;53;16,61
10344;C;Increased WIP (5);59;49;14,71
10345;C;Increased WIP (5);49;60;18,75
10346;C;Increased WIP (5);54;71;18,44
10347;C;Increased WIP (5);55;57;17
10348;C;Increased WIP (5);55;55;18,2
10349;C;Increased WIP (5);61;70;16,12
10350;C;Increased WIP (5);61;55;15,62
10351;C;Increased WIP (5);54;55;17,11
10352;C;Increased WIP (5);56;58;17,36
10353;C;Increased WIP (5);57;55;16,5
10354;C;Increased WIP (5);56;70;18,55
10355;C;Increased WIP (5);66;45;15,48
10356;C;Increased WIP (5);55;55;16,7
10357;C;Increased WIP (5);55;60;16,8
10358;C;Increased WIP (5);55;45;17,4
10359;C;Increased WIP (5);56;63;17,09
10360;C;Increased WIP (5);55;58;17,4
10361;C;Increased WIP (5);56;47;17,55
10362;C;Increased WIP (5);53;56;19
10363;C;Increased WIP (5);61;61;16,06
10364;C;Increased WIP (5);60;59;16,33
10365;C;Increased WIP (5);57;67;16,58
10366;C;Increased WIP (5);53;59;18,38
10367;C;Increased WIP (5);57;44;17,17
10368;C;Increased WIP (5);55;66;16
10369;C;Increased WIP (5);57;54;16,33
10370;C;Increased WIP (5);66;52;14,52
10371;C;Increased WIP (5);65;42;13,3
10372;C;Increased WIP (5);53;53;16,88
10373;C;Increased WIP (5);58;72;16,54
10374;C;Increased WIP (5);55;57;18,6
10375;C;Increased WIP (5);50;63;18,6
10376;C;Increased WIP (5);55;56;16,5
10377;C;Increased WIP (5);49;64;19,25
10378;C;Increased WIP (5);64;53;14,42
10379;C;Increased WIP (5);58;52;16,15
10380;C;Increased WIP (5);59;59;15,93
10381;C;Increased WIP (5);61;41;14,38
10382;C;Increased WIP (5);63;45;14,89
10383;C;Increased WIP (5);57;70;17
10384;C;Increased WIP (5);54;63;18,11
10385;C;Increased WIP (5);63;52;16,11
10386;C;Increased WIP (5);58;60;16,38
10387;C;Increased WIP (5);62;45;13,41
10388;C;Increased WIP (5);62;35;16,24
10389;C;Increased WIP (5);54;57;17
10390;C;Increased WIP (5);55;42;16,7
10391;C;Increased WIP (5);48;64;19,33
10392;C;Increased WIP (5);57;60;17,25
10393;C;Increased WIP (5);62;56;16,53
10394;C;Increased WIP (5);60;58;15,07
10395;C;Increased WIP (5);58;67;16,69
10396;C;Increased WIP (5);59;68;17,36
10397;C;Increased WIP (5);59;64;15,57
10398;C;Increased WIP (5);56;71;17,27
10399;C;Increased WIP (5);54;56;16,44
10400;C;Increased WIP (5);57;39;15,08
10401;C;Increased WIP (5);57;62;16,83
10402;C;Increased WIP (5);59;61;15,93
10403;C;Increased WIP (5);58;66;15,46
10404;C;Increased WIP (5);52;70;18,43
10405;C;Increased WIP (5);64;59;15,42
10406;C;Increased WIP (5);57;60;16,08
10407;C;Increased WIP (5);54;50;18,22
10408;C;Increased WIP (5);58;45;16,77
10409;C;Increased WIP (5);48;63;19
10410;C;Increased WIP (5);58;54;16
10411;C;Increased WIP (5);60;70;16,2
10412;C;Increased WIP (5);58;48;17
10413;C;Increased WIP (5);60;55;15,53
10414;C;Increased WIP (5);52;66;17,71
10415;C;Increased WIP (5);62;49;14,88
10416;C;Increased WIP (5);63;36;14,39
10417;C;Increased WIP (5);61;55;16,69
10418;C;Increased WIP (5);56;63;17,18
10419;C;Increased WIP (5);60;56;14,4
10420;C;Increased WIP (5);52;54;19,29
10421;C;Increased WIP (5);63;60;16,28
10422;C;Increased WIP (5);61;56;17,12
10423;C;Increased WIP (5);55;57;17,3
10424;C;Increased WIP (5);60;70;16,53
10425;C;Increased WIP (5);53;55;19,25
10426;C;Increased WIP (5);60;62;16,8
10427;C;Increased WIP (5);59;44;15,14
10428;C;Increased WIP (5);58;57;14,62
10429;C;Increased WIP (5);61;59;16,94
10430;C;Increased WIP (5);61;45;16,5
10431;C;Increased WIP (5);58;68;17,31
10432;C;Increased WIP (5);58;69;17,38
10433;C;Increased WIP (5);61;53;15,5
10434;C;Increased WIP (5);61;36;16,19
10435;C;Increased WIP (5);60;51;16,53
10436;C;Increased WIP (5);58;51;15,77
10437;C;Increased WIP (5);58;52;16,62
10438;C;Increased WIP (5);57;60;15,83
10439;C;Increased WIP (5);60;50;16
10440;C;Increased WIP (5);57;67;16,17
10441;C;Increased WIP (5);57;62;18,33
10442;C;Increased WIP (5);48;62;19,67
10443;C;Increased WIP (5);61;41;14,81
10444;C;Increased WIP (5);55;73;18,3
10445;C;Increased WIP (5);55;69;17,2
10446;C;Increased WIP (5);56;66;17,55
10447;C;Increased WIP (5);52;79;18,14
10448;C;Increased WIP (5);58;63;16,46
10449;C;Increased WIP (5);59;56;16,07
10450;C;Increased WIP (5);59;52;16
10451;C;Increased WIP (5);57;56;17,17
10452;C;Increased WIP (5);55;55;15,5
10453;C;Increased WIP (5);59;50;17,29
10454;C;Increased WIP (5);57;63;17,58
10455;C;Increased WIP (5);51;76;18,33
10456;C;Increased WIP (5);60;58;16,6
10457;C;Increased WIP (5);58;59;16,77
10458;C;Increased WIP (5);61;43;15,62
10459;C;Increased WIP (5);56;57;17
10460;C;Increased WIP (5);60;68;16,07
10461;C;Increased WIP (5);52;68;16,29
10462;C;Increased WIP (5);60;49;17,33
10463;C;Increased WIP (5);52;57;17,71
10464;C;Increased WIP (5);57;74;17,92
10465;C;Increased WIP (5);52;53;16,29
10466;C;Increased WIP (5);60;37;14,87
10467;C;Increased WIP (5);65;48;14,6
10468;C;Increased WIP (5);58;64;17,62
10469;C;Increased WIP (5);64;52;16,05
10470;C;Increased WIP (5);60;58;15,2
10471;C;Increased WIP (5);59;51;16,14
10472;C;Increased WIP (5);58;61;17,15
10473;C;Increased WIP (5);63;60;15
10474;C;Increased WIP (5);52;63;18,43
10475;C;Increased WIP (5);59;56;16,71
10476;C;Increased WIP (5);56;58;17,55
10477;C;Increased WIP (5);58;66;18,15
10478;C;Increased WIP (5);59;45;16,43
10479;C;Increased WIP (5);58;54;16,69
10480;C;Increased WIP (5);55;71;17,8
10481;C;Increased WIP (5);58;53;18,08
10482;C;Increased WIP (5);64;58;15,21
10483;C;Increased WIP (5);52;56;18,43
10484;C;Increased WIP (5);58;53;16,08
10485;C;Increased WIP (5);55;57;17,5
10486;C;Increased WIP (5);55;54;17,1
10487;C;Increased WIP (5);50;71;19
10488;C;Increased WIP (5);55;54;17,2
10489;C;Increased WIP (5);57;55;15,83
10490;C;Increased WIP (5);60;57;16,13
10491;C;Increased WIP (5);55;54;16,9
10492;C;Increased WIP (5);59;71;16,29
10493;C;Increased WIP (5);50;79;19,2
10494;C;Increased WIP (5);60;55;16,13
10495;C;Increased WIP (5);53;62;18,12
10496;C;Increased WIP (5);53;67;17,38
10497;C;Increased WIP (5);53;54;17,62
10498;C;Increased WIP (5);53;53;17,88
10499;C;Increased WIP (5);58;57;16,15
10500;C;Increased WIP (5);53;71;17,5
10501;C;Increased WIP (5);58;61;16,23
10502;C;Increased WIP (5);59;61;17,21
10503;C;Increased WIP (5);60;52;15,2
10504;C;Increased WIP (5);61;53;16,12
10505;C;Increased WIP (5);60;48;15,93
10506;C;Increased WIP (5);60;48;17
10507;C;Increased WIP (5);59;62;16,14
10508;C;Increased WIP (5);58;61;16,69
10509;C;Increased WIP (5);61;50;15,94
10510;C;Increased WIP (5);54;53;18
10511;C;Increased WIP (5);60;54;14,67
10512;C;Increased WIP (5);59;50;14,29
10513;C;Increased WIP (5);55;65;18,3
10514;C;Increased WIP (5);55;52;17,8
10515;C;Increased WIP (5);60;61;16,87
10516;C;Increased WIP (5);55;57;18,4
10517;C;Increased WIP (5);53;58;17,75
10518;C;Increased WIP (5);53;61;17,75
10519;C;Increased WIP (5);49;71;19,5
10520;C;Increased WIP (5);62;57;14,65
10521;C;Increased WIP (5);58;53;16,23
10522;C;Increased WIP (5);56;63;16,64
10523;C;Increased WIP (5);51;68;18,33
10524;C;Increased WIP (5);56;53;17,91
10525;C;Increased WIP (5);58;61;17,77
10526;C;Increased WIP (5);55;68;17,3
10527;C;Increased WIP (5);60;49;15,79
10528;C;Increased WIP (5);63;50;13,56
10529;C;Increased WIP (5);48;57;20
10530;C;Increased WIP (5);57;45;16,75
10531;C;Increased WIP (5);62;44;14,82
10532;C;Increased WIP (5);55;39;18,1
10533;C;Increased WIP (5);56;65;17,82
10534;C;Increased WIP (5);57;63;18,08
10535;C;Increased WIP (5);58;57;16,62
10536;C;Increased WIP (5);58;61;17,62
10537;C;Increased WIP (5);56;69;17,73
10538;C;Increased WIP (5);63;49;13,83
10539;C;Increased WIP (5);51;64;18,5
10540;C;Increased WIP (5);61;54;15,75
10541;C;Increased WIP (5);60;52;15,8
10542;C;Increased WIP (5);57;59;17
10543;C;Increased WIP (5);52;54;18,43
10544;C;Increased WIP (5);58;61;16,85
10545;C;Increased WIP (5);53;54;18
10546;C;Increased WIP (5);63;34;12,78
10547;C;Increased WIP (5);43;59;0
10548;C;Increased WIP (5);64;48;15,21
10549;C;Increased WIP (5);59;58;16,36
10550;C;Increased WIP (5);62;59;16,18
10551;C;Increased WIP (5);62;50;16,24
10552;C;Increased WIP (5);52;60;18,86
10553;C;Increased WIP (5);58;59;17,85
10554;C;Increased WIP (5);62;62;15,53
10555;C;Increased WIP (5);62;43;16,41
10556;C;Increased WIP (5);59;51;16,57
10557;C;Increased WIP (5);58;62;17
10558;C;Increased WIP (5);50;69;19,6
10559;C;Increased WIP (5);60;49;14,07
10560;C;Increased WIP (5);50;70;19,6
10561;C;Increased WIP (5);59;63;15,64
10562;C;Increased WIP (5);46;73;20
10563;C;Increased WIP (5);58;54;17
10564;C;Increased WIP (5);55;63;15,9
10565;C;Increased WIP (5);56;66;16,82
10566;C;Increased WIP (5);56;58;16,82
10567;C;Increased WIP (5);58;61;16,92
10568;C;Increased WIP (5);57;46;18
10569;C;Increased WIP (5);56;62;16,82
10570;C;Increased WIP (5);64;56;15,95
10571;C;Increased WIP (5);56;54;16,73
10572;C;Increased WIP (5);57;47;15,42
10573;C;Increased WIP (5);62;64;16,82
10574;C;Increased WIP (5);61;60;16,25
10575;C;Increased WIP (5);57;61;17,17
10576;C;Increased WIP (5);55;70;17,7
10577;C;Increased WIP (5);55;69;16,9
10578;C;Increased WIP (5);60;43;14,87
10579;C;Increased WIP (5);56;61;16,09
10580;C;Increased WIP (5);57;41;15,42
10581;C;Increased WIP (5);52;60;18,43
10582;C;Increased WIP (5);57;59;15,58
10583;C;Increased WIP (5);57;58;17,08
10584;C;Increased WIP (5);59;59;16,71
10585;C;Increased WIP (5);54;71;17
10586;C;Increased WIP (5);60;45;15,2
10587;C;Increased WIP (5);61;49;16,38
10588;C;Increased WIP (5);56;38;14,91
10589;C;Increased WIP (5);59;60;16,5
10590;C;Increased WIP (5);59;54;17
10591;C;Increased WIP (5);58;56;16,85
10592;C;Increased WIP (5);50;56;18,8
10593;C;Increased WIP (5);59;48;15,93
10594;C;Increased WIP (5);54;60;17,56
10595;C;Increased WIP (5);58;50;16,54
10596;C;Increased WIP (5);56;56;16,45
10597;C;Increased WIP (5);52;57;17,57
10598;C;Increased WIP (5);63;64;16,28
10599;C;Increased WIP (5);58;57;17,23
10600;C;Increased WIP (5);49;71;18,5
10601;C;Increased WIP (5);65;39;13,85
10602;C;Increased WIP (5);60;63;15,93
10603;C;Increased WIP (5);61;49;15,81
10604;C;Increased WIP (5);53;78;17,62
10605;C;Increased WIP (5);54;63;18,67
10606;C;Increased WIP (5);55;70;16,9
10607;C;Increased WIP (5);58;51;15,54
10608;C;Increased WIP (5);54;67;17,78
10609;C;Increased WIP (5);65;49;15,05
10610;C;Increased WIP (5);55;63;17
10611;C;Increased WIP (5);60;46;15,47
10612;C;Increased WIP (5);60;53;14,87
10613;C;Increased WIP (5);67;59;15,59
10614;C;Increased WIP (5);54;63;18,67
10615;C;Increased WIP (5);61;56;15,25
10616;C;Increased WIP (5);54;81;17,78
10617;C;Increased WIP (5);59;61;16,36
10618;C;Increased WIP (5);59;63;17,36
10619;C;Increased WIP (5);61;50;15,5
10620;C;Increased WIP (5);58;57;15,08
10621;C;Increased WIP (5);59;60;16
10622;C;Increased WIP (5);59;63;17
10623;C;Increased WIP (5);52;59;17,71
10624;C;Increased WIP (5);53;70;18,75
10625;C;Increased WIP (5);55;67;16,5
10626;C;Increased WIP (5);56;50;16,73
10627;C;Increased WIP (5);60;54;15,4
10628;C;Increased WIP (5);55;43;16,4
10629;C;Increased WIP (5);52;53;17,43
10630;C;Increased WIP (5);58;77;17,38
10631;C;Increased WIP (5);58;45;15,31
10632;C;Increased WIP (5);53;69;18,12
10633;C;Increased WIP (5);59;67;16
10634;C;Increased WIP (5);52;55;18,43
10635;C;Increased WIP (5);59;53;15,86
10636;C;Increased WIP (5);58;67;16,77
10637;C;Increased WIP (5);62;51;15,29
10638;C;Increased WIP (5);58;58;16,77
10639;C;Increased WIP (5);59;71;16,71
10640;C;Increased WIP (5);62;50;15,35
10641;C;Increased WIP (5);58;65;17,15
10642;C;Increased WIP (5);52;68;16,86
10643;C;Increased WIP (5);59;71;15,71
10644;C;Increased WIP (5);48;68;19,33
10645;C;Increased WIP (5);53;59;17,62
10646;C;Increased WIP (5);53;46;18,12
10647;C;Increased WIP (5);65;49;15,15
10648;C;Increased WIP (5);55;53;17,3
10649;C;Increased WIP (5);59;64;17,79
10650;C;Increased WIP (5);60;54;15,53
10651;C;Increased WIP (5);55;43;17,4
10652;C;Increased WIP (5);55;64;18,2
10653;C;Increased WIP (5);58;55;18,15
10654;C;Increased WIP (5);62;42;16,88
10655;C;Increased WIP (5);59;60;16,79
10656;C;Increased WIP (5);51;50;18,33
10657;C;Increased WIP (5);54;73;17,56
10658;C;Increased WIP (5);53;66;17,38
10659;C;Increased WIP (5);57;70;17,58
10660;C;Increased WIP (5);58;50;16,62
10661;C;Increased WIP (5);61;52;15,19
10662;C;Increased WIP (5);55;60;17,4
10663;C;Increased WIP (5);57;59;16,42
10664;C;Increased WIP (5);63;48;15,94
10665;C;Increased WIP (5);57;65;17,67
10666;C;Increased WIP (5);59;62;16,64
10667;C;Increased WIP (5);52;65;18,43
10668;C;Increased WIP (5);58;51;17,46
10669;C;Increased WIP (5);49;78;19,25
10670;C;Increased WIP (5);59;51;16,57
10671;C;Increased WIP (5);50;70;18,6
10672;C;Increased WIP (5);53;72;17,62
10673;C;Increased WIP (5);57;52;18,58
10674;C;Increased WIP (5);59;53;16,93
10675;C;Increased WIP (5);59;49;17,21
10676;C;Increased WIP (5);61;56;14,75
10677;C;Increased WIP (5);48;60;19,33
10678;C;Increased WIP (5);62;44;15,59
10679;C;Increased WIP (5);54;66;17,33
10680;C;Increased WIP (5);55;52;16,1
10681;C;Increased WIP (5);58;47;14,85
10682;C;Increased WIP (5);55;56;18,8
10683;C;Increased WIP (5);55;64;17
10684;C;Increased WIP (5);54;63;17,78
10685;C;Increased WIP (5);62;36;15,71
10686;C;Increased WIP (5);54;57;17,78
10687;C;Increased WIP (5);55;53;16,3
10688;C;Increased WIP (5);62;42;15
10689;C;Increased WIP (5);50;62;18,2
10690;C;Increased WIP (5);49;52;18
10691;C;Increased WIP (5);48;64;19
10692;C;Increased WIP (5);62;47;16,59
10693;C;Increased WIP (5);57;50;16,58
10694;C;Increased WIP (5);57;64;17,67
10695;C;Increased WIP (5);59;38;15,79
10696;C;Increased WIP (5);59;55;16,14
10697;C;Increased WIP (5);55;69;15,9
10698;C;Increased WIP (5);52;58;18,29
10699;C;Increased WIP (5);58;55;17,08
10700;C;Increased WIP (5);61;59;15,94
10701;C;Increased WIP (5);64;46;14,47
10702;C;Increased WIP (5);53;64;18,25
10703;C;Increased WIP (5);59;54;17,07
10704;C;Increased WIP (5);56;63;16,64
10705;C;Increased WIP (5);55;56;17,6
10706;C;Increased WIP (5);62;43;15,65
10707;C;Increased WIP (5);56;44;17,18
10708;C;Increased WIP (5);56;46;18,18
10709;C;Increased WIP (5);57;63;18
10710;C;Increased WIP (5);64;65;16,74
10711;C;Increased WIP (5);60;54;16,33
10712;C;Increased WIP (5);53;57;18,25
10713;C;Increased WIP (5);56;69;18,09
10714;C;Increased WIP (5);53;57;17,25
10715;C;Increased WIP (5);55;56;17,7
10716;C;Increased WIP (5);57;49;15,25
10717;C;Increased WIP (5);54;64;18
10718;C;Increased WIP (5);64;42;15,11
10719;C;Increased WIP (5);55;55;18,3
10720;C;Increased WIP (5);52;73;18,14
10721;C;Increased WIP (5);51;65;17,17
10722;C;Increased WIP (5);58;59;15,85
10723;C;Increased WIP (5);54;49;16,22
10724;C;Increased WIP (5);61;55;17
10725;C;Increased WIP (5);58;53;15,46
10726;C;Increased WIP (5);55;67;17,6
10727;C;Increased WIP (5);52;66;18,14
10728;C;Increased WIP (5);54;61;17,33
10729;C;Increased WIP (5);55;63;18,5
10730;C;Increased WIP (5);57;62;16,92
10731;C;Increased WIP (5);61;46;16,56
10732;C;Increased WIP (5);62;51;15,94
10733;C;Increased WIP (5);55;49;16,9
10734;C;Increased WIP (5);58;58;16,62
10735;C;Increased WIP (5);55;42;17,5
10736;C;Increased WIP (5);61;55;15,19
10737;C;Increased WIP (5);59;59;16,93
10738;C;Increased WIP (5);53;62;16,62
10739;C;Increased WIP (5);61;46;15,44
10740;C;Increased WIP (5);55;64;17,6
10741;C;Increased WIP (5);60;55;16,73
10742;C;Increased WIP (5);60;38;13,8
10743;C;Increased WIP (5);61;58;16,06
10744;C;Increased WIP (5);52;65;15,29
10745;C;Increased WIP (5);58;74;18,15
10746;C;Increased WIP (5);54;62;17,56
10747;C;Increased WIP (5);67;69;15,27
10748;C;Increased WIP (5);65;50;14,15
10749;C;Increased WIP (5);55;71;17,6
10750;C;Increased WIP (5);55;41;16,3
10751;C;Increased WIP (5);57;58;17,58
10752;C;Increased WIP (5);57;52;16,83
10753;C;Increased WIP (5);44;57;0
10754;C;Increased WIP (5);53;63;17,62
10755;C;Increased WIP (5);54;70;18,89
10756;C;Increased WIP (5);62;41;13,94
10757;C;Increased WIP (5);54;57;16,22
10758;C;Increased WIP (5);59;43;15,21
10759;C;Increased WIP (5);48;67;19,67
10760;C;Increased WIP (5);54;60;17
10761;C;Increased WIP (5);61;60;16,5
10762;C;Increased WIP (5);53;46;17,25
10763;C;Increased WIP (5);59;59;16,43
10764;C;Increased WIP (5);58;59;16,46
10765;C;Increased WIP (5);64;53;16,11
10766;C;Increased WIP (5);49;60;19
10767;C;Increased WIP (5);59;52;15,36
10768;C;Increased WIP (5);58;62;17,77
10769;C;Increased WIP (5);60;62;16,47
10770;C;Increased WIP (5);52;58;17,71
10771;C;Increased WIP (5);62;63;16
10772;C;Increased WIP (5);58;55;15,85
10773;C;Increased WIP (5);53;57;18,88
10774;C;Increased WIP (5);58;63;15,85
10775;C;Increased WIP (5);59;58;16,86
10776;C;Increased WIP (5);62;67;15,94
10777;C;Increased WIP (5);65;63;15,35
10778;C;Increased WIP (5);60;58;17,13
10779;C;Increased WIP (5);50;56;17,8
10780;C;Increased WIP (5);56;63;17,82
10781;C;Increased WIP (5);57;59;16,17
10782;C;Increased WIP (5);57;50;16,17
10783;C;Increased WIP (5);51;62;18,67
10784;C;Increased WIP (5);57;58;16,33
10785;C;Increased WIP (5);49;61;18
10786;C;Increased WIP (5);58;60;16,54
10787;C;Increased WIP (5);60;34;15,73
10788;C;Increased WIP (5);54;65;19,11
10789;C;Increased WIP (5);57;56;16,75
10790;C;Increased WIP (5);59;50;16,93
10791;C;Increased WIP (5);57;70;18
10792;C;Increased WIP (5);56;69;17,36
10793;C;Increased WIP (5);57;62;16,92
10794;C;Increased WIP (5);66;41;14,43
10795;C;Increased WIP (5);61;62;13,19
10796;C;Increased WIP (5);54;44;17,33
10797;C;Increased WIP (5);58;60;15,77
10798;C;Increased WIP (5);56;63;16,36
10799;C;Increased WIP (5);64;43;15,26
10800;C;Increased WIP (5);56;52;16,91
10801;C;Increased WIP (5);52;72;18,29
10802;C;Increased WIP (5);55;60;16,1
10803;C;Increased WIP (5);54;66;18,22
10804;C;Increased WIP (5);48;70;20
10805;C;Increased WIP (5);52;71;19,14
10806;C;Increased WIP (5);51;57;18,5
10807;C;Increased WIP (5);54;63;17,44
10808;C;Increased WIP (5);63;59;16,67
10809;C;Increased WIP (5);64;42;16,21
10810;C;Increased WIP (5);58;64;15,77
10811;C;Increased WIP (5);54;56;18,33
10812;C;Increased WIP (5);63;61;16,39
10813;C;Increased WIP (5);56;43;15,73
10814;C;Increased WIP (5);59;61;15,93
10815;C;Increased WIP (5);57;51;14,67
10816;C;Increased WIP (5);59;49;16,29
10817;C;Increased WIP (5);57;71;17,5
10818;C;Increased WIP (5);57;58;16,33
10819;C;Increased WIP (5);58;55;16,31
10820;C;Increased WIP (5);58;60;15,15
10821;C;Increased WIP (5);55;67;17,9
10822;C;Increased WIP (5);69;47;15,58
10823;C;Increased WIP (5);57;64;15,75
10824;C;Increased WIP (5);57;62;16,75
10825;C;Increased WIP (5);61;56;15,5
10826;C;Increased WIP (5);55;54;17,5
10827;C;Increased WIP (5);58;58;16,15
10828;C;Increased WIP (5);58;46;16,23
10829;C;Increased WIP (5);51;72;17,83
10830;C;Increased WIP (5);64;49;16,21
10831;C;Increased WIP (5);55;55;17,9
10832;C;Increased WIP (5);58;49;15,62
10833;C;Increased WIP (5);51;72;18,83
10834;C;Increased WIP (5);54;56;18,11
10835;C;Increased WIP (5);65;50;15,5
10836;C;Increased WIP (5);58;59;16,08
10837;C;Increased WIP (5);63;52;15,39
10838;C;Increased WIP (5);58;56;16,54
10839;C;Increased WIP (5);56;49;15,64
10840;C;Increased WIP (5);57;70;16,83
10841;C;Increased WIP (5);60;44;16,07
10842;C;Increased WIP (5);61;47;15,69
10843;C;Increased WIP (5);61;60;16,31
10844;C;Increased WIP (5);61;57;16,06
10845;C;Increased WIP (5);55;61;18
10846;C;Increased WIP (5);57;52;17,08
10847;C;Increased WIP (5);48;67;20
10848;C;Increased WIP (5);61;54;15,62
10849;C;Increased WIP (5);59;53;15,93
10850;C;Increased WIP (5);57;72;16,25
10851;C;Increased WIP (5);65;38;13,75
10852;C;Increased WIP (5);60;54;16,13
10853;C;Increased WIP (5);51;55;17,33
10854;C;Increased WIP (5);54;43;16,33
10855;C;Increased WIP (5);58;55;16,77
10856;C;Increased WIP (5);56;66;16,45
10857;C;Increased WIP (5);58;62;17,38
10858;C;Increased WIP (5);59;65;17,29
10859;C;Increased WIP (5);54;64;18,44
10860;C;Increased WIP (5);60;55;16,07
10861;C;Increased WIP (5);60;65;16,47
10862;C;Increased WIP (5);48;69;20
10863;C;Increased WIP (5);66;56;15,71
10864;C;Increased WIP (5);58;48;16
10865;C;Increased WIP (5);55;72;17,5
10866;C;Increased WIP (5);54;52;18,44
10867;C;Increased WIP (5);58;58;16,31
10868;C;Increased WIP (5);62;56;15,94
10869;C;Increased WIP (5);66;57;15,71
10870;C;Increased WIP (5);53;56;18,38
10871;C;Increased WIP (5);56;70;18,27
10872;C;Increased WIP (5);48;62;20
10873;C;Increased WIP (5);61;63;16,19
10874;C;Increased WIP (5);56;57;17
10875;C;Increased WIP (5);60;56;15,6
10876;C;Increased WIP (5);56;62;15,64
10877;C;Increased WIP (5);51;68;18
10878;C;Increased WIP (5);51;61;16,5
10879;C;Increased WIP (5);57;50;15,83
10880;C;Increased WIP (5);59;50;15,07
10881;C;Increased WIP (5);54;72;17,56
10882;C;Increased WIP (5);59;52;17,07
10883;C;Increased WIP (5);60;42;16,6
10884;C;Increased WIP (5);55;58;18,6
10885;C;Increased WIP (5);49;58;19
10886;C;Increased WIP (5);58;44;16,46
10887;C;Increased WIP (5);54;63;17,11
10888;C;Increased WIP (5);53;59;16,88
10889;C;Increased WIP (5);50;65;18,6
10890;C;Increased WIP (5);57;58;16,75
10891;C;Increased WIP (5);57;60;17,5
10892;C;Increased WIP (5);56;62;16,36
10893;C;Increased WIP (5);58;47;17,85
10894;C;Increased WIP (5);56;48;17
10895;C;Increased WIP (5);63;58;16,72
10896;C;Increased WIP (5);56;48;15,36
10897;C;Increased WIP (5);55;62;16,9
10898;C;Increased WIP (5);55;67;17,6
10899;C;Increased WIP (5);61;54;16
10900;C;Increased WIP (5);60;57;17,13
10901;C;Increased WIP (5);60;45;15,27
10902;C;Increased WIP (5);57;62;16,5
10903;C;Increased WIP (5);56;47;15,55
10904;C;Increased WIP (5);59;46;17
10905;C;Increased WIP (5);57;63;16
10906;C;Increased WIP (5);57;62;16,75
10907;C;Increased WIP (5);51;53;18,67
10908;C;Increased WIP (5);50;60;18,4
10909;C;Increased WIP (5);59;45;15,21
10910;C;Increased WIP (5);51;61;16,67
10911;C;Increased WIP (5);53;71;18
10912;C;Increased WIP (5);59;56;16,43
10913;C;Increased WIP (5);53;64;16,88
10914;C;Increased WIP (5);56;52;18
10915;C;Increased WIP (5);51;57;18,33
10916;C;Increased WIP (5);58;49;14,85
10917;C;Increased WIP (5);62;55;15,94
10918;C;Increased WIP (5);65;46;14,85
10919;C;Increased WIP (5);58;73;15,85
10920;C;Increased WIP (5);61;56;16,12
10921;C;Increased WIP (5);52;61;18,14
10922;C;Increased WIP (5);60;62;16,53
10923;C;Increased WIP (5);59;77;17,79
10924;C;Increased WIP (5);53;61;17,88
10925;C;Increased WIP (5);54;64;18,44
10926;C;Increased WIP (5);56;67;17,09
10927;C;Increased WIP (5);57;63;16,83
10928;C;Increased WIP (5);62;59;17
10929;C;Increased WIP (5);56;50;17,55
10930;C;Increased WIP (5);52;78;18,14
10931;C;Increased WIP (5);62;45;15,24
10932;C;Increased WIP (5);55;57;17
10933;C;Increased WIP (5);55;60;17,9
10934;C;Increased WIP (5);56;55;18
10935;C;Increased WIP (5);58;56;17,08
10936;C;Increased WIP (5);58;57;16,08
10937;C;Increased WIP (5);58;61;17,62
10938;C;Increased WIP (5);53;62;18,38
10939;C;Increased WIP (5);60;58;15,53
10940;C;Increased WIP (5);65;55;13,65
10941;C;Increased WIP (5);56;59;18,27
10942;C;Increased WIP (5);55;57;17,5
10943;C;Increased WIP (5);61;51;15,62
10944;C;Increased WIP (5);57;48;16,42
10945;C;Increased WIP (5);55;59;18,4
10946;C;Increased WIP (5);63;49;16,06
10947;C;Increased WIP (5);61;50;16,12
10948;C;Increased WIP (5);59;49;15,36
10949;C;Increased WIP (5);61;50;16,75
10950;C;Increased WIP (5);50;66;18,4
10951;C;Increased WIP (5);56;55;16,27
10952;C;Increased WIP (5);58;48;15,85
10953;C;Increased WIP (5);54;66;18,67
10954;C;Increased WIP (5);61;56;17,06
10955;C;Increased WIP (5);57;59;18,5
10956;C;Increased WIP (5);53;58;18,25
10957;C;Increased WIP (5);59;54;15,79
10958;C;Increased WIP (5);57;64;17,67
10959;C;Increased WIP (5);57;72;17,58
10960;C;Increased WIP (5);63;37;16,78
10961;C;Increased WIP (5);62;52;16,71
10962;C;Increased WIP (5);52;61;18,29
10963;C;Increased WIP (5);50;62;18,8
10964;C;Increased WIP (5);57;59;16,33
10965;C;Increased WIP (5);59;59;15,5
10966;C;Increased WIP (5);61;60;15,75
10967;C;Increased WIP (5);48;67;20
10968;C;Increased WIP (5);52;71;19,29
10969;C;Increased WIP (5);64;64;16
10970;C;Increased WIP (5);59;53;15,14
10971;C;Increased WIP (5);56;61;16,18
10972;C;Increased WIP (5);63;57;15,94
10973;C;Increased WIP (5);64;64;16,26
10974;C;Increased WIP (5);64;44;14,84
10975;C;Increased WIP (5);64;59;16,21
10976;C;Increased WIP (5);56;64;17,73
10977;C;Increased WIP (5);59;56;17,36
10978;C;Increased WIP (5);56;65;16,82
10979;C;Increased WIP (5);59;54;15,14
10980;C;Increased WIP (5);68;46;14,22
10981;C;Increased WIP (5);55;59;18,5
10982;C;Increased WIP (5);65;55;16
10983;C;Increased WIP (5);61;49;16,12
10984;C;Increased WIP (5);53;57;19
10985;C;Increased WIP (5);51;72;18,33
10986;C;Increased WIP (5);58;54;17,69
10987;C;Increased WIP (5);63;44;13,56
10988;C;Increased WIP (5);58;63;15,69
10989;C;Increased WIP (5);51;68;19,83
10990;C;Increased WIP (5);58;45;15,62
10991;C;Increased WIP (5);51;64;19,17
10992;C;Increased WIP (5);55;52;18,8
10993;C;Increased WIP (5);55;53;18,1
10994;C;Increased WIP (5);61;65;15,19
10995;C;Increased WIP (5);60;65;16,73
10996;C;Increased WIP (5);60;57;16,73
10997;C;Increased WIP (5);58;55;18,15
10998;C;Increased WIP (5);56;71;18,09
10999;C;Increased WIP (5);58;59;16,38
11000;C;Increased WIP (5);61;49;16,06
11001;C;Increased WIP (5);48;56;19
11002;C;Increased WIP (5);57;46;15,58
11003;C;Increased WIP (5);59;44;16,36
11004;C;Increased WIP (5);58;48;16,69
11005;C;Increased WIP (5);59;60;15,64
11006;C;Increased WIP (5);55;63;17,1
11007;C;Increased WIP (5);51;55;18,83
11008;C;Increased WIP (5);55;52;17,1
11009;C;Increased WIP (5);53;71;18,25
11010;C;Increased WIP (5);52;60;19,43
11011;C;Increased WIP (5);59;58;16,43
11012;C;Increased WIP (5);56;57;15,73
11013;C;Increased WIP (5);48;63;20
11014;C;Increased WIP (5);51;57;17,83
11015;C;Increased WIP (5);54;68;18,67
11016;C;Increased WIP (5);60;53;16,2
11017;C;Increased WIP (5);58;59;16,85
11018;C;Increased WIP (5);54;52;15,78
11019;C;Increased WIP (5);54;54;17,44
11020;C;Increased WIP (5);51;66;19,67
11021;C;Increased WIP (5);61;55;15,5
11022;C;Increased WIP (5);63;42;13,17
11023;C;Increased WIP (5);54;52;16,56
11024;C;Increased WIP (5);57;59;17
11025;C;Increased WIP (5);59;55;15,71
11026;C;Increased WIP (5);60;65;16,27
11027;C;Increased WIP (5);63;46;15,56
11028;C;Increased WIP (5);58;63;16,38
11029;C;Increased WIP (5);61;50;17
11030;C;Increased WIP (5);58;64;17,23
11031;C;Increased WIP (5);54;60;15,67
11032;C;Increased WIP (5);54;54;17,33
11033;C;Increased WIP (5);52;60;18
11034;C;Increased WIP (5);61;59;16,31
11035;C;Increased WIP (5);58;51;17,23
11036;C;Increased WIP (5);60;48;14,47
11037;C;Increased WIP (5);58;52;15,15
11038;C;Increased WIP (5);59;59;15,79
11039;C;Increased WIP (5);61;47;17
11040;C;Increased WIP (5);60;68;16,4
11041;C;Increased WIP (5);55;64;18,6
11042;C;Increased WIP (5);55;60;16,7
11043;C;Increased WIP (5);60;71;16,53
11044;C;Increased WIP (5);55;47;17,5
11045;C;Increased WIP (5);59;55;15,71
11046;C;Increased WIP (5);61;52;15,69
11047;C;Increased WIP (5);56;60;18
11048;C;Increased WIP (5);46;68;20
11049;C;Increased WIP (5);61;61;16,56
11050;C;Increased WIP (5);55;70;17,3
11051;C;Increased WIP (5);64;52;15,21
11052;C;Increased WIP (5);59;51;17,71
11053;C;Increased WIP (5);55;60;17
11054;C;Increased WIP (5);62;49;17,35
11055;C;Increased WIP (5);58;54;17,54
11056;C;Increased WIP (5);59;50;16,93
11057;C;Increased WIP (5);57;61;16,67
11058;C;Increased WIP (5);54;62;17,22
11059;C;Increased WIP (5);61;57;15,25
11060;C;Increased WIP (5);56;63;17,09
11061;C;Increased WIP (5);61;43;16,12
11062;C;Increased WIP (5);56;56;18,18
11063;C;Increased WIP (5);60;48;15,33
11064;C;Increased WIP (5);51;73;18,5
11065;C;Increased WIP (5);51;58;18,17
11066;C;Increased WIP (5);52;53;17,86
11067;C;Increased WIP (5);60;61;16,13
11068;C;Increased WIP (5);58;71;18,31
11069;C;Increased WIP (5);56;54;15,73
11070;C;Increased WIP (5);57;59;16,5
11071;C;Increased WIP (5);54;68;18
11072;C;Increased WIP (5);61;54;16,62
11073;C;Increased WIP (5);52;71;19,71
11074;C;Increased WIP (5);58;55;15,77
11075;C;Increased WIP (5);59;56;17,07
11076;C;Increased WIP (5);66;42;14,57
11077;C;Increased WIP (5);61;51;16,81
11078;C;Increased WIP (5);53;76;17,5
11079;C;Increased WIP (5);58;65;16,08
11080;C;Increased WIP (5);56;49;17,27
11081;C;Increased WIP (5);60;54;14,67
11082;C;Increased WIP (5);62;53;15,65
11083;C;Increased WIP (5);63;58;17,06
11084;C;Increased WIP (5);57;54;16,5
11085;C;Increased WIP (5);61;57;15,5
11086;C;Increased WIP (5);58;44;15,85
11087;C;Increased WIP (5);44;75;0
11088;C;Increased WIP (5);56;74;16,64
11089;C;Increased WIP (5);62;58;17,29
11090;C;Increased WIP (5);54;58;17,33
11091;C;Increased WIP (5);55;67;18,2
11092;C;Increased WIP (5);59;56;15,57
11093;C;Increased WIP (5);60;43;14,93
11094;C;Increased WIP (5);48;77;19
11095;C;Increased WIP (5);64;49;16,32
11096;C;Increased WIP (5);49;67;19,75
11097;C;Increased WIP (5);58;58;16,38
11098;C;Increased WIP (5);65;50;15,2
11099;C;Increased WIP (5);51;52;19,33
11100;C;Increased WIP (5);55;63;17,6
11101;C;Increased WIP (5);64;64;16
11102;C;Increased WIP (5);56;73;15,82
11103;C;Increased WIP (5);57;63;16,58
11104;C;Increased WIP (5);51;58;17,17
11105;C;Increased WIP (5);61;51;17,38
11106;C;Increased WIP (5);59;51;16
11107;C;Increased WIP (5);55;60;16,3
11108;C;Increased WIP (5);58;63;16
11109;C;Increased WIP (5);57;54;14,58
11110;C;Increased WIP (5);54;69;17,33
11111;C;Increased WIP (5);60;48;15,87
11112;C;Increased WIP (5);51;62;19,33
11113;C;Increased WIP (5);52;82;17,86
11114;C;Increased WIP (5);61;54;16,75
11115;C;Increased WIP (5);52;56;18,14
11116;C;Increased WIP (5);55;50;17,6
11117;C;Increased WIP (5);49;67;19,75
11118;C;Increased WIP (5);64;39;14,53
11119;C;Increased WIP (5);55;46;17,2
11120;C;Increased WIP (5);60;67;15,53
11121;C;Increased WIP (5);61;52;16,88
11122;C;Increased WIP (5);59;62;16,79
11123;C;Increased WIP (5);58;40;16,38
11124;C;Increased WIP (5);57;52;16,17
11125;C;Increased WIP (5);62;59;15,12
11126;C;Increased WIP (5);58;57;18,15
11127;C;Increased WIP (5);56;43;16,27
11128;C;Increased WIP (5);48;68;19,67
11129;C;Increased WIP (5);52;56;18,71
11130;C;Increased WIP (5);55;72;17
11131;C;Increased WIP (5);58;62;17,08
11132;C;Increased WIP (5);56;63;16,82
11133;C;Increased WIP (5);51;66;18,83
11134;C;Increased WIP (5);52;44;17,71
11135;C;Increased WIP (5);58;68;16,85
11136;C;Increased WIP (5);62;52;15,29
11137;C;Increased WIP (5);57;46;16,67
11138;C;Increased WIP (5);61;58;17,62
11139;C;Increased WIP (5);57;60;17,08
11140;C;Increased WIP (5);58;53;15,46
11141;C;Increased WIP (5);61;70;17,38
11142;C;Increased WIP (5);55;55;16,6
11143;C;Increased WIP (5);60;61;16,33
11144;C;Increased WIP (5);54;46;17,56
11145;C;Increased WIP (5);55;63;16,9
11146;C;Increased WIP (5);51;62;17,67
11147;C;Increased WIP (5);49;58;18,5
11148;C;Increased WIP (5);57;52;15,5
11149;C;Increased WIP (5);53;73;17,12
11150;C;Increased WIP (5);62;59;14,88
11151;C;Increased WIP (5);61;55;16,56
11152;C;Increased WIP (5);53;68;17,12
11153;C;Increased WIP (5);57;60;15,83
11154;C;Increased WIP (5);62;74;16,12
11155;C;Increased WIP (5);57;51;16,58
11156;C;Increased WIP (5);63;59;16
11157;C;Increased WIP (5);64;42;16,42
11158;C;Increased WIP (5);62;55;15,35
11159;C;Increased WIP (5);61;57;17
11160;C;Increased WIP (5);57;61;17,75
11161;C;Increased WIP (5);57;70;16,75
11162;C;Increased WIP (5);58;62;15,77
11163;C;Increased WIP (5);60;52;16,47
11164;C;Increased WIP (5);52;65;18,43
11165;C;Increased WIP (5);56;57;16,73
11166;C;Increased WIP (5);50;84;19,6
11167;C;Increased WIP (5);57;67;16,58
11168;C;Increased WIP (5);60;43;15,07
11169;C;Increased WIP (5);56;60;18,55
11170;C;Increased WIP (5);57;46;17,75
11171;C;Increased WIP (5);59;67;17,07
11172;C;Increased WIP (5);54;55;17,78
11173;C;Increased WIP (5);57;59;18,5
11174;C;Increased WIP (5);64;55;15,95
11175;C;Increased WIP (5);54;41;17
11176;C;Increased WIP (5);55;45;17,4
11177;C;Increased WIP (5);52;55;19
11178;C;Increased WIP (5);55;53;18
11179;C;Increased WIP (5);55;63;17,2
11180;C;Increased WIP (5);55;62;17,5
11181;C;Increased WIP (5);54;49;17,22
11182;C;Increased WIP (5);54;67;19,11
11183;C;Increased WIP (5);52;72;18,57
11184;C;Increased WIP (5);57;72;17,08
11185;C;Increased WIP (5);54;65;17,89
11186;C;Increased WIP (5);62;58;15,47
11187;C;Increased WIP (5);55;62;16,7
11188;C;Increased WIP (5);58;62;17,15
11189;C;Increased WIP (5);58;55;16,62
11190;C;Increased WIP (5);59;52;15,57
11191;C;Increased WIP (5);50;70;18,8
11192;C;Increased WIP (5);57;55;17,58
11193;C;Increased WIP (5);58;54;15,46
11194;C;Increased WIP (5);56;57;17
11195;C;Increased WIP (5);53;67;18,5
11196;C;Increased WIP (5);58;62;15,46
11197;C;Increased WIP (5);61;54;15
11198;C;Increased WIP (5);62;69;16,35
11199;C;Increased WIP (5);56;49;15,91
11200;C;Increased WIP (5);59;36;16,79
11201;C;Increased WIP (5);58;70;17,69
11202;C;Increased WIP (5);64;57;15,58
11203;C;Increased WIP (5);49;79;18,5
11204;C;Increased WIP (5);59;58;17,5
11205;C;Increased WIP (5);57;64;17,33
11206;C;Increased WIP (5);49;62;18,75
11207;C;Increased WIP (5);54;58;16,78
11208;C;Increased WIP (5);57;47;17
11209;C;Increased WIP (5);60;72;16,6
11210;C;Increased WIP (5);64;56;16,05
11211;C;Increased WIP (5);58;55;15,69
11212;C;Increased WIP (5);56;67;17,82
11213;C;Increased WIP (5);47;66;20
11214;C;Increased WIP (5);55;43;17
11215;C;Increased WIP (5);56;66;18,64
11216;C;Increased WIP (5);57;61;17,58
11217;C;Increased WIP (5);52;63;17,43
11218;C;Increased WIP (5);56;61;18,55
11219;C;Increased WIP (5);62;52;15,53
11220;C;Increased WIP (5);56;69;16,36
11221;C;Increased WIP (5);55;59;17,5
11222;C;Increased WIP (5);57;63;17,17
11223;C;Increased WIP (5);55;66;17,6
11224;C;Increased WIP (5);59;61;16,86
11225;C;Increased WIP (5);63;44;14,44
11226;C;Increased WIP (5);56;59;17,55
11227;C;Increased WIP (5);57;63;15,58
11228;C;Increased WIP (5);52;58;17,43
11229;C;Increased WIP (5);58;57;16,54
11230;C;Increased WIP (5);51;55;19
11231;C;Increased WIP (5);54;57;18,67
11232;C;Increased WIP (5);59;53;17,07
11233;C;Increased WIP (5);54;64;18,67
11234;C;Increased WIP (5);52;62;17,29
11235;C;Increased WIP (5);62;54;16,59
11236;C;Increased WIP (5);66;62;15,24
11237;C;Increased WIP (5);55;77;17,6
11238;C;Increased WIP (5);62;45;14,41
11239;C;Increased WIP (5);59;53;15,93
11240;C;Increased WIP (5);49;53;19,5
11241;C;Increased WIP (5);62;47;13,47
11242;C;Increased WIP (5);59;52;14,57
11243;C;Increased WIP (5);62;46;14,65
11244;C;Increased WIP (5);54;67;18,22
11245;C;Increased WIP (5);57;61;16,58
11246;C;Increased WIP (5);55;52;16,3
11247;C;Increased WIP (5);55;50;16,6
11248;C;Increased WIP (5);63;56;14,44
11249;C;Increased WIP (5);51;54;18
11250;C;Increased WIP (5);59;64;18,07
11251;C;Increased WIP (5);55;59;17,3
11252;C;Increased WIP (5);55;56;17,7
11253;C;Increased WIP (5);61;44;16
11254;C;Increased WIP (5);59;57;14,86
11255;C;Increased WIP (5);62;44;16,18
11256;C;Increased WIP (5);59;58;17,07
11257;C;Increased WIP (5);53;52;17,25
11258;C;Increased WIP (5);55;55;16,8
11259;C;Increased WIP (5);63;39;14,06
11260;C;Increased WIP (5);54;60;16,89
11261;C;Increased WIP (5);56;60;16,27
11262;C;Increased WIP (5);60;64;15,27
11263;C;Increased WIP (5);52;64;18
11264;C;Increased WIP (5);63;56;14,33
11265;C;Increased WIP (5);59;49;16,36
11266;C;Increased WIP (5);56;67;17,73
11267;C;Increased WIP (5);55;58;17
11268;C;Increased WIP (5);64;65;16,68
11269;C;Increased WIP (5);57;60;16,58
11270;C;Increased WIP (5);59;50;16,93
11271;C;Increased WIP (5);56;80;18,36
11272;C;Increased WIP (5);52;60;17,14
11273;C;Increased WIP (5);54;60;16,33
11274;C;Increased WIP (5);47;73;19,5
11275;C;Increased WIP (5);57;55;18,42
11276;C;Increased WIP (5);58;52;16,69
11277;C;Increased WIP (5);53;50;18,38
11278;C;Increased WIP (5);55;51;17,9
11279;C;Increased WIP (5);51;56;18,67
11280;C;Increased WIP (5);53;66;18,5
11281;C;Increased WIP (5);58;63;15,08
11282;C;Increased WIP (5);58;60;16,08
11283;C;Increased WIP (5);58;50;16,85
11284;C;Increased WIP (5);59;55;17,5
11285;C;Increased WIP (5);56;59;17,73
11286;C;Increased WIP (5);64;50;15,68
11287;C;Increased WIP (5);53;49;18,5
11288;C;Increased WIP (5);63;57;16,83
11289;C;Increased WIP (5);63;40;13,61
11290;C;Increased WIP (5);58;55;16,69
11291;C;Increased WIP (5);59;68;16,14
11292;C;Increased WIP (5);46;69;20
11293;C;Increased WIP (5);54;63;18
11294;C;Increased WIP (5);59;51;14,07
11295;C;Increased WIP (5);61;62;15,69
11296;C;Increased WIP (5);58;49;16,92
11297;C;Increased WIP (5);51;61;18
11298;C;Increased WIP (5);55;64;17,6
11299;C;Increased WIP (5);56;61;16,18
11300;C;Increased WIP (5);57;65;16,92
11301;C;Increased WIP (5);55;62;15,9
11302;C;Increased WIP (5);57;61;16,75
11303;C;Increased WIP (5);58;54;16,62
11304;C;Increased WIP (5);55;54;18,2
11305;C;Increased WIP (5);61;43;13,81
11306;C;Increased WIP (5);49;72;19,5
11307;C;Increased WIP (5);52;53;17
11308;C;Increased WIP (5);53;57;17,88
11309;C;Increased WIP (5);62;55;16,06
11310;C;Increased WIP (5);58;61;18
11311;C;Increased WIP (5);57;57;16,67
11312;C;Increased WIP (5);55;47;17,5
11313;C;Increased WIP (5);55;78;17,6
11314;C;Increased WIP (5);62;59;15,76
11315;C;Increased WIP (5);59;67;17,14
11316;C;Increased WIP (5);52;64;19,29
11317;C;Increased WIP (5);58;54;16
11318;C;Increased WIP (5);57;43;16,17
11319;C;Increased WIP (5);61;63;15,5
11320;C;Increased WIP (5);59;58;16,71
11321;C;Increased WIP (5);52;65;18,14
11322;C;Increased WIP (5);54;58;18,89
11323;C;Increased WIP (5);60;55;14,93
11324;C;Increased WIP (5);58;70;15,85
11325;C;Increased WIP (5);60;57;16,2
11326;C;Increased WIP (5);57;50;16,83
11327;C;Increased WIP (5);59;49;14,86
11328;C;Increased WIP (5);59;51;15,93
11329;C;Increased WIP (5);60;55;15,47
11330;C;Increased WIP (5);59;64;16
11331;C;Increased WIP (5);61;57;16,5
11332;C;Increased WIP (5);60;55;17,27
11333;C;Increased WIP (5);54;57;17,78
11334;C;Increased WIP (5);62;41;16,29
11335;C;Increased WIP (5);57;44;15,25
11336;C;Increased WIP (5);58;54;16,92
11337;C;Increased WIP (5);57;54;18
11338;C;Increased WIP (5);57;62;16,58
11339;C;Increased WIP (5);64;48;16,42
11340;C;Increased WIP (5);46;48;20
11341;C;Increased WIP (5);56;72;17,91
11342;C;Increased WIP (5);53;68;18,38
11343;C;Increased WIP (5);57;73;17
11344;C;Increased WIP (5);57;70;17,42
11345;C;Increased WIP (5);60;63;15,47
11346;C;Increased WIP (5);49;69;18
11347;C;Increased WIP (5);57;62;16,67
11348;C;Increased WIP (5);62;50;17
11349;C;Increased WIP (5);56;53;15,82
11350;C;Increased WIP (5);56;72;16,27
11351;C;Increased WIP (5);54;65;17,56
11352;C;Increased WIP (5);46;78;20
11353;C;Increased WIP (5);53;71;18,62
11354;C;Increased WIP (5);56;56;17,27
11355;C;Increased WIP (5);54;67;18,56
11356;C;Increased WIP (5);64;46;15
11357;C;Increased WIP (5);53;74;18
11358;C;Increased WIP (5);58;63;17,69
11359;C;Increased WIP (5);55;61;16,8
11360;C;Increased WIP (5);61;68;17
11361;C;Increased WIP (5);61;41;16,88
11362;C;Increased WIP (5);55;51;17,3
11363;C;Increased WIP (5);57;66;15,83
11364;C;Increased WIP (5);60;44;15,13
11365;C;Increased WIP (5);58;55;15,77
11366;C;Increased WIP (5);60;53;16,47
11367;C;Increased WIP (5);59;47;16,36
11368;C;Increased WIP (5);57;55;17,58
11369;C;Increased WIP (5);48;72;18,67
11370;C;Increased WIP (5);56;66;18,45
11371;C;Increased WIP (5);61;51;16,19
11372;C;Increased WIP (5);63;45;13
11373;C;Increased WIP (5);62;44;16,65
11374;C;Increased WIP (5);61;58;17
11375;C;Increased WIP (5);53;73;17,62
11376;C;Increased WIP (5);51;60;18,17
11377;C;Increased WIP (5);54;72;17
11378;C;Increased WIP (5);50;54;18,8
11379;C;Increased WIP (5);53;71;17,88
11380;C;Increased WIP (5);54;46;17,33
11381;C;Increased WIP (5);62;51;16,06
11382;C;Increased WIP (5);58;65;17,38
11383;C;Increased WIP (5);53;59;17,5
11384;C;Increased WIP (5);55;64;17,5
11385;C;Increased WIP (5);56;55;17,36
11386;C;Increased WIP (5);57;58;16,83
11387;C;Increased WIP (5);57;58;17,33
11388;C;Increased WIP (5);61;58;15,44
11389;C;Increased WIP (5);59;56;16,36
11390;C;Increased WIP (5);59;66;15,57
11391;C;Increased WIP (5);60;70;16,4
11392;C;Increased WIP (5);53;76;18,5
11393;C;Increased WIP (5);56;53;17,27
11394;C;Increased WIP (5);57;62;16,92
11395;C;Increased WIP (5);60;52;17,07
11396;C;Increased WIP (5);61;51;15,25
11397;C;Increased WIP (5);56;62;18,27
11398;C;Increased WIP (5);59;60;16,36
11399;C;Increased WIP (5);63;61;16,22
11400;C;Increased WIP (5);57;56;17,83
11401;C;Increased WIP (5);60;56;16,27
11402;C;Increased WIP (5);54;55;17,56
11403;C;Increased WIP (5);62;47;15,76
11404;C;Increased WIP (5);60;55;16,93
11405;C;Increased WIP (5);56;56;18,27
11406;C;Increased WIP (5);63;43;14,44
11407;C;Increased WIP (5);58;52;18,38
11408;C;Increased WIP (5);51;78;18,17
11409;C;Increased WIP (5);59;49;17,14
11410;C;Increased WIP (5);50;71;18,2
11411;C;Increased WIP (5);50;63;17,8
11412;C;Increased WIP (5);51;71;19,5
11413;C;Increased WIP (5);60;63;16,2
11414;C;Increased WIP (5);56;51;16
11415;C;Increased WIP (5);53;66;18
11416;C;Increased WIP (5);56;41;15,64
11417;C;Increased WIP (5);54;61;16,78
11418;C;Increased WIP (5);59;52;17,36
11419;C;Increased WIP (5);57;62;14,58
11420;C;Increased WIP (5);58;48;17,46
11421;C;Increased WIP (5);60;50;16,67
11422;C;Increased WIP (5);56;55;17,82
11423;C;Increased WIP (5);54;53;17,89
11424;C;Increased WIP (5);50;66;19
11425;C;Increased WIP (5);59;58;17,14
11426;C;Increased WIP (5);60;43;15,93
11427;C;Increased WIP (5);54;60;17,11
11428;C;Increased WIP (5);55;53;17,4
11429;C;Increased WIP (5);59;54;16,29
11430;C;Increased WIP (5);57;61;17,58
11431;C;Increased WIP (5);57;48;15,5
11432;C;Increased WIP (5);60;52;17,33
11433;C;Increased WIP (5);59;67;16,71
11434;C;Increased WIP (5);65;43;15,65
11435;C;Increased WIP (5);60;44;14,53
11436;C;Increased WIP (5);56;55;17,82
11437;C;Increased WIP (5);51;71;19
11438;C;Increased WIP (5);58;59;16,77
11439;C;Increased WIP (5);64;40;12,42
11440;C;Increased WIP (5);63;51;14,56
11441;C;Increased WIP (5);57;53;17
11442;C;Increased WIP (5);61;53;15,81
11443;C;Increased WIP (5);59;59;17,07
11444;C;Increased WIP (5);58;70;16,23
11445;C;Increased WIP (5);52;63;17,57
11446;C;Increased WIP (5);60;54;16,47
11447;C;Increased WIP (5);57;40;15,75
11448;C;Increased WIP (5);55;62;16,5
11449;C;Increased WIP (5);54;50;16,33
11450;C;Increased WIP (5);58;64;17,38
11451;C;Increased WIP (5);59;55;16
11452;C;Increased WIP (5);62;56;15,29
11453;C;Increased WIP (5);54;59;17,67
11454;C;Increased WIP (5);51;66;18,5
11455;C;Increased WIP (5);52;46;18,71
11456;C;Increased WIP (5);57;64;16,75
11457;C;Increased WIP (5);61;53;15,44
11458;C;Increased WIP (5);54;65;17,44
11459;C;Increased WIP (5);66;50;15,57
11460;C;Increased WIP (5);58;50;15,31
11461;C;Increased WIP (5);52;66;19,14
11462;C;Increased WIP (5);62;47;14,41
11463;C;Increased WIP (5);52;65;18,57
11464;C;Increased WIP (5);64;60;16,05
11465;C;Increased WIP (5);54;55;17
11466;C;Increased WIP (5);65;59;15,55
11467;C;Increased WIP (5);53;66;16,62
11468;C;Increased WIP (5);55;63;17,5
11469;C;Increased WIP (5);54;62;17,78
11470;C;Increased WIP (5);57;40;16,58
11471;C;Increased WIP (5);55;69;16,8
11472;C;Increased WIP (5);53;73;17,5
11473;C;Increased WIP (5);57;64;17,08
11474;C;Increased WIP (5);58;53;17
11475;C;Increased WIP (5);58;59;17,38
11476;C;Increased WIP (5);59;52;17,29
11477;C;Increased WIP (5);59;57;15
11478;C;Increased WIP (5);53;63;17
11479;C;Increased WIP (5);54;67;18,78
11480;C;Increased WIP (5);58;45;16
11481;C;Increased WIP (5);60;55;16,6
11482;C;Increased WIP (5);53;58;18
11483;C;Increased WIP (5);62;56;15,24
11484;C;Increased WIP (5);50;58;18,8
11485;C;Increased WIP (5);52;46;17,29
11486;C;Increased WIP (5);51;62;19,5
11487;C;Increased WIP (5);52;71;18,14
11488;C;Increased WIP (5);60;59;16,73
11489;C;Increased WIP (5);54;67;16,78
11490;C;Increased WIP (5);56;60;16,82
11491;C;Increased WIP (5);57;65;17
11492;C;Increased WIP (5);61;47;14,94
11493;C;Increased WIP (5);63;63;16,78
11494;C;Increased WIP (5);57;61;17,33
11495;C;Increased WIP (5);57;54;17,42
11496;C;Increased WIP (5);64;61;14,84
11497;C;Increased WIP (5);55;67;17,8
11498;C;Increased WIP (5);53;58;17,38
11499;C;Increased WIP (5);59;65;15,57
11500;C;Increased WIP (5);52;61;17
11501;C;Increased WIP (5);63;61;14,78
11502;C;Increased WIP (5);60;44;15,47
11503;C;Increased WIP (5);59;62;16,07
11504;C;Increased WIP (5);57;65;17,67
11505;C;Increased WIP (5);53;56;18,12
11506;C;Increased WIP (5);53;59;18,88
11507;C;Increased WIP (5);65;50;15,9
11508;C;Increased WIP (5);56;59;17,82
11509;C;Increased WIP (5);56;72;18,09
11510;C;Increased WIP (5);57;55;16,17
11511;C;Increased WIP (5);59;58;17,07
11512;C;Increased WIP (5);56;56;15
11513;C;Increased WIP (5);58;54;16,46
11514;C;Increased WIP (5);53;69;18
11515;C;Increased WIP (5);48;72;19,67
11516;C;Increased WIP (5);55;61;17,2
11517;C;Increased WIP (5);59;62;16,14
11518;C;Increased WIP (5);56;73;17,73
11519;C;Increased WIP (5);62;49;15,65
11520;C;Increased WIP (5);59;56;15,21
11521;C;Increased WIP (5);56;54;16,45
11522;C;Increased WIP (5);51;76;19,67
11523;C;Increased WIP (5);65;52;14,9
11524;C;Increased WIP (5);55;63;16,8
11525;C;Increased WIP (5);67;46;14,68
11526;C;Increased WIP (5);57;62;15,83
11527;C;Increased WIP (5);46;74;20
11528;C;Increased WIP (5);59;53;16,57
11529;C;Increased WIP (5);62;48;14,59
11530;C;Increased WIP (5);56;60;17,91
11531;C;Increased WIP (5);53;64;18
11532;C;Increased WIP (5);60;56;15,8
11533;C;Increased WIP (5);50;69;18
11534;C;Increased WIP (5);58;65;16,62
11535;C;Increased WIP (5);58;54;15,69
11536;C;Increased WIP (5);57;61;15,83
11537;C;Increased WIP (5);49;61;19,25
11538;C;Increased WIP (5);62;49;16,71
11539;C;Increased WIP (5);63;46;16,22
11540;C;Increased WIP (5);55;59;17,6
11541;C;Increased WIP (5);61;56;16,81
11542;C;Increased WIP (5);61;44;17,06
11543;C;Increased WIP (5);53;65;17,62
11544;C;Increased WIP (5);54;65;15,67
11545;C;Increased WIP (5);59;60;16,21
11546;C;Increased WIP (5);57;46;17,33
11547;C;Increased WIP (5);53;64;17,62
11548;C;Increased WIP (5);57;54;16,83
11549;C;Increased WIP (5);55;68;17,7
11550;C;Increased WIP (5);55;65;15,5
11551;C;Increased WIP (5);58;62;17,62
11552;C;Increased WIP (5);53;53;17
11553;C;Increased WIP (5);56;65;17,82
11554;C;Increased WIP (5);57;52;17,33
11555;C;Increased WIP (5);61;52;15,88
11556;C;Increased WIP (5);52;64;18
11557;C;Increased WIP (5);57;59;15,67
11558;C;Increased WIP (5);63;48;13,61
11559;C;Increased WIP (5);56;51;15,73
11560;C;Increased WIP (5);58;60;17,08
11561;C;Increased WIP (5);63;51;14,72
11562;C;Increased WIP (5);57;64;17,75
11563;C;Increased WIP (5);57;56;17,08
11564;C;Increased WIP (5);56;49;15,73
11565;C;Increased WIP (5);56;61;17
11566;C;Increased WIP (5);60;54;16,07
11567;C;Increased WIP (5);61;55;17,19
11568;C;Increased WIP (5);53;73;18,12
11569;C;Increased WIP (5);52;58;18,43
11570;C;Increased WIP (5);56;77;16,91
11571;C;Increased WIP (5);63;40;16,33
11572;C;Increased WIP (5);58;69;16,31
11573;C;Increased WIP (5);64;61;15,84
11574;C;Increased WIP (5);66;49;13,62
11575;C;Increased WIP (5);60;53;16,13
11576;C;Increased WIP (5);52;76;19,29
11577;C;Increased WIP (5);58;38;15,77
11578;C;Increased WIP (5);52;65;17,86
11579;C;Increased WIP (5);63;58;14,89
11580;C;Increased WIP (5);51;57;18,67
11581;C;Increased WIP (5);57;66;15,58
11582;C;Increased WIP (5);56;62;17,82
11583;C;Increased WIP (5);65;48;16,6
11584;C;Increased WIP (5);60;56;17,13
11585;C;Increased WIP (5);51;65;18,5
11586;C;Increased WIP (5);61;50;16,75
11587;C;Increased WIP (5);58;59;15,15
11588;C;Increased WIP (5);54;61;18
11589;C;Increased WIP (5);59;53;16,07
11590;C;Increased WIP (5);56;57;17,64
11591;C;Increased WIP (5);51;63;18,33
11592;C;Increased WIP (5);60;55;15,93
11593;C;Increased WIP (5);56;68;18,27
11594;C;Increased WIP (5);60;50;17,53
11595;C;Increased WIP (5);52;70;18,43
11596;C;Increased WIP (5);60;61;15,53
11597;C;Increased WIP (5);61;51;15,69
11598;C;Increased WIP (5);52;72;17,86
11599;C;Increased WIP (5);61;45;16,56
11600;C;Increased WIP (5);59;48;15,5
11601;C;Increased WIP (5);59;69;17
11602;C;Increased WIP (5);54;63;19
11603;C;Increased WIP (5);57;63;18
11604;C;Increased WIP (5);57;46;17,08
11605;C;Increased WIP (5);52;75;17,86
11606;C;Increased WIP (5);46;65;20
11607;C;Increased WIP (5);58;67;16,15
11608;C;Increased WIP (5);56;63;18,55
11609;C;Increased WIP (5);55;69;16,9
11610;C;Increased WIP (5);62;64;17
11611;C;Increased WIP (5);57;57;17,5
11612;C;Increased WIP (5);63;56;15,67
11613;C;Increased WIP (5);65;46;15,3
11614;C;Increased WIP (5);62;44;15,71
11615;C;Increased WIP (5);57;45;16,92
11616;C;Increased WIP (5);46;73;20
11617;C;Increased WIP (5);54;71;18,44
11618;C;Increased WIP (5);57;63;15,92
11619;C;Increased WIP (5);62;59;13,88
11620;C;Increased WIP (5);59;52;16,57
11621;C;Increased WIP (5);52;61;16,43
11622;C;Increased WIP (5);56;53;16,45
11623;C;Increased WIP (5);57;50;17,33
11624;C;Increased WIP (5);60;59;17,07
11625;C;Increased WIP (5);65;58;15,55
11626;C;Increased WIP (5);60;73;17,07
11627;C;Increased WIP (5);58;58;15,69
11628;C;Increased WIP (5);50;55;18,2
11629;C;Increased WIP (5);55;70;17,3
11630;C;Increased WIP (5);56;50;17,09
11631;C;Increased WIP (5);52;53;18,71
11632;C;Increased WIP (5);52;64;17,71
11633;C;Increased WIP (5);58;73;17,46
11634;C;Increased WIP (5);55;74;16,5
11635;C;Increased WIP (5);54;73;17,33
11636;C;Increased WIP (5);53;61;16,25
11637;C;Increased WIP (5);59;53;16,79
11638;C;Increased WIP (5);58;60;16
11639;C;Increased WIP (5);58;59;16,54
11640;C;Increased WIP (5);61;52;14,75
11641;C;Increased WIP (5);63;54;15,83
11642;C;Increased WIP (5);61;52;16,19
11643;C;Increased WIP (5);62;65;16,65
11644;C;Increased WIP (5);54;42;17,56
11645;C;Increased WIP (5);56;68;17,45
11646;C;Increased WIP (5);59;58;16,71
11647;C;Increased WIP (5);58;40;17,54
11648;C;Increased WIP (5);58;62;16,38
11649;C;Increased WIP (5);57;54;16,17
11650;C;Increased WIP (5);58;70;17,46
11651;C;Increased WIP (5);57;70;16,33
11652;C;Increased WIP (5);54;57;18,78
11653;C;Increased WIP (5);55;60;14,4
11654;C;Increased WIP (5);62;55;15,71
11655;C;Increased WIP (5);55;59;17,9
11656;C;Increased WIP (5);55;65;17,3
11657;C;Increased WIP (5);57;60;15,83
11658;C;Increased WIP (5);58;58;17,08
11659;C;Increased WIP (5);63;43;15,44
11660;C;Increased WIP (5);60;57;17,4
11661;C;Increased WIP (5);60;63;16
11662;C;Increased WIP (5);69;54;14,71
11663;C;Increased WIP (5);51;54;19
11664;C;Increased WIP (5);62;63;16,71
11665;C;Increased WIP (5);59;65;16,79
11666;C;Increased WIP (5);55;64;17,7
11667;C;Increased WIP (5);49;64;19,25
11668;C;Increased WIP (5);54;48;16,11
11669;C;Increased WIP (5);54;65;18,89
11670;C;Increased WIP (5);51;80;17,83
11671;C;Increased WIP (5);62;49;14,71
11672;C;Increased WIP (5);51;60;19,67
11673;C;Increased WIP (5);56;66;18,55
11674;C;Increased WIP (5);56;60;17,27
11675;C;Increased WIP (5);60;60;16,4
11676;C;Increased WIP (5);59;63;17,57
11677;C;Increased WIP (5);58;63;17,46
11678;C;Increased WIP (5);53;68;17,5
11679;C;Increased WIP (5);59;59;16,93
11680;C;Increased WIP (5);59;45;16,07
11681;C;Increased WIP (5);52;66;16,86
11682;C;Increased WIP (5);56;65;17,45
11683;C;Increased WIP (5);50;71;18,4
11684;C;Increased WIP (5);50;58;18,6
11685;C;Increased WIP (5);60;63;16,8
11686;C;Increased WIP (5);62;47;15,65
11687;C;Increased WIP (5);59;55;16,43
11688;C;Increased WIP (5);48;69;20
11689;C;Increased WIP (5);57;56;14,92
11690;C;Increased WIP (5);58;49;16,62
11691;C;Increased WIP (5);56;63;17,45
11692;C;Increased WIP (5);50;61;19,2
11693;C;Increased WIP (5);60;60;17,47
11694;C;Increased WIP (5);60;63;16,4
11695;C;Increased WIP (5);57;62;17,25
11696;C;Increased WIP (5);56;66;16,45
11697;C;Increased WIP (5);62;56;15,12
11698;C;Increased WIP (5);59;47;16,36
11699;C;Increased WIP (5);63;53;15,5
11700;C;Increased WIP (5);47;80;20
11701;C;Increased WIP (5);56;50;16,55
11702;C;Increased WIP (5);45;74;0
11703;C;Increased WIP (5);61;52;13,25
11704;C;Increased WIP (5);58;62;14,62
11705;C;Increased WIP (5);61;61;16,31
11706;C;Increased WIP (5);55;67;17,4
11707;C;Increased WIP (5);52;62;18
11708;C;Increased WIP (5);59;58;16,64
11709;C;Increased WIP (5);62;52;15,94
11710;C;Increased WIP (5);56;61;16,36
11711;C;Increased WIP (5);51;71;18,33
11712;C;Increased WIP (5);54;52;17
11713;C;Increased WIP (5);61;44;14,56
11714;C;Increased WIP (5);49;62;19,5
11715;C;Increased WIP (5);58;53;16,69
11716;C;Increased WIP (5);55;61;17,3
11717;C;Increased WIP (5);55;51;16,8
11718;C;Increased WIP (5);56;59;16,82
11719;C;Increased WIP (5);55;54;18
11720;C;Increased WIP (5);59;63;17,07
11721;C;Increased WIP (5);57;51;16,92
11722;C;Increased WIP (5);52;63;17,71
11723;C;Increased WIP (5);45;61;0
11724;C;Increased WIP (5);61;68;17,31
11725;C;Increased WIP (5);61;46;14,56
11726;C;Increased WIP (5);57;66;16,25
11727;C;Increased WIP (5);59;67;15,5
11728;C;Increased WIP (5);57;61;17,25
11729;C;Increased WIP (5);54;52;17,89
11730;C;Increased WIP (5);59;50;17
11731;C;Increased WIP (5);57;51;15,33
11732;C;Increased WIP (5);56;56;17,64
11733;C;Increased WIP (5);55;51;17,5
11734;C;Increased WIP (5);50;57;17,6
11735;C;Increased WIP (5);57;51;15,83
11736;C;Increased WIP (5);54;64;17,11
11737;C;Increased WIP (5);54;54;17,11
11738;C;Increased WIP (5);56;59;17,64
11739;C;Increased WIP (5);62;47;16,41
11740;C;Increased WIP (5);65;52;16
11741;C;Increased WIP (5);57;55;17,25
11742;C;Increased WIP (5);54;56;18,67
11743;C;Increased WIP (5);54;57;17,89
11744;C;Increased WIP (5);57;49;14,75
11745;C;Increased WIP (5);54;58;17,89
11746;C;Increased WIP (5);49;67;19,25
11747;C;Increased WIP (5);55;55;17,7
11748;C;Increased WIP (5);57;50;16,17
11749;C;Increased WIP (5);51;71;18,17
11750;C;Increased WIP (5);57;53;17
11751;C;Increased WIP (5);55;64;18,6
11752;C;Increased WIP (5);62;70;16,18
11753;C;Increased WIP (5);58;54;15,46
11754;C;Increased WIP (5);44;63;0
11755;C;Increased WIP (5);62;51;16,47
11756;C;Increased WIP (5);62;59;14,76
11757;C;Increased WIP (5);58;72;18,31
11758;C;Increased WIP (5);66;62;15,05
11759;C;Increased WIP (5);56;62;17,18
11760;C;Increased WIP (5);51;63;18,17
11761;C;Increased WIP (5);57;57;16,83
11762;C;Increased WIP (5);63;35;13,83
11763;C;Increased WIP (5);57;62;17,58
11764;C;Increased WIP (5);60;48;15,8
11765;C;Increased WIP (5);61;50;16,5
11766;C;Increased WIP (5);57;63;15,83
11767;C;Increased WIP (5);52;60;18,71
11768;C;Increased WIP (5);63;47;14,94
11769;C;Increased WIP (5);59;57;16,29
11770;C;Increased WIP (5);63;62;15,67
11771;C;Increased WIP (5);61;43;16,88
11772;C;Increased WIP (5);59;62;16,71
11773;C;Increased WIP (5);60;53;15
11774;C;Increased WIP (5);64;51;15,58
11775;C;Increased WIP (5);56;57;17
11776;C;Increased WIP (5);56;53;17,91
11777;C;Increased WIP (5);59;62;16,5
11778;C;Increased WIP (5);53;61;18,38
11779;C;Increased WIP (5);52;71;17,43
11780;C;Increased WIP (5);59;57;15,71
11781;C;Increased WIP (5);61;64;15,69
11782;C;Increased WIP (5);59;56;17,07
11783;C;Increased WIP (5);59;55;15,64
11784;C;Increased WIP (5);57;60;16,25
11785;C;Increased WIP (5);57;55;16,83
11786;C;Increased WIP (5);62;64;15,12
11787;C;Increased WIP (5);63;64;14,06
11788;C;Increased WIP (5);52;52;17,57
11789;C;Increased WIP (5);55;52;17,2
11790;C;Increased WIP (5);61;50;15,12
11791;C;Increased WIP (5);55;58;17,2
11792;C;Increased WIP (5);58;59;14,92
11793;C;Increased WIP (5);58;48;17,38
11794;C;Increased WIP (5);55;60;18,2
11795;C;Increased WIP (5);48;58;19,33
11796;C;Increased WIP (5);48;61;19,33
11797;C;Increased WIP (5);50;73;18,4
11798;C;Increased WIP (5);58;44;16,46
11799;C;Increased WIP (5);60;61;15,6
11800;C;Increased WIP (5);52;61;18,86
11801;C;Increased WIP (5);62;58;16,65
11802;C;Increased WIP (5);52;66;18,57
11803;C;Increased WIP (5);62;60;16,53
11804;C;Increased WIP (5);55;52;15,7
11805;C;Increased WIP (5);61;53;15,56
11806;C;Increased WIP (5);60;49;16,13
11807;C;Increased WIP (5);60;70;17,67
11808;C;Increased WIP (5);61;50;17,12
11809;C;Increased WIP (5);58;32;17,23
11810;C;Increased WIP (5);54;51;17,67
11811;C;Increased WIP (5);54;47;17,56
11812;C;Increased WIP (5);58;55;15,62
11813;C;Increased WIP (5);60;47;15,33
11814;C;Increased WIP (5);58;44;15,31
11815;C;Increased WIP (5);62;49;15,88
11816;C;Increased WIP (5);53;64;18,88
11817;C;Increased WIP (5);55;51;15,8
11818;C;Increased WIP (5);56;60;16,64
11819;C;Increased WIP (5);52;61;19,29
11820;C;Increased WIP (5);54;54;16,89
11821;C;Increased WIP (5);51;66;18,33
11822;C;Increased WIP (5);60;58;16,4
11823;C;Increased WIP (5);46;69;20
11824;C;Increased WIP (5);58;49;16,62
11825;C;Increased WIP (5);52;63;18
11826;C;Increased WIP (5);52;54;17
11827;C;Increased WIP (5);57;52;16,33
11828;C;Increased WIP (5);53;59;19,25
11829;C;Increased WIP (5);62;46;14,53
11830;C;Increased WIP (5);59;62;15,64
11831;C;Increased WIP (5);57;48;15,92
11832;C;Increased WIP (5);60;54;15,07
11833;C;Increased WIP (5);63;56;15,11
11834;C;Increased WIP (5);62;62;15,29
11835;C;Increased WIP (5);55;75;18,1
11836;C;Increased WIP (5);58;58;16,15
11837;C;Increased WIP (5);57;56;17,92
11838;C;Increased WIP (5);60;46;15,67
11839;C;Increased WIP (5);59;50;16,86
11840;C;Increased WIP (5);51;36;18,83
11841;C;Increased WIP (5);53;60;18
11842;C;Increased WIP (5);54;67;18,56
11843;C;Increased WIP (5);50;86;20
11844;C;Increased WIP (5);54;70;17,78
11845;C;Increased WIP (5);55;56;17,7
11846;C;Increased WIP (5);62;46;17,29
11847;C;Increased WIP (5);59;62;17,07
11848;C;Increased WIP (5);55;67;18,2
11849;C;Increased WIP (5);57;59;16,67
11850;C;Increased WIP (5);55;54;16,5
11851;C;Increased WIP (5);56;59;16,91
11852;C;Increased WIP (5);45;65;0
11853;C;Increased WIP (5);52;61;17,29
11854;C;Increased WIP (5);61;61;16,12
11855;C;Increased WIP (5);54;74;18,11
11856;C;Increased WIP (5);55;72;17,5
11857;C;Increased WIP (5);62;58;15,76
11858;C;Increased WIP (5);54;67;18,22
11859;C;Increased WIP (5);57;56;17,83
11860;C;Increased WIP (5);49;60;19
11861;C;Increased WIP (5);60;50;16,73
11862;C;Increased WIP (5);51;71;18,33
11863;C;Increased WIP (5);58;68;17,15
11864;C;Increased WIP (5);51;68;18,33
11865;C;Increased WIP (5);58;45;17,85
11866;C;Increased WIP (5);55;58;15,6
11867;C;Increased WIP (5);50;54;20
11868;C;Increased WIP (5);56;60;17,82
11869;C;Increased WIP (5);60;57;17,4
11870;C;Increased WIP (5);56;70;18,18
11871;C;Increased WIP (5);54;69;17,33
11872;C;Increased WIP (5);61;43;14,12
11873;C;Increased WIP (5);58;57;16,08
11874;C;Increased WIP (5);50;78;20
11875;C;Increased WIP (5);55;57;17,6
11876;C;Increased WIP (5);56;63;17
11877;C;Increased WIP (5);55;71;16,4
11878;C;Increased WIP (5);63;41;14,5
11879;C;Increased WIP (5);61;67;16,38
11880;C;Increased WIP (5);55;58;15,4
11881;C;Increased WIP (5);62;53;14,59
11882;C;Increased WIP (5);57;52;15,42
11883;C;Increased WIP (5);60;58;15,2
11884;C;Increased WIP (5);63;46;14,61
11885;C;Increased WIP (5);60;62;15,13
11886;C;Increased WIP (5);54;65;17,44
11887;C;Increased WIP (5);55;59;17,5
11888;C;Increased WIP (5);59;55;16,71
11889;C;Increased WIP (5);60;54;14,47
11890;C;Increased WIP (5);57;70;17,08
11891;C;Increased WIP (5);59;51;15,57
11892;C;Increased WIP (5);57;77;18,25
11893;C;Increased WIP (5);61;59;15,62
11894;C;Increased WIP (5);49;62;19,5
11895;C;Increased WIP (5);51;57;17,67
11896;C;Increased WIP (5);60;52;16,27
11897;C;Increased WIP (5);56;66;17
11898;C;Increased WIP (5);60;58;17,2
11899;C;Increased WIP (5);56;62;17,27
11900;C;Increased WIP (5);62;56;17,18
11901;C;Increased WIP (5);57;69;17,25
11902;C;Increased WIP (5);57;56;16,67
11903;C;Increased WIP (5);53;45;18,88
11904;C;Increased WIP (5);51;49;17,83
11905;C;Increased WIP (5);58;46;16,54
11906;C;Increased WIP (5);64;51;15,16
11907;C;Increased WIP (5);58;88;17,92
11908;C;Increased WIP (5);63;50;15,89
11909;C;Increased WIP (5);54;61;17,78
11910;C;Increased WIP (5);60;61;16,33
11911;C;Increased WIP (5);58;62;17,38
11912;C;Increased WIP (5);63;52;15,06
11913;C;Increased WIP (5);56;44;17,27
11914;C;Increased WIP (5);61;55;16,38
11915;C;Increased WIP (5);57;50;16,67
11916;C;Increased WIP (5);55;68;16,1
11917;C;Increased WIP (5);55;68;17,7
11918;C;Increased WIP (5);63;54;15,72
11919;C;Increased WIP (5);59;55;15,36
11920;C;Increased WIP (5);57;61;17,17
11921;C;Increased WIP (5);63;51;15,11
11922;C;Increased WIP (5);59;59;17,93
11923;C;Increased WIP (5);56;59;17,09
11924;C;Increased WIP (5);54;59;16,89
11925;C;Increased WIP (5);55;53;17,4
11926;C;Increased WIP (5);58;62;17,15
11927;C;Increased WIP (5);55;49;17,1
11928;C;Increased WIP (5);54;57;17,44
11929;C;Increased WIP (5);58;62;17,62
11930;C;Increased WIP (5);57;58;17,67
11931;C;Increased WIP (5);62;61;16,47
11932;C;Increased WIP (5);60;71;17,27
11933;C;Increased WIP (5);48;61;19
11934;C;Increased WIP (5);62;55;15,06
11935;C;Increased WIP (5);64;29;15,26
11936;C;Increased WIP (5);59;48;16,07
11937;C;Increased WIP (5);61;62;16,75
11938;C;Increased WIP (5);56;55;15,91
11939;C;Increased WIP (5);55;68;17
11940;C;Increased WIP (5);52;58;18
11941;C;Increased WIP (5);58;54;16,31
11942;C;Increased WIP (5);51;63;19
11943;C;Increased WIP (5);54;54;18,33
11944;C;Increased WIP (5);58;52;16,62
11945;C;Increased WIP (5);55;67;18,3
11946;C;Increased WIP (5);52;74;18
11947;C;Increased WIP (5);57;59;17
11948;C;Increased WIP (5);60;43;15,47
11949;C;Increased WIP (5);56;56;17,55
11950;C;Increased WIP (5);56;59;16
11951;C;Increased WIP (5);65;38;15
11952;C;Increased WIP (5);56;72;15,91
11953;C;Increased WIP (5);58;44;17,38
11954;C;Increased WIP (5);61;49;14,88
11955;C;Increased WIP (5);58;67;15,85
11956;C;Increased WIP (5);54;68;17,56
11957;C;Increased WIP (5);56;65;18,36
11958;C;Increased WIP (5);56;69;16
11959;C;Increased WIP (5);54;65;18,11
11960;C;Increased WIP (5);59;44;15,43
11961;C;Increased WIP (5);60;63;16,13
11962;C;Increased WIP (5);60;52;17,73
11963;C;Increased WIP (5);55;65;17,5
11964;C;Increased WIP (5);58;58;15,92
11965;C;Increased WIP (5);62;59;16,47
11966;C;Increased WIP (5);53;51;16,62
11967;C;Increased WIP (5);52;64;18,43
11968;C;Increased WIP (5);55;62;17,3
11969;C;Increased WIP (5);57;57;16,08
11970;C;Increased WIP (5);57;69;17,17
11971;C;Increased WIP (5);64;44;14,68
11972;C;Increased WIP (5);56;63;17,18
11973;C;Increased WIP (5);60;53;16,27
11974;C;Increased WIP (5);57;54;16,92
11975;C;Increased WIP (5);57;55;16,42
11976;C;Increased WIP (5);56;59;15,91
11977;C;Increased WIP (5);58;47;15,69
11978;C;Increased WIP (5);60;60;16,13
11979;C;Increased WIP (5);61;54;17
11980;C;Increased WIP (5);60;70;15,4
11981;C;Increased WIP (5);66;43;15,14
11982;C;Increased WIP (5);62;57;15,53
11983;C;Increased WIP (5);59;49;14,07
11984;C;Increased WIP (5);51;65;17,83
11985;C;Increased WIP (5);55;63;17
11986;C;Increased WIP (5);63;47;15,06
11987;C;Increased WIP (5);60;48;13,67
11988;C;Increased WIP (5);57;58;17,42
11989;C;Increased WIP (5);56;58;18,45
11990;C;Increased WIP (5);54;76;17,22
11991;C;Increased WIP (5);59;52;17
11992;C;Increased WIP (5);52;77;19,29
11993;C;Increased WIP (5);57;54;16,42
11994;C;Increased WIP (5);60;60;15,8
11995;C;Increased WIP (5);56;54;16,18
11996;C;Increased WIP (5);57;57;16,5
11997;C;Increased WIP (5);61;58;17,31
11998;C;Increased WIP (5);52;72;17,71
11999;C;Increased WIP (5);57;56;17,75
