Strategy,Total Output,End WIP,Avg Cycle Time,Strategy Label
original,45,48,17.22,Base Game
original,53,60,15.18,Base Game
original,58,40,14.23,Base Game
original,47,50,15.27,Base Game
original,53,57,15.76,Base Game
original,53,44,15.06,Base Game
original,54,48,14.44,Base Game
original,54,58,13.78,Base Game
original,51,56,15.13,Base Game
original,56,44,14.2,Base Game
original,55,43,14.95,Base Game
original,54,30,12.0,Base Game
original,54,41,15.89,Base Game
original,55,63,16.0,Base Game
original,42,63,17.5,Base Game
original,59,35,13.09,Base Game
original,47,57,14.82,Base Game
original,52,67,15.94,Base Game
original,51,48,16.87,Base Game
original,51,59,15.67,Base Game
original,44,61,17.88,Base Game
original,51,47,13.6,Base Game
original,51,56,16.0,Base Game
original,55,53,15.53,Base Game
original,54,64,16.33,Base Game
original,50,57,14.86,Base Game
original,51,55,16.2,Base Game
original,47,65,16.82,Base Game
original,53,53,14.76,Base Game
original,45,57,16.56,Base Game
original,57,49,15.67,Base Game
original,53,56,15.35,Base Game
original,50,62,16.0,Base Game
original,54,67,15.22,Base Game
original,54,56,13.56,Base Game
original,51,49,15.4,Base Game
original,48,50,15.83,Base Game
original,56,65,15.05,Base Game
original,49,62,17.54,Base Game
original,47,70,16.09,Base Game
original,50,51,14.5,Base Game
original,56,43,15.15,Base Game
original,53,56,15.47,Base Game
original,54,59,14.39,Base Game
original,52,43,16.62,Base Game
original,57,39,15.62,Base Game
original,54,66,14.44,Base Game
original,55,47,15.79,Base Game
original,50,46,15.5,Base Game
original,48,70,16.0,Base Game
original,52,54,14.5,Base Game
original,54,48,15.28,Base Game
original,48,60,15.5,Base Game
original,51,48,15.27,Base Game
original,56,50,15.85,Base Game
original,56,59,14.05,Base Game
original,48,43,15.5,Base Game
original,54,64,15.22,Base Game
original,48,68,15.33,Base Game
original,50,71,16.43,Base Game
original,54,63,16.5,Base Game
original,58,41,13.82,Base Game
original,47,55,15.09,Base Game
original,48,53,15.67,Base Game
original,52,60,16.31,Base Game
original,54,55,14.33,Base Game
original,55,53,15.26,Base Game
original,52,62,15.0,Base Game
original,48,56,15.75,Base Game
original,53,57,14.59,Base Game
original,51,70,15.13,Base Game
original,55,65,15.53,Base Game
original,55,56,14.58,Base Game
original,50,69,16.57,Base Game
original,51,47,14.6,Base Game
original,53,48,15.59,Base Game
original,46,63,17.8,Base Game
original,61,43,14.72,Base Game
original,55,53,13.32,Base Game
original,56,30,12.95,Base Game
original,53,59,14.0,Base Game
original,54,58,14.33,Base Game
original,55,55,17.42,Base Game
original,51,50,16.27,Base Game
original,54,48,14.28,Base Game
original,50,56,16.57,Base Game
original,52,45,14.56,Base Game
original,55,65,16.21,Base Game
original,51,52,16.27,Base Game
original,54,57,14.61,Base Game
original,50,61,15.93,Base Game
original,54,39,16.22,Base Game
original,52,58,15.25,Base Game
original,48,71,16.0,Base Game
original,54,50,15.5,Base Game
original,55,59,14.37,Base Game
original,55,42,14.47,Base Game
original,52,44,14.12,Base Game
original,53,42,14.65,Base Game
original,50,67,16.57,Base Game
original,53,61,16.76,Base Game
original,52,57,15.38,Base Game
original,53,45,15.0,Base Game
original,54,63,15.22,Base Game
original,53,57,13.41,Base Game
original,52,54,13.94,Base Game
original,54,57,14.06,Base Game
original,54,64,15.06,Base Game
original,49,68,16.69,Base Game
original,48,52,16.83,Base Game
original,57,52,15.86,Base Game
original,48,46,16.67,Base Game
original,57,54,14.29,Base Game
original,58,47,14.82,Base Game
original,49,51,16.23,Base Game
original,56,41,13.11,Base Game
original,47,62,16.91,Base Game
original,55,37,14.16,Base Game
original,49,64,14.69,Base Game
original,59,50,15.57,Base Game
original,51,56,16.0,Base Game
original,54,55,15.67,Base Game
original,50,52,14.71,Base Game
original,51,60,16.67,Base Game
original,52,52,16.31,Base Game
original,60,37,12.75,Base Game
original,59,61,15.48,Base Game
original,57,48,14.81,Base Game
original,50,61,16.64,Base Game
original,55,46,14.79,Base Game
original,45,69,18.11,Base Game
original,62,44,14.08,Base Game
original,54,59,15.44,Base Game
original,50,57,17.07,Base Game
original,53,52,15.18,Base Game
original,45,48,18.33,Base Game
original,46,55,15.9,Base Game
original,49,52,15.46,Base Game
original,57,54,15.71,Base Game
original,50,70,17.71,Base Game
original,54,65,15.06,Base Game
original,52,55,15.0,Base Game
original,50,63,16.31,Base Game
original,53,51,15.41,Base Game
original,53,54,14.06,Base Game
original,52,49,13.62,Base Game
original,53,57,14.24,Base Game
original,45,49,15.56,Base Game
original,49,61,15.69,Base Game
original,53,55,15.82,Base Game
original,56,46,14.7,Base Game
original,47,67,16.55,Base Game
original,54,51,14.83,Base Game
original,57,58,14.9,Base Game
original,55,54,15.58,Base Game
original,50,59,16.43,Base Game
original,60,42,13.3,Base Game
original,51,42,15.2,Base Game
original,51,47,16.47,Base Game
original,46,77,18.1,Base Game
original,50,63,15.0,Base Game
original,45,49,16.11,Base Game
original,46,52,15.6,Base Game
original,47,60,16.73,Base Game
original,48,52,15.67,Base Game
original,53,59,15.76,Base Game
original,54,42,13.5,Base Game
original,55,46,14.26,Base Game
original,56,45,14.2,Base Game
original,48,52,15.75,Base Game
original,47,51,17.45,Base Game
original,63,47,14.74,Base Game
original,47,60,17.36,Base Game
original,55,54,15.0,Base Game
original,48,68,15.17,Base Game
original,59,42,15.26,Base Game
original,55,45,12.26,Base Game
original,54,51,15.83,Base Game
original,47,52,17.45,Base Game
original,55,62,15.63,Base Game
original,60,50,12.46,Base Game
original,52,60,16.94,Base Game
original,49,57,15.77,Base Game
original,58,41,14.18,Base Game
original,56,68,15.8,Base Game
original,49,54,16.54,Base Game
original,48,75,18.42,Base Game
original,55,61,15.05,Base Game
original,55,74,15.47,Base Game
original,53,48,13.76,Base Game
original,56,50,15.15,Base Game
original,56,42,13.65,Base Game
original,44,53,18.12,Base Game
original,52,69,15.75,Base Game
original,49,52,16.62,Base Game
original,52,51,14.69,Base Game
original,55,56,16.26,Base Game
original,49,50,14.69,Base Game
original,55,38,14.53,Base Game
original,49,54,14.46,Base Game
original,50,56,14.5,Base Game
original,58,57,15.41,Base Game
original,53,47,14.88,Base Game
original,50,66,17.07,Base Game
original,50,48,14.93,Base Game
original,45,69,17.0,Base Game
original,52,74,15.94,Base Game
original,59,40,12.52,Base Game
original,53,50,15.65,Base Game
original,51,65,15.4,Base Game
original,51,60,16.87,Base Game
original,49,64,15.69,Base Game
original,56,53,14.65,Base Game
original,50,62,18.0,Base Game
original,54,58,14.22,Base Game
original,55,70,15.05,Base Game
original,52,62,14.81,Base Game
original,51,62,16.07,Base Game
original,53,66,17.65,Base Game
original,51,62,16.27,Base Game
original,50,54,15.71,Base Game
original,48,55,16.92,Base Game
original,51,56,16.0,Base Game
original,55,53,14.26,Base Game
original,50,70,16.57,Base Game
original,54,70,16.17,Base Game
original,48,48,15.25,Base Game
original,50,61,16.29,Base Game
original,60,24,14.54,Base Game
original,54,48,13.56,Base Game
original,55,67,17.0,Base Game
original,51,61,14.67,Base Game
original,52,56,14.88,Base Game
original,53,56,15.12,Base Game
original,53,57,15.12,Base Game
original,58,57,14.0,Base Game
original,49,71,15.23,Base Game
original,53,46,13.0,Base Game
original,53,47,13.76,Base Game
original,54,65,14.89,Base Game
original,55,45,13.79,Base Game
original,54,51,15.0,Base Game
original,51,63,15.8,Base Game
original,47,60,16.91,Base Game
original,56,43,13.05,Base Game
original,52,68,17.44,Base Game
original,44,59,17.5,Base Game
original,56,36,13.15,Base Game
original,51,51,16.87,Base Game
original,54,47,14.28,Base Game
original,57,43,14.62,Base Game
original,59,41,14.61,Base Game
original,53,47,15.65,Base Game
original,52,54,15.25,Base Game
original,52,47,12.25,Base Game
original,45,72,18.44,Base Game
original,55,42,14.63,Base Game
original,58,56,15.23,Base Game
original,51,64,16.13,Base Game
original,54,52,15.89,Base Game
original,58,50,14.5,Base Game
original,50,62,16.93,Base Game
original,53,64,15.53,Base Game
original,47,61,16.82,Base Game
original,49,61,15.15,Base Game
original,45,62,15.44,Base Game
original,54,62,14.89,Base Game
original,57,60,13.67,Base Game
original,53,52,15.82,Base Game
original,47,50,15.91,Base Game
original,55,59,15.0,Base Game
original,52,56,15.56,Base Game
original,56,58,15.85,Base Game
original,54,56,16.61,Base Game
original,58,56,13.59,Base Game
original,53,64,15.18,Base Game
original,51,52,13.93,Base Game
original,54,60,16.28,Base Game
original,46,62,16.6,Base Game
original,57,51,15.38,Base Game
original,59,49,14.35,Base Game
original,60,41,13.83,Base Game
original,56,47,14.15,Base Game
original,50,46,15.57,Base Game
original,56,59,14.1,Base Game
original,56,56,14.0,Base Game
original,53,38,14.65,Base Game
original,48,56,15.42,Base Game
original,56,66,14.95,Base Game
original,51,52,14.0,Base Game
original,57,47,14.62,Base Game
original,51,55,14.53,Base Game
original,56,53,16.15,Base Game
original,51,56,15.13,Base Game
original,58,54,14.18,Base Game
original,51,41,15.33,Base Game
original,49,65,16.92,Base Game
original,51,49,15.8,Base Game
original,45,48,16.22,Base Game
original,53,65,16.18,Base Game
original,53,51,15.59,Base Game
original,51,61,17.07,Base Game
original,53,51,14.24,Base Game
original,53,64,16.41,Base Game
original,56,49,16.0,Base Game
original,53,51,14.82,Base Game
original,56,57,14.2,Base Game
original,48,59,15.18,Base Game
original,56,60,15.0,Base Game
original,52,55,14.62,Base Game
original,47,48,15.36,Base Game
original,52,61,15.81,Base Game
original,56,50,13.3,Base Game
original,50,64,14.5,Base Game
original,53,62,16.0,Base Game
original,48,59,16.83,Base Game
original,47,56,16.55,Base Game
original,49,57,15.54,Base Game
original,56,47,14.05,Base Game
original,51,62,15.6,Base Game
original,53,60,15.24,Base Game
original,52,43,15.75,Base Game
original,56,47,14.55,Base Game
original,56,57,14.55,Base Game
original,57,42,14.86,Base Game
original,49,60,14.69,Base Game
original,58,55,13.09,Base Game
original,52,48,14.88,Base Game
original,46,60,15.4,Base Game
original,59,36,12.0,Base Game
original,50,55,16.21,Base Game
original,56,49,14.15,Base Game
original,52,51,15.38,Base Game
original,45,66,18.67,Base Game
original,57,41,13.24,Base Game
original,49,53,16.15,Base Game
original,53,56,15.35,Base Game
original,54,49,15.33,Base Game
original,53,52,14.76,Base Game
original,49,53,14.54,Base Game
original,55,59,15.42,Base Game
original,51,49,16.93,Base Game
original,57,53,14.33,Base Game
original,49,56,17.54,Base Game
original,52,52,15.44,Base Game
original,56,61,13.55,Base Game
original,55,53,15.26,Base Game
original,53,62,16.53,Base Game
original,53,48,13.18,Base Game
original,54,56,15.61,Base Game
original,52,52,15.25,Base Game
original,56,48,14.55,Base Game
original,57,43,13.95,Base Game
original,58,48,13.64,Base Game
original,57,37,14.48,Base Game
original,59,52,14.65,Base Game
original,52,67,14.88,Base Game
original,47,60,17.27,Base Game
original,51,54,16.93,Base Game
original,51,65,15.13,Base Game
original,52,56,15.81,Base Game
original,55,49,15.11,Base Game
original,51,33,14.0,Base Game
original,55,50,14.21,Base Game
original,57,43,13.48,Base Game
original,53,44,14.59,Base Game
original,51,61,14.33,Base Game
original,54,49,13.72,Base Game
original,48,53,17.67,Base Game
original,56,47,15.2,Base Game
original,54,45,13.56,Base Game
original,56,56,15.55,Base Game
original,48,59,16.5,Base Game
original,51,45,15.4,Base Game
original,51,57,15.6,Base Game
original,52,56,14.5,Base Game
original,53,32,15.0,Base Game
original,54,53,14.39,Base Game
original,44,47,18.25,Base Game
original,52,48,15.62,Base Game
original,54,45,13.78,Base Game
original,49,67,17.08,Base Game
original,56,49,12.7,Base Game
original,48,57,17.08,Base Game
original,52,47,14.12,Base Game
original,51,50,15.07,Base Game
original,58,49,14.5,Base Game
original,53,45,15.71,Base Game
original,52,47,15.5,Base Game
original,51,67,16.93,Base Game
original,53,49,13.53,Base Game
original,60,34,13.12,Base Game
original,51,61,16.27,Base Game
original,54,47,16.5,Base Game
original,53,47,14.71,Base Game
original,51,48,15.33,Base Game
original,51,51,14.6,Base Game
original,54,47,15.11,Base Game
original,44,53,16.5,Base Game
original,58,50,15.0,Base Game
original,55,52,15.26,Base Game
original,52,57,15.44,Base Game
original,47,63,15.55,Base Game
original,51,33,16.47,Base Game
original,55,48,13.89,Base Game
original,52,59,15.06,Base Game
original,50,57,14.86,Base Game
original,56,57,15.5,Base Game
original,52,62,15.12,Base Game
original,50,58,15.86,Base Game
original,53,62,15.41,Base Game
original,52,72,15.88,Base Game
original,50,67,17.14,Base Game
original,44,67,18.38,Base Game
original,56,42,14.65,Base Game
original,56,58,15.15,Base Game
original,56,45,14.1,Base Game
original,53,51,15.94,Base Game
original,44,53,15.75,Base Game
original,57,56,14.14,Base Game
original,53,52,16.0,Base Game
original,55,53,15.16,Base Game
original,45,76,18.89,Base Game
original,53,64,16.29,Base Game
original,54,48,14.89,Base Game
original,53,69,15.47,Base Game
original,53,58,16.29,Base Game
original,51,55,17.2,Base Game
original,55,47,13.21,Base Game
original,47,64,17.91,Base Game
original,55,56,13.53,Base Game
original,50,55,14.14,Base Game
original,51,64,16.47,Base Game
original,52,44,14.06,Base Game
original,61,40,14.12,Base Game
original,54,50,15.17,Base Game
original,52,48,16.31,Base Game
original,49,68,14.92,Base Game
original,58,56,15.59,Base Game
original,50,61,17.07,Base Game
original,53,50,14.53,Base Game
original,49,62,16.46,Base Game
original,52,50,14.06,Base Game
original,52,57,15.38,Base Game
original,49,64,15.23,Base Game
original,51,60,16.6,Base Game
original,56,48,13.75,Base Game
original,54,50,14.56,Base Game
original,49,64,15.85,Base Game
original,52,59,16.31,Base Game
original,55,54,15.84,Base Game
original,50,53,15.71,Base Game
original,51,48,14.27,Base Game
original,53,45,14.82,Base Game
original,52,47,14.81,Base Game
original,46,68,16.9,Base Game
original,53,54,14.47,Base Game
original,48,63,17.67,Base Game
original,58,47,15.18,Base Game
original,49,63,17.08,Base Game
original,55,42,14.16,Base Game
original,52,46,15.69,Base Game
original,61,35,15.24,Base Game
original,48,57,16.0,Base Game
original,54,57,13.61,Base Game
original,54,42,14.39,Base Game
original,56,41,15.0,Base Game
original,54,50,14.17,Base Game
original,50,46,17.07,Base Game
original,57,52,14.24,Base Game
original,53,49,15.29,Base Game
original,47,52,16.18,Base Game
original,54,43,14.22,Base Game
original,58,57,15.55,Base Game
original,59,51,13.22,Base Game
original,55,40,12.79,Base Game
original,53,62,16.35,Base Game
original,54,60,15.17,Base Game
original,54,53,15.06,Base Game
original,54,41,14.94,Base Game
original,53,56,15.35,Base Game
original,52,64,14.44,Base Game
original,51,49,14.07,Base Game
original,48,56,14.75,Base Game
original,52,43,15.0,Base Game
original,46,57,15.2,Base Game
original,56,58,15.15,Base Game
original,49,55,14.92,Base Game
original,46,59,15.9,Base Game
original,49,69,17.31,Base Game
original,53,57,14.0,Base Game
original,57,49,14.38,Base Game
original,55,40,15.32,Base Game
original,51,57,16.33,Base Game
original,53,57,15.47,Base Game
original,50,48,14.79,Base Game
original,52,60,14.38,Base Game
original,51,52,15.2,Base Game
original,50,54,15.29,Base Game
original,57,47,14.33,Base Game
original,53,53,15.65,Base Game
original,49,65,16.54,Base Game
original,50,62,15.71,Base Game
original,52,55,16.56,Base Game
original,51,54,16.53,Base Game
original,54,55,16.22,Base Game
original,52,49,16.56,Base Game
original,54,53,16.0,Base Game
original,56,50,15.75,Base Game
original,58,52,14.77,Base Game
original,52,59,16.62,Base Game
original,55,49,14.84,Base Game
original,56,45,14.55,Base Game
original,56,42,12.75,Base Game
original,56,50,14.75,Base Game
original,56,48,13.35,Base Game
original,55,51,13.84,Base Game
original,53,55,15.47,Base Game
original,56,64,13.55,Base Game
original,50,56,16.57,Base Game
original,55,43,15.05,Base Game
original,57,43,14.0,Base Game
original,53,54,15.24,Base Game
original,52,55,15.94,Base Game
original,52,65,15.19,Base Game
original,53,50,14.71,Base Game
original,54,61,15.56,Base Game
original,50,60,15.0,Base Game
original,55,53,14.74,Base Game
original,53,56,14.94,Base Game
original,53,58,14.82,Base Game
original,58,45,13.68,Base Game
original,56,57,16.5,Base Game
original,56,54,14.85,Base Game
original,49,38,15.31,Base Game
original,49,59,14.77,Base Game
original,54,42,13.39,Base Game
original,50,55,15.21,Base Game
original,56,44,13.55,Base Game
original,57,40,13.67,Base Game
original,56,51,15.5,Base Game
original,55,50,15.11,Base Game
original,51,61,15.13,Base Game
original,51,49,16.4,Base Game
original,45,63,17.11,Base Game
original,54,66,15.5,Base Game
original,50,61,15.79,Base Game
original,56,59,16.3,Base Game
original,50,62,14.86,Base Game
original,57,45,14.24,Base Game
original,49,52,14.77,Base Game
original,58,46,15.05,Base Game
original,51,51,14.47,Base Game
original,53,59,17.12,Base Game
original,56,35,12.15,Base Game
original,54,52,15.56,Base Game
original,55,46,14.79,Base Game
original,56,56,13.8,Base Game
original,48,62,15.58,Base Game
original,45,60,16.78,Base Game
original,50,56,16.86,Base Game
original,48,55,14.42,Base Game
original,53,51,16.29,Base Game
original,55,53,15.32,Base Game
original,57,53,13.9,Base Game
original,55,56,14.53,Base Game
original,51,51,14.2,Base Game
original,52,64,16.06,Base Game
original,47,63,17.27,Base Game
original,50,44,15.43,Base Game
original,51,53,16.8,Base Game
original,53,41,15.76,Base Game
original,56,49,14.5,Base Game
original,54,65,15.44,Base Game
original,48,52,14.92,Base Game
original,51,40,15.4,Base Game
original,53,36,12.12,Base Game
original,54,68,15.94,Base Game
original,55,47,15.32,Base Game
original,53,35,13.88,Base Game
original,51,57,13.87,Base Game
original,50,63,15.71,Base Game
original,51,66,14.33,Base Game
original,52,52,14.06,Base Game
original,53,52,14.24,Base Game
original,50,61,16.57,Base Game
original,57,48,14.24,Base Game
original,52,60,15.31,Base Game
original,52,53,13.88,Base Game
original,53,52,15.0,Base Game
original,50,35,15.5,Base Game
original,51,58,14.67,Base Game
original,58,44,13.32,Base Game
original,55,55,14.89,Base Game
original,53,71,14.65,Base Game
original,48,52,16.08,Base Game
original,55,56,14.53,Base Game
original,55,56,15.21,Base Game
original,53,64,14.71,Base Game
original,55,57,15.58,Base Game
original,52,60,15.88,Base Game
original,55,48,15.42,Base Game
original,52,59,14.88,Base Game
original,50,59,15.36,Base Game
original,53,48,16.06,Base Game
original,55,55,15.95,Base Game
original,57,48,14.71,Base Game
original,49,58,15.62,Base Game
original,58,46,13.91,Base Game
original,48,53,16.25,Base Game
original,57,47,13.81,Base Game
original,54,66,13.67,Base Game
original,53,38,14.24,Base Game
original,51,54,15.4,Base Game
original,54,66,16.11,Base Game
original,54,46,14.61,Base Game
original,50,45,12.43,Base Game
original,54,52,14.11,Base Game
original,53,52,14.47,Base Game
original,48,49,16.42,Base Game
original,50,67,16.14,Base Game
original,55,54,14.37,Base Game
original,50,46,16.07,Base Game
original,54,60,14.72,Base Game
original,55,51,16.11,Base Game
original,55,58,15.79,Base Game
original,53,61,15.76,Base Game
original,54,33,14.17,Base Game
original,52,61,14.44,Base Game
original,55,64,14.84,Base Game
original,52,44,13.5,Base Game
original,58,48,13.5,Base Game
original,58,29,14.09,Base Game
original,57,55,13.1,Base Game
original,53,51,15.94,Base Game
original,52,50,14.19,Base Game
original,51,54,14.4,Base Game
original,54,56,13.33,Base Game
original,49,48,17.08,Base Game
original,54,44,14.94,Base Game
original,53,56,14.47,Base Game
original,50,67,15.5,Base Game
original,54,51,15.61,Base Game
original,56,48,15.0,Base Game
original,50,55,14.79,Base Game
original,51,57,15.33,Base Game
original,48,60,15.92,Base Game
original,57,53,15.29,Base Game
original,55,58,14.79,Base Game
original,48,55,17.83,Base Game
original,53,54,15.12,Base Game
original,53,68,15.41,Base Game
original,52,57,14.12,Base Game
original,48,53,14.75,Base Game
original,50,52,15.71,Base Game
original,51,54,16.6,Base Game
original,53,52,16.76,Base Game
original,53,41,14.29,Base Game
original,54,52,15.33,Base Game
original,52,43,15.62,Base Game
original,53,58,15.88,Base Game
original,50,66,16.57,Base Game
original,54,40,13.33,Base Game
original,50,49,15.93,Base Game
original,54,41,14.33,Base Game
original,51,54,16.6,Base Game
original,50,72,15.93,Base Game
original,56,52,13.63,Base Game
original,60,41,13.46,Base Game
original,50,58,15.36,Base Game
original,51,56,14.87,Base Game
original,55,44,14.95,Base Game
original,51,52,15.6,Base Game
original,53,57,14.06,Base Game
original,53,42,13.76,Base Game
original,53,62,15.53,Base Game
original,47,58,17.27,Base Game
original,55,41,14.37,Base Game
original,51,52,15.73,Base Game
original,58,51,14.64,Base Game
original,54,59,15.83,Base Game
original,55,53,14.42,Base Game
original,60,45,13.71,Base Game
original,49,48,16.0,Base Game
original,50,42,14.93,Base Game
original,54,49,12.56,Base Game
original,49,52,17.54,Base Game
original,51,54,14.07,Base Game
original,50,59,15.57,Base Game
original,49,64,14.54,Base Game
original,56,57,15.6,Base Game
original,51,55,16.07,Base Game
original,50,48,15.07,Base Game
original,49,60,16.31,Base Game
original,53,46,13.76,Base Game
original,44,64,17.62,Base Game
original,57,60,14.71,Base Game
original,56,56,14.7,Base Game
original,52,52,16.75,Base Game
original,57,41,14.76,Base Game
original,53,59,13.24,Base Game
original,53,55,15.35,Base Game
original,46,65,15.6,Base Game
original,47,66,17.36,Base Game
original,48,51,16.0,Base Game
original,50,80,15.57,Base Game
original,51,60,15.6,Base Game
original,56,53,15.05,Base Game
original,50,52,17.5,Base Game
original,51,55,16.73,Base Game
original,59,58,15.7,Base Game
original,55,54,14.42,Base Game
original,54,38,13.78,Base Game
original,54,53,14.61,Base Game
original,59,42,13.57,Base Game
original,54,54,14.22,Base Game
original,53,57,16.18,Base Game
original,56,39,13.4,Base Game
original,54,52,14.56,Base Game
original,53,53,15.35,Base Game
original,46,66,17.5,Base Game
original,53,65,14.94,Base Game
original,54,67,15.22,Base Game
original,50,50,16.43,Base Game
original,55,51,16.26,Base Game
original,52,46,13.81,Base Game
original,50,59,14.79,Base Game
original,57,40,14.24,Base Game
original,55,64,15.16,Base Game
original,52,53,14.88,Base Game
original,48,51,16.75,Base Game
original,51,63,16.13,Base Game
original,46,60,16.0,Base Game
original,53,55,13.82,Base Game
original,53,42,14.06,Base Game
original,51,50,15.07,Base Game
original,52,73,16.31,Base Game
original,51,53,15.93,Base Game
original,51,47,14.13,Base Game
original,50,41,12.86,Base Game
original,54,49,15.72,Base Game
original,56,59,15.95,Base Game
original,53,49,15.24,Base Game
original,45,65,17.33,Base Game
original,57,42,14.24,Base Game
original,53,56,15.41,Base Game
original,51,55,15.13,Base Game
original,48,51,16.58,Base Game
original,53,57,16.35,Base Game
original,52,47,16.0,Base Game
original,48,74,16.58,Base Game
original,53,50,14.53,Base Game
original,48,63,15.17,Base Game
original,54,53,15.22,Base Game
original,50,38,14.57,Base Game
original,52,62,15.56,Base Game
original,50,52,14.86,Base Game
original,48,71,16.0,Base Game
original,55,47,13.74,Base Game
original,54,51,15.06,Base Game
original,57,47,13.29,Base Game
original,57,42,13.29,Base Game
original,59,55,14.61,Base Game
original,49,53,15.62,Base Game
original,49,56,14.92,Base Game
original,53,47,13.71,Base Game
original,52,58,14.69,Base Game
original,51,64,14.67,Base Game
original,50,55,15.36,Base Game
original,57,59,14.57,Base Game
original,51,47,14.47,Base Game
original,48,60,17.58,Base Game
original,49,45,13.77,Base Game
original,52,62,14.62,Base Game
original,49,48,16.62,Base Game
original,54,55,14.11,Base Game
original,51,50,15.67,Base Game
original,47,70,17.45,Base Game
original,57,48,13.0,Base Game
original,44,65,16.62,Base Game
original,56,62,14.3,Base Game
original,51,51,15.27,Base Game
original,48,63,15.92,Base Game
original,54,48,16.22,Base Game
original,50,57,17.14,Base Game
original,50,50,16.0,Base Game
original,53,44,13.47,Base Game
original,51,58,14.87,Base Game
original,47,65,15.55,Base Game
original,50,55,14.14,Base Game
original,48,54,16.42,Base Game
original,44,74,14.75,Base Game
original,54,48,14.28,Base Game
original,55,49,14.16,Base Game
original,59,60,15.83,Base Game
original,45,79,18.0,Base Game
original,50,48,14.36,Base Game
original,46,65,16.2,Base Game
original,53,53,15.76,Base Game
original,47,48,16.36,Base Game
original,53,62,15.53,Base Game
original,57,37,13.29,Base Game
original,51,51,15.47,Base Game
original,54,47,12.72,Base Game
original,47,61,17.27,Base Game
original,53,56,13.24,Base Game
original,53,47,13.76,Base Game
original,53,62,15.06,Base Game
original,51,48,15.8,Base Game
original,50,59,15.57,Base Game
original,48,55,15.33,Base Game
original,46,65,17.5,Base Game
original,49,49,13.92,Base Game
original,52,48,14.44,Base Game
original,52,50,15.38,Base Game
original,48,67,17.17,Base Game
original,50,45,14.0,Base Game
original,56,45,13.2,Base Game
original,52,51,15.38,Base Game
original,50,47,14.57,Base Game
original,57,63,14.86,Base Game
original,51,62,14.13,Base Game
original,47,57,16.27,Base Game
original,55,61,14.74,Base Game
original,49,65,16.69,Base Game
original,49,64,16.23,Base Game
original,57,57,15.48,Base Game
original,47,56,16.64,Base Game
original,52,52,14.94,Base Game
original,51,49,15.07,Base Game
original,53,50,14.71,Base Game
original,47,63,16.55,Base Game
original,51,54,16.0,Base Game
original,56,50,14.85,Base Game
original,55,39,14.42,Base Game
original,54,40,14.11,Base Game
original,51,52,15.87,Base Game
original,58,44,13.64,Base Game
original,56,43,15.05,Base Game
original,54,62,14.33,Base Game
original,45,66,17.56,Base Game
original,51,49,15.0,Base Game
original,52,65,14.81,Base Game
original,59,42,13.74,Base Game
original,56,51,15.3,Base Game
original,53,39,14.06,Base Game
original,53,44,15.82,Base Game
original,52,65,16.12,Base Game
original,49,55,16.46,Base Game
original,59,46,15.65,Base Game
original,53,69,15.59,Base Game
original,53,54,15.12,Base Game
original,50,37,13.64,Base Game
original,53,63,15.47,Base Game
original,50,53,15.29,Base Game
original,48,55,16.67,Base Game
original,51,46,14.67,Base Game
original,53,51,14.41,Base Game
original,53,58,16.12,Base Game
original,52,61,14.31,Base Game
original,49,61,16.77,Base Game
original,51,52,16.47,Base Game
original,47,57,16.73,Base Game
original,53,59,15.53,Base Game
original,53,53,14.0,Base Game
original,51,52,16.27,Base Game
original,58,47,16.27,Base Game
original,53,48,14.24,Base Game
original,55,52,13.63,Base Game
original,49,53,16.69,Base Game
original,49,51,16.62,Base Game
original,56,45,15.15,Base Game
original,54,51,15.11,Base Game
original,50,59,17.07,Base Game
original,56,41,13.45,Base Game
original,49,46,13.92,Base Game
original,56,46,15.35,Base Game
original,50,57,15.14,Base Game
original,43,47,17.14,Base Game
original,50,54,14.93,Base Game
original,52,56,13.56,Base Game
original,50,51,15.5,Base Game
original,51,65,16.2,Base Game
original,52,51,14.69,Base Game
original,53,44,13.24,Base Game
original,53,56,15.71,Base Game
original,56,57,12.8,Base Game
original,54,61,14.5,Base Game
original,56,51,14.3,Base Game
original,48,66,16.67,Base Game
original,58,43,13.18,Base Game
original,54,58,13.94,Base Game
original,50,47,18.21,Base Game
original,50,54,15.36,Base Game
original,55,49,13.89,Base Game
original,53,47,15.25,Base Game
original,56,41,14.6,Base Game
original,46,52,16.5,Base Game
original,50,51,15.0,Base Game
original,52,53,15.25,Base Game
original,55,41,13.47,Base Game
original,56,60,15.1,Base Game
original,56,43,13.6,Base Game
original,52,64,15.69,Base Game
original,49,65,15.0,Base Game
original,51,54,14.67,Base Game
original,48,45,17.67,Base Game
original,53,43,15.06,Base Game
original,58,44,15.68,Base Game
original,56,41,14.85,Base Game
original,51,54,14.93,Base Game
original,55,63,14.63,Base Game
original,47,51,16.91,Base Game
original,58,50,14.64,Base Game
original,51,43,16.0,Base Game
original,54,62,15.83,Base Game
original,50,51,14.86,Base Game
original,50,47,15.14,Base Game
original,56,60,15.25,Base Game
original,56,53,13.85,Base Game
original,53,39,16.0,Base Game
original,53,46,13.76,Base Game
original,57,47,15.05,Base Game
original,53,45,14.12,Base Game
original,52,59,15.0,Base Game
original,56,48,15.45,Base Game
original,53,42,13.0,Base Game
original,56,46,15.45,Base Game
original,55,54,15.53,Base Game
original,53,44,13.18,Base Game
original,54,53,15.89,Base Game
original,55,40,12.68,Base Game
original,51,57,16.87,Base Game
original,53,55,15.0,Base Game
original,50,56,14.93,Base Game
original,53,59,16.47,Base Game
original,56,41,12.65,Base Game
original,56,53,13.9,Base Game
original,55,54,15.11,Base Game
original,48,68,17.58,Base Game
original,50,66,14.57,Base Game
original,59,53,13.78,Base Game
original,53,57,15.53,Base Game
original,51,69,15.93,Base Game
original,54,54,14.61,Base Game
original,49,62,15.38,Base Game
original,52,66,15.56,Base Game
original,55,51,14.89,Base Game
original,50,52,15.79,Base Game
original,54,39,14.72,Base Game
original,55,54,14.63,Base Game
original,50,48,17.43,Base Game
original,52,64,15.31,Base Game
original,57,45,15.0,Base Game
original,51,65,15.0,Base Game
original,54,41,13.83,Base Game
original,50,58,17.21,Base Game
original,48,51,16.08,Base Game
original,54,51,15.33,Base Game
original,48,61,15.58,Base Game
original,46,65,16.0,Base Game
original,50,56,15.29,Base Game
original,57,56,14.55,Base Game
original,54,48,14.83,Base Game
original,48,64,16.83,Base Game
original,51,52,15.73,Base Game
original,53,59,15.29,Base Game
original,60,33,13.46,Base Game
original,51,52,16.93,Base Game
original,53,43,16.65,Base Game
original,51,66,16.27,Base Game
original,55,66,15.79,Base Game
original,55,59,14.21,Base Game
original,48,49,15.17,Base Game
original,51,62,16.73,Base Game
original,53,49,13.82,Base Game
original,45,64,17.44,Base Game
original,55,47,14.47,Base Game
original,47,54,16.82,Base Game
original,54,56,16.78,Base Game
original,54,54,14.83,Base Game
original,49,56,16.54,Base Game
original,50,65,16.86,Base Game
original,58,42,13.45,Base Game
original,55,52,15.95,Base Game
original,48,52,16.67,Base Game
original,55,53,14.74,Base Game
original,52,49,14.25,Base Game
original,54,54,14.72,Base Game
original,57,45,13.24,Base Game
original,50,67,15.5,Base Game
original,54,44,14.5,Base Game
original,51,58,15.67,Base Game
original,49,50,15.85,Base Game
original,56,42,15.05,Base Game
original,56,45,12.75,Base Game
original,52,68,16.06,Base Game
original,52,49,16.44,Base Game
original,50,59,15.29,Base Game
original,57,59,14.19,Base Game
original,59,48,13.09,Base Game
original,51,60,15.33,Base Game
original,55,52,14.42,Base Game
original,55,48,15.47,Base Game
original,50,51,15.21,Base Game
original,48,67,15.58,Base Game
original,49,43,16.15,Base Game
original,55,57,15.68,Base Game
original,49,62,15.31,Base Game
original,53,41,15.0,Base Game
original,54,49,14.44,Base Game
original,50,51,14.36,Base Game
original,58,47,14.27,Base Game
original,53,57,14.41,Base Game
original,56,50,14.0,Base Game
original,52,58,16.19,Base Game
original,54,60,15.0,Base Game
original,59,50,15.0,Base Game
original,48,67,15.0,Base Game
original,56,38,14.35,Base Game
original,50,53,14.79,Base Game
original,49,61,16.31,Base Game
original,57,41,14.9,Base Game
original,57,43,15.19,Base Game
original,55,56,15.37,Base Game
original,49,59,15.85,Base Game
original,51,45,14.6,Base Game
original,55,41,15.53,Base Game
original,51,64,16.33,Base Game
original,43,72,18.57,Base Game
original,58,53,14.36,Base Game
original,56,62,15.15,Base Game
original,56,47,12.3,Base Game
original,51,62,16.67,Base Game
original,52,48,15.56,Base Game
original,52,70,15.75,Base Game
original,54,60,15.39,Base Game
original,53,45,16.59,Base Game
original,49,60,16.77,Base Game
original,50,54,16.14,Base Game
original,47,61,17.45,Base Game
original,47,55,17.18,Base Game
original,60,53,14.21,Base Game
original,53,50,14.65,Base Game
original,51,47,13.87,Base Game
original,52,52,15.5,Base Game
original,59,58,15.3,Base Game
original,49,52,14.0,Base Game
original,57,42,14.52,Base Game
original,52,47,14.75,Base Game
original,56,41,13.85,Base Game
original,62,46,13.65,Base Game
original,54,61,14.67,Base Game
original,55,49,14.21,Base Game
original,58,51,15.18,Base Game
original,53,63,15.65,Base Game
original,49,61,15.77,Base Game
original,55,61,14.84,Base Game
original,52,56,15.69,Base Game
original,55,60,14.79,Base Game
original,54,57,15.83,Base Game
original,52,61,16.12,Base Game
original,52,59,14.38,Base Game
original,58,45,12.0,Base Game
original,47,60,16.45,Base Game
original,55,54,13.95,Base Game
original,61,58,14.88,Base Game
original,54,59,15.61,Base Game
original,55,40,14.42,Base Game
original,57,42,14.38,Base Game
original,57,56,13.95,Base Game
original,51,50,13.67,Base Game
original,52,53,16.44,Base Game
original,57,54,16.24,Base Game
original,54,59,14.17,Base Game
original,55,51,15.11,Base Game
original,52,56,15.75,Base Game
original,54,58,15.89,Base Game
original,54,31,15.61,Base Game
original,50,41,15.57,Base Game
original,49,59,15.23,Base Game
original,49,64,15.0,Base Game
original,56,63,13.45,Base Game
original,51,57,16.53,Base Game
original,52,72,17.31,Base Game
original,51,64,16.73,Base Game
original,53,45,15.29,Base Game
original,44,59,17.0,Base Game
original,55,49,15.16,Base Game
original,51,52,14.67,Base Game
original,48,71,15.75,Base Game
original,55,48,14.58,Base Game
original,53,67,16.65,Base Game
original,54,62,14.94,Base Game
original,54,52,15.33,Base Game
original,49,62,17.92,Base Game
original,51,63,15.33,Base Game
original,53,51,14.06,Base Game
original,56,62,15.8,Base Game
original,57,42,13.86,Base Game
original,53,52,16.41,Base Game
original,45,65,16.89,Base Game
original,54,47,14.83,Base Game
original,53,44,15.0,Base Game
original,49,60,15.08,Base Game
original,51,67,16.07,Base Game
original,45,60,17.33,Base Game
original,56,62,15.7,Base Game
original,58,43,13.77,Base Game
original,54,50,15.17,Base Game
original,49,48,15.15,Base Game
original,53,63,15.35,Base Game
original,55,52,15.21,Base Game
original,53,47,14.65,Base Game
original,58,44,13.5,Base Game
original,50,54,15.5,Base Game
original,52,49,14.19,Base Game
original,49,56,14.69,Base Game
original,54,55,14.94,Base Game
original,52,52,15.5,Base Game
original,53,49,13.71,Base Game
original,44,69,17.0,Base Game
original,52,38,12.88,Base Game
original,47,65,15.45,Base Game
original,52,53,16.62,Base Game
original,55,55,15.32,Base Game
original,49,70,16.08,Base Game
original,47,62,17.0,Base Game
original,53,46,15.41,Base Game
original,53,52,15.06,Base Game
original,53,50,15.18,Base Game
original,51,53,17.67,Base Game
original,55,54,14.37,Base Game
original,53,52,17.65,Base Game
original,50,52,15.86,Base Game
original,54,55,13.89,Base Game
original,50,52,16.07,Base Game
original,56,48,15.45,Base Game
original,52,61,15.31,Base Game
original,48,63,15.75,Base Game
original,57,49,16.48,Base Game
original,58,51,14.36,Base Game
original,49,54,16.85,Base Game
original,50,54,15.29,Base Game
original,51,45,14.33,Base Game
original,53,41,12.88,Base Game
original,52,49,15.12,Base Game
original,52,51,16.0,Base Game
original,52,53,14.19,Base Game
original,55,56,13.84,Base Game
original,53,49,14.65,Base Game
original,53,53,15.76,Base Game
original,56,48,13.45,Base Game
original,50,50,16.64,Base Game
original,49,65,17.08,Base Game
original,50,64,14.43,Base Game
original,49,54,16.0,Base Game
original,56,51,15.2,Base Game
original,49,58,15.69,Base Game
original,53,56,14.65,Base Game
original,54,48,14.0,Base Game
original,52,47,13.5,Base Game
original,52,58,13.75,Base Game
original,44,58,16.38,Base Game
original,53,60,16.0,Base Game
original,52,50,12.38,Base Game
original,52,60,15.88,Base Game
original,56,51,14.95,Base Game
original,50,40,16.43,Base Game
original,51,44,16.67,Base Game
original,57,40,13.52,Base Game
original,45,62,19.0,Base Game
original,52,53,15.5,Base Game
original,55,32,12.89,Base Game
original,48,59,16.58,Base Game
original,55,34,13.84,Base Game
original,56,52,14.6,Base Game
original,52,36,14.44,Base Game
original,54,68,15.39,Base Game
original,54,35,12.33,Base Game
original,54,53,15.61,Base Game
original,54,51,15.61,Base Game
original,51,60,15.8,Base Game
original,50,46,14.86,Base Game
original,56,46,14.25,Base Game
original,50,57,16.36,Base Game
original,52,54,14.69,Base Game
original,57,50,14.62,Base Game
original,52,54,15.69,Base Game
original,48,62,16.33,Base Game
original,52,46,16.56,Base Game
original,53,53,15.76,Base Game
original,51,53,15.33,Base Game
original,50,42,13.57,Base Game
original,49,54,14.0,Base Game
original,50,54,14.79,Base Game
original,49,65,15.85,Base Game
original,53,55,12.88,Base Game
original,47,46,16.73,Base Game
original,59,52,13.39,Base Game
original,54,45,14.44,Base Game
original,52,54,16.56,Base Game
original,51,62,16.47,Base Game
original,53,64,14.82,Base Game
original,53,46,15.12,Base Game
original,46,62,17.0,Base Game
original,51,56,16.93,Base Game
original,56,41,13.1,Base Game
original,54,41,13.17,Base Game
original,51,59,16.4,Base Game
original,52,54,15.94,Base Game
original,53,52,16.0,Base Game
original,49,64,16.92,Base Game
original,53,57,15.47,Base Game
original,52,53,14.25,Base Game
original,52,44,13.75,Base Game
original,52,47,15.5,Base Game
original,53,61,14.88,Base Game
original,53,49,14.82,Base Game
original,52,53,14.69,Base Game
original,50,52,15.79,Base Game
original,50,55,15.86,Base Game
original,58,61,14.5,Base Game
original,49,64,16.0,Base Game
original,44,59,17.12,Base Game
original,53,50,13.71,Base Game
original,52,67,14.81,Base Game
original,55,48,16.42,Base Game
original,53,54,15.35,Base Game
original,53,52,16.65,Base Game
original,55,49,14.63,Base Game
original,48,63,16.0,Base Game
original,52,43,12.75,Base Game
original,45,61,16.67,Base Game
original,55,52,14.79,Base Game
original,51,58,16.73,Base Game
original,55,42,14.89,Base Game
original,54,63,15.5,Base Game
original,50,43,15.71,Base Game
original,54,43,13.94,Base Game
original,51,55,15.33,Base Game
original,56,53,14.0,Base Game
original,53,36,13.71,Base Game
original,52,62,15.5,Base Game
original,55,52,14.74,Base Game
original,55,49,15.84,Base Game
original,53,48,14.88,Base Game
original,51,66,14.6,Base Game
original,55,43,15.05,Base Game
original,49,53,15.69,Base Game
original,53,54,15.47,Base Game
original,54,60,16.0,Base Game
original,53,63,15.76,Base Game
original,53,38,15.88,Base Game
original,53,46,15.71,Base Game
original,56,45,14.8,Base Game
original,47,62,16.55,Base Game
original,47,64,17.09,Base Game
original,53,45,13.41,Base Game
original,54,52,15.0,Base Game
original,53,47,14.59,Base Game
original,47,49,16.18,Base Game
original,52,49,15.69,Base Game
original,47,57,16.82,Base Game
original,51,66,14.87,Base Game
original,50,53,16.14,Base Game
original,45,63,17.44,Base Game
original,56,44,14.25,Base Game
original,54,58,14.94,Base Game
original,52,47,16.62,Base Game
original,55,51,14.95,Base Game
original,57,47,14.14,Base Game
original,52,45,15.0,Base Game
original,46,60,16.1,Base Game
original,56,44,15.7,Base Game
original,52,48,14.38,Base Game
original,50,51,15.43,Base Game
original,51,59,15.33,Base Game
original,56,41,14.55,Base Game
original,49,58,17.62,Base Game
original,51,49,15.0,Base Game
original,57,53,15.33,Base Game
original,47,54,17.27,Base Game
original,55,60,13.74,Base Game
original,51,62,14.8,Base Game
original,53,56,16.53,Base Game
original,53,48,14.35,Base Game
original,55,59,14.58,Base Game
original,56,41,12.9,Base Game
original,55,34,12.63,Base Game
original,54,44,14.28,Base Game
original,53,55,14.71,Base Game
original,52,45,14.69,Base Game
original,49,48,15.0,Base Game
original,53,43,16.12,Base Game
original,49,61,16.08,Base Game
original,53,68,15.18,Base Game
original,56,61,15.95,Base Game
original,55,63,15.89,Base Game
original,51,56,15.47,Base Game
original,52,57,15.56,Base Game
original,47,58,16.0,Base Game
original,45,54,16.44,Base Game
original,50,49,14.29,Base Game
original,50,59,16.79,Base Game
original,57,58,14.57,Base Game
original,50,58,16.29,Base Game
original,53,60,15.29,Base Game
original,54,54,14.33,Base Game
original,50,48,15.93,Base Game
original,56,51,16.0,Base Game
original,56,45,14.5,Base Game
original,54,45,13.17,Base Game
original,54,48,15.5,Base Game
original,60,46,13.38,Base Game
original,56,45,14.15,Base Game
original,52,69,15.06,Base Game
original,55,48,14.47,Base Game
original,48,59,17.08,Base Game
original,50,59,16.71,Base Game
original,47,53,16.18,Base Game
original,52,57,16.38,Base Game
original,55,65,15.21,Base Game
original,53,47,13.47,Base Game
original,53,58,14.59,Base Game
original,54,55,15.61,Base Game
original,52,43,14.81,Base Game
original,51,41,13.13,Base Game
original,54,60,15.39,Base Game
original,50,50,16.0,Base Game
original,58,52,15.36,Base Game
original,54,44,13.22,Base Game
original,55,45,14.0,Base Game
original,50,61,16.5,Base Game
original,48,61,17.33,Base Game
original,55,51,13.26,Base Game
original,55,54,14.32,Base Game
original,54,56,15.22,Base Game
original,53,45,15.06,Base Game
original,51,63,15.87,Base Game
original,49,74,16.62,Base Game
original,46,70,16.4,Base Game
original,47,69,16.18,Base Game
original,56,37,12.1,Base Game
original,48,43,15.5,Base Game
original,54,42,13.56,Base Game
original,58,61,14.27,Base Game
original,54,38,13.78,Base Game
original,55,49,14.26,Base Game
original,52,48,15.44,Base Game
original,54,57,14.83,Base Game
original,49,79,16.0,Base Game
original,49,49,14.69,Base Game
original,46,57,17.2,Base Game
original,54,47,15.78,Base Game
original,50,69,15.5,Base Game
original,50,52,15.0,Base Game
original,49,57,16.23,Base Game
original,52,53,14.12,Base Game
original,56,55,15.0,Base Game
original,54,54,12.72,Base Game
original,50,66,16.14,Base Game
original,48,49,16.17,Base Game
original,51,43,14.67,Base Game
original,54,45,14.78,Base Game
original,50,58,15.57,Base Game
original,58,54,14.5,Base Game
original,55,52,14.74,Base Game
original,52,67,16.56,Base Game
original,57,52,14.81,Base Game
original,44,62,18.5,Base Game
original,57,61,14.81,Base Game
original,52,46,14.81,Base Game
original,56,59,15.65,Base Game
original,57,57,14.86,Base Game
original,49,60,16.08,Base Game
original,56,57,14.85,Base Game
original,57,41,14.24,Base Game
original,52,49,15.56,Base Game
original,55,48,15.16,Base Game
original,51,53,15.67,Base Game
original,50,73,15.21,Base Game
original,50,56,15.64,Base Game
original,51,58,15.2,Base Game
original,48,52,15.92,Base Game
original,47,63,14.91,Base Game
original,53,51,15.71,Base Game
original,53,52,15.35,Base Game
original,52,57,15.5,Base Game
original,53,55,14.71,Base Game
original,61,44,15.12,Base Game
original,53,50,16.06,Base Game
original,56,44,16.9,Base Game
original,55,53,14.47,Base Game
original,59,49,12.78,Base Game
original,50,52,14.79,Base Game
original,50,47,14.79,Base Game
original,56,50,15.55,Base Game
original,49,53,15.0,Base Game
original,51,45,13.47,Base Game
original,52,66,15.44,Base Game
original,57,55,13.43,Base Game
original,51,60,15.93,Base Game
original,57,44,13.86,Base Game
original,50,70,16.79,Base Game
original,50,60,15.71,Base Game
original,54,47,12.83,Base Game
original,49,47,16.54,Base Game
original,52,56,17.06,Base Game
original,52,55,15.5,Base Game
original,54,45,15.0,Base Game
original,57,35,14.57,Base Game
original,57,57,16.0,Base Game
original,55,43,14.16,Base Game
original,47,58,16.36,Base Game
original,56,54,15.1,Base Game
original,52,54,14.19,Base Game
original,51,65,15.8,Base Game
original,55,53,16.11,Base Game
original,50,60,16.14,Base Game
original,52,57,15.62,Base Game
original,47,75,15.45,Base Game
original,56,54,14.9,Base Game
original,56,48,16.45,Base Game
original,48,48,16.5,Base Game
original,57,55,13.9,Base Game
original,44,65,17.62,Base Game
original,49,71,17.0,Base Game
original,52,41,15.12,Base Game
original,51,55,14.2,Base Game
original,53,69,17.0,Base Game
original,53,68,15.76,Base Game
original,58,54,13.86,Base Game
original,55,64,14.16,Base Game
original,55,50,13.53,Base Game
original,47,69,15.91,Base Game
original,54,41,14.22,Base Game
original,55,41,14.68,Base Game
original,54,70,15.5,Base Game
original,53,52,15.47,Base Game
original,57,46,14.67,Base Game
original,51,46,15.6,Base Game
original,52,57,15.56,Base Game
original,51,53,16.93,Base Game
original,57,55,15.0,Base Game
original,51,49,14.87,Base Game
original,56,54,14.4,Base Game
original,51,54,14.14,Base Game
original,46,62,15.4,Base Game
original,56,57,15.95,Base Game
original,56,48,13.85,Base Game
original,48,54,15.75,Base Game
original,55,42,12.74,Base Game
original,49,67,15.54,Base Game
original,43,57,18.0,Base Game
original,53,53,15.35,Base Game
original,51,45,16.6,Base Game
original,52,53,15.25,Base Game
original,57,46,13.57,Base Game
original,54,48,13.89,Base Game
original,52,57,15.38,Base Game
original,52,54,16.12,Base Game
original,53,53,16.24,Base Game
original,55,37,15.58,Base Game
original,54,53,14.61,Base Game
original,52,61,13.5,Base Game
original,53,61,15.0,Base Game
original,46,75,17.4,Base Game
original,55,61,14.79,Base Game
original,59,53,14.57,Base Game
original,46,51,16.5,Base Game
original,50,57,16.07,Base Game
original,52,62,16.38,Base Game
original,54,56,14.22,Base Game
original,50,66,14.93,Base Game
original,55,63,15.95,Base Game
original,47,50,17.91,Base Game
original,49,63,16.15,Base Game
original,50,64,15.93,Base Game
original,47,69,16.73,Base Game
original,49,42,16.62,Base Game
original,50,60,15.64,Base Game
original,55,49,15.05,Base Game
original,51,53,16.27,Base Game
original,51,70,15.73,Base Game
original,47,60,16.27,Base Game
original,51,70,16.33,Base Game
original,59,55,15.3,Base Game
original,53,59,15.88,Base Game
original,50,66,16.57,Base Game
original,49,59,16.85,Base Game
original,53,68,15.53,Base Game
original,53,64,16.53,Base Game
original,55,49,15.47,Base Game
original,54,41,13.83,Base Game
original,51,54,15.87,Base Game
original,51,58,16.0,Base Game
original,51,36,13.6,Base Game
original,57,49,14.57,Base Game
original,55,57,15.42,Base Game
original,52,50,14.69,Base Game
original,45,64,17.0,Base Game
original,57,38,14.81,Base Game
original,46,71,17.6,Base Game
original,49,64,16.85,Base Game
original,54,61,14.89,Base Game
original,47,52,17.45,Base Game
original,54,53,14.06,Base Game
original,45,63,17.0,Base Game
original,52,56,15.56,Base Game
original,53,58,15.18,Base Game
original,55,41,13.84,Base Game
original,51,48,13.2,Base Game
original,53,52,15.82,Base Game
original,53,49,15.94,Base Game
original,50,63,14.0,Base Game
original,52,54,15.44,Base Game
original,60,48,14.88,Base Game
original,54,51,15.0,Base Game
original,52,46,16.38,Base Game
original,55,53,14.53,Base Game
original,45,60,14.44,Base Game
original,53,38,12.94,Base Game
original,53,61,14.82,Base Game
original,45,57,15.44,Base Game
original,61,33,12.56,Base Game
original,49,56,15.15,Base Game
original,54,52,15.67,Base Game
original,50,44,16.21,Base Game
original,52,67,15.44,Base Game
original,53,62,16.24,Base Game
original,57,49,14.57,Base Game
original,55,41,15.0,Base Game
original,54,55,14.94,Base Game
original,48,51,13.67,Base Game
original,43,57,18.43,Base Game
original,54,37,14.56,Base Game
original,52,58,14.31,Base Game
original,51,54,16.0,Base Game
original,51,58,16.07,Base Game
original,51,58,15.6,Base Game
original,58,47,13.5,Base Game
original,52,62,16.19,Base Game
original,56,54,15.7,Base Game
original,58,53,15.23,Base Game
original,52,68,15.38,Base Game
original,54,48,15.06,Base Game
original,54,60,16.22,Base Game
original,51,49,15.6,Base Game
original,51,65,15.13,Base Game
original,59,42,14.48,Base Game
original,53,60,15.35,Base Game
original,53,49,17.35,Base Game
original,53,50,16.88,Base Game
original,52,61,14.69,Base Game
original,52,46,15.75,Base Game
original,53,33,13.53,Base Game
original,52,51,17.25,Base Game
original,57,48,13.95,Base Game
original,54,55,16.22,Base Game
original,49,65,16.92,Base Game
original,53,69,16.35,Base Game
original,49,64,16.69,Base Game
original,55,51,14.0,Base Game
original,48,54,16.92,Base Game
original,54,54,13.28,Base Game
original,57,34,14.43,Base Game
original,57,44,13.76,Base Game
original,52,58,15.0,Base Game
original,51,66,15.67,Base Game
original,49,52,16.23,Base Game
original,51,52,16.53,Base Game
original,53,45,14.76,Base Game
original,52,44,15.0,Base Game
original,51,48,15.47,Base Game
original,54,62,16.06,Base Game
original,50,70,17.0,Base Game
original,51,54,16.0,Base Game
original,53,54,15.24,Base Game
original,53,55,13.76,Base Game
original,55,46,14.95,Base Game
original,54,53,14.67,Base Game
original,56,48,14.6,Base Game
original,54,46,14.89,Base Game
original,45,71,16.11,Base Game
original,51,44,14.4,Base Game
original,54,52,14.72,Base Game
original,54,59,15.44,Base Game
original,49,73,15.54,Base Game
original,52,51,15.0,Base Game
original,54,52,14.94,Base Game
original,53,47,12.88,Base Game
original,56,51,14.05,Base Game
original,50,54,14.64,Base Game
original,53,40,14.76,Base Game
original,54,72,16.44,Base Game
original,50,36,13.5,Base Game
original,55,54,15.21,Base Game
original,55,42,15.0,Base Game
original,56,41,13.55,Base Game
original,50,58,14.79,Base Game
original,57,46,14.29,Base Game
original,48,52,16.33,Base Game
original,49,40,15.31,Base Game
original,49,59,16.77,Base Game
original,52,47,14.94,Base Game
original,57,45,16.1,Base Game
original,50,49,14.86,Base Game
original,48,71,16.0,Base Game
original,49,58,16.0,Base Game
original,53,59,16.59,Base Game
original,48,46,15.5,Base Game
original,58,59,14.73,Base Game
original,60,46,13.38,Base Game
original,53,58,14.06,Base Game
original,48,74,16.83,Base Game
original,53,60,15.35,Base Game
original,48,64,16.0,Base Game
original,53,48,14.35,Base Game
original,51,59,14.6,Base Game
original,55,55,14.89,Base Game
original,44,62,17.38,Base Game
original,51,63,14.87,Base Game
original,51,54,14.8,Base Game
original,51,49,15.33,Base Game
original,56,43,14.75,Base Game
original,49,62,15.54,Base Game
original,50,53,17.36,Base Game
original,59,61,13.7,Base Game
original,56,52,15.4,Base Game
original,48,61,18.92,Base Game
original,48,51,16.92,Base Game
original,53,49,15.41,Base Game
original,55,50,15.89,Base Game
original,53,52,15.47,Base Game
original,53,34,14.65,Base Game
original,53,56,15.35,Base Game
original,56,54,15.4,Base Game
original,54,46,14.39,Base Game
original,55,38,14.21,Base Game
original,53,43,14.82,Base Game
original,50,57,15.0,Base Game
original,54,53,15.67,Base Game
original,62,41,13.5,Base Game
original,55,53,13.21,Base Game
original,46,65,17.5,Base Game
original,51,46,14.47,Base Game
original,55,56,15.42,Base Game
original,50,54,15.79,Base Game
original,55,52,15.11,Base Game
original,54,53,14.61,Base Game
original,52,57,16.06,Base Game
original,53,39,14.06,Base Game
original,55,46,14.22,Base Game
original,58,53,12.95,Base Game
original,57,51,14.52,Base Game
original,58,34,12.73,Base Game
original,57,41,15.43,Base Game
original,56,46,14.35,Base Game
original,47,59,15.27,Base Game
original,52,50,15.38,Base Game
original,52,68,15.44,Base Game
original,53,37,13.94,Base Game
original,50,50,16.64,Base Game
original,51,53,16.33,Base Game
original,51,46,15.47,Base Game
original,55,44,13.95,Base Game
original,54,41,15.0,Base Game
original,56,40,13.8,Base Game
original,50,57,14.86,Base Game
original,53,55,14.47,Base Game
original,51,57,16.6,Base Game
original,55,39,15.26,Base Game
original,50,57,15.79,Base Game
original,56,60,15.15,Base Game
original,53,45,14.29,Base Game
original,51,47,15.27,Base Game
original,48,62,16.67,Base Game
original,53,53,14.53,Base Game
original,52,54,15.19,Base Game
original,53,53,15.88,Base Game
original,49,74,16.0,Base Game
original,50,70,16.36,Base Game
original,51,54,15.73,Base Game
original,50,51,15.86,Base Game
original,55,47,14.47,Base Game
original,50,63,15.07,Base Game
original,54,58,15.72,Base Game
original,50,51,15.71,Base Game
original,52,60,16.38,Base Game
original,55,51,15.37,Base Game
original,48,47,16.08,Base Game
original,50,54,17.07,Base Game
original,57,57,14.86,Base Game
original,57,35,15.19,Base Game
original,57,48,15.33,Base Game
original,40,58,19.25,Base Game
original,46,64,17.1,Base Game
original,53,49,14.53,Base Game
original,51,50,15.73,Base Game
original,50,69,15.5,Base Game
original,51,64,17.13,Base Game
original,48,48,15.08,Base Game
original,56,48,13.25,Base Game
original,54,56,13.83,Base Game
original,47,59,17.36,Base Game
original,51,50,15.33,Base Game
original,54,53,13.89,Base Game
original,48,54,15.83,Base Game
original,51,48,15.33,Base Game
original,56,51,15.4,Base Game
original,53,40,13.76,Base Game
original,51,47,14.2,Base Game
original,56,44,14.55,Base Game
original,54,69,16.72,Base Game
original,47,58,17.73,Base Game
original,54,59,16.39,Base Game
original,51,62,15.4,Base Game
original,56,44,15.1,Base Game
original,48,60,18.08,Base Game
original,54,54,16.72,Base Game
original,50,68,15.14,Base Game
original,47,53,16.73,Base Game
original,55,39,13.89,Base Game
original,52,59,15.0,Base Game
original,51,58,14.67,Base Game
original,54,66,15.83,Base Game
original,55,36,14.0,Base Game
original,53,38,13.94,Base Game
original,52,55,15.0,Base Game
original,53,55,14.29,Base Game
original,53,48,14.18,Base Game
original,56,60,13.7,Base Game
original,47,54,16.0,Base Game
original,52,53,15.56,Base Game
original,54,59,15.11,Base Game
original,53,62,15.35,Base Game
original,52,52,14.94,Base Game
original,55,62,16.47,Base Game
original,56,53,15.3,Base Game
original,53,66,16.88,Base Game
original,53,49,14.24,Base Game
original,53,63,15.06,Base Game
original,45,61,16.67,Base Game
original,54,66,16.94,Base Game
original,54,51,13.94,Base Game
original,54,51,12.61,Base Game
original,50,61,17.36,Base Game
original,54,57,14.5,Base Game
original,56,48,16.25,Base Game
original,52,59,16.62,Base Game
original,53,48,14.76,Base Game
original,48,58,16.5,Base Game
original,49,55,16.38,Base Game
original,54,76,15.17,Base Game
original,47,60,16.18,Base Game
original,52,64,15.75,Base Game
original,49,55,15.54,Base Game
original,53,54,13.41,Base Game
original,59,39,13.52,Base Game
original,52,45,14.44,Base Game
original,53,43,14.18,Base Game
original,51,51,15.27,Base Game
original,56,44,13.4,Base Game
original,54,46,14.17,Base Game
original,54,61,15.72,Base Game
original,50,45,16.07,Base Game
original,52,56,15.88,Base Game
original,53,52,15.88,Base Game
original,50,57,16.0,Base Game
original,57,43,14.1,Base Game
original,55,48,13.53,Base Game
original,51,50,17.4,Base Game
original,48,64,17.0,Base Game
original,54,48,14.33,Base Game
original,56,47,14.1,Base Game
original,49,48,15.92,Base Game
original,54,54,16.33,Base Game
original,54,54,16.17,Base Game
original,43,79,17.86,Base Game
original,53,66,14.53,Base Game
original,54,52,15.5,Base Game
original,56,51,13.2,Base Game
original,52,64,15.19,Base Game
original,52,51,16.25,Base Game
original,57,39,13.43,Base Game
original,47,57,15.09,Base Game
original,50,39,15.93,Base Game
original,53,32,12.65,Base Game
original,48,48,15.5,Base Game
original,48,59,15.75,Base Game
original,48,55,16.17,Base Game
original,55,37,14.32,Base Game
original,51,53,16.33,Base Game
original,55,49,14.63,Base Game
original,56,57,15.0,Base Game
original,57,44,14.05,Base Game
original,54,67,15.94,Base Game
original,55,49,13.16,Base Game
original,51,58,15.4,Base Game
original,47,49,15.64,Base Game
original,50,61,14.14,Base Game
original,55,54,13.95,Base Game
original,48,68,15.42,Base Game
original,48,71,16.25,Base Game
original,48,48,15.08,Base Game
original,54,49,14.39,Base Game
original,51,46,15.13,Base Game
original,45,61,18.0,Base Game
original,54,60,16.11,Base Game
original,57,42,13.29,Base Game
original,55,56,14.89,Base Game
original,50,54,15.43,Base Game
original,52,68,15.62,Base Game
original,57,47,14.38,Base Game
original,49,60,15.23,Base Game
original,52,42,13.69,Base Game
original,53,53,13.82,Base Game
original,53,47,14.06,Base Game
original,48,68,17.5,Base Game
original,48,52,16.08,Base Game
original,54,66,15.39,Base Game
original,50,41,17.0,Base Game
original,53,55,15.41,Base Game
original,53,40,13.18,Base Game
original,54,58,16.56,Base Game
original,55,55,13.05,Base Game
original,50,59,15.36,Base Game
original,48,58,15.67,Base Game
original,47,54,15.36,Base Game
original,49,55,17.54,Base Game
original,57,54,14.57,Base Game
original,50,48,12.36,Base Game
original,52,40,15.12,Base Game
original,57,53,14.38,Base Game
original,51,56,15.4,Base Game
original,53,46,14.18,Base Game
original,49,53,15.46,Base Game
original,51,46,15.0,Base Game
original,55,51,14.89,Base Game
original,56,52,14.65,Base Game
original,47,68,16.45,Base Game
original,54,71,14.22,Base Game
original,54,55,16.39,Base Game
original,52,54,17.5,Base Game
original,59,43,14.17,Base Game
original,53,60,12.82,Base Game
original,55,55,15.53,Base Game
original,56,57,16.0,Base Game
original,56,50,15.5,Base Game
original,52,58,15.25,Base Game
original,53,43,14.0,Base Game
original,52,43,15.56,Base Game
original,49,50,14.85,Base Game
original,54,58,14.39,Base Game
original,55,34,14.53,Base Game
original,56,58,14.2,Base Game
original,51,63,15.53,Base Game
original,53,39,14.24,Base Game
original,53,41,15.35,Base Game
original,48,58,14.17,Base Game
original,53,60,15.47,Base Game
original,53,58,16.24,Base Game
original,53,54,14.59,Base Game
original,46,56,17.4,Base Game
original,56,53,15.5,Base Game
original,56,58,15.45,Base Game
original,57,39,14.05,Base Game
original,55,46,12.58,Base Game
original,54,75,15.56,Base Game
original,55,42,13.79,Base Game
original,46,60,18.7,Base Game
original,52,50,15.31,Base Game
original,56,46,14.15,Base Game
original,54,39,14.56,Base Game
original,53,49,14.59,Base Game
original,50,62,14.5,Base Game
original,51,65,16.6,Base Game
original,59,52,15.78,Base Game
original,53,68,15.0,Base Game
original,47,65,16.09,Base Game
original,53,36,12.29,Base Game
original,52,56,15.06,Base Game
original,46,55,16.0,Base Game
original,55,50,15.37,Base Game
original,47,55,15.36,Base Game
original,55,47,16.11,Base Game
original,56,69,14.1,Base Game
original,53,57,14.59,Base Game
original,54,47,15.28,Base Game
original,57,50,14.67,Base Game
original,59,50,13.57,Base Game
original,54,53,14.89,Base Game
original,59,47,14.65,Base Game
original,55,42,13.78,Base Game
original,49,52,16.77,Base Game
original,53,71,13.88,Base Game
original,52,47,15.56,Base Game
original,54,60,15.06,Base Game
original,57,51,13.52,Base Game
original,52,49,14.62,Base Game
original,50,43,14.5,Base Game
original,51,52,13.73,Base Game
original,57,49,15.1,Base Game
original,54,54,15.22,Base Game
original,50,41,16.0,Base Game
original,52,39,14.62,Base Game
original,50,49,16.64,Base Game
original,52,52,15.69,Base Game
original,50,58,17.29,Base Game
original,56,52,15.1,Base Game
original,57,52,13.0,Base Game
original,47,61,15.55,Base Game
original,52,54,16.0,Base Game
original,52,43,14.94,Base Game
original,48,45,15.42,Base Game
original,50,72,16.86,Base Game
original,55,39,13.16,Base Game
original,48,57,16.5,Base Game
original,53,51,14.18,Base Game
original,52,55,12.75,Base Game
original,50,55,16.36,Base Game
original,52,57,16.62,Base Game
original,56,49,14.6,Base Game
original,52,57,15.12,Base Game
original,50,55,14.86,Base Game
original,53,53,15.0,Base Game
original,57,56,15.1,Base Game
original,53,59,16.47,Base Game
original,47,56,16.27,Base Game
original,51,60,15.6,Base Game
original,55,45,14.47,Base Game
original,48,52,14.75,Base Game
original,50,69,16.79,Base Game
original,53,47,14.24,Base Game
original,55,53,15.42,Base Game
original,52,64,13.81,Base Game
original,47,67,17.18,Base Game
original,51,55,16.07,Base Game
original,44,71,19.12,Base Game
original,49,56,14.85,Base Game
original,50,57,16.07,Base Game
original,53,41,15.29,Base Game
original,52,55,16.38,Base Game
original,56,40,13.95,Base Game
original,48,46,17.25,Base Game
original,50,59,14.57,Base Game
original,55,54,13.53,Base Game
original,49,55,15.46,Base Game
original,44,63,17.75,Base Game
original,53,57,15.53,Base Game
original,50,61,15.29,Base Game
original,55,44,14.79,Base Game
original,55,47,13.63,Base Game
original,54,52,15.11,Base Game
original,50,49,15.21,Base Game
original,55,60,16.0,Base Game
original,53,42,14.82,Base Game
original,56,50,13.85,Base Game
original,52,41,15.88,Base Game
original,60,52,14.46,Base Game
original,50,69,15.07,Base Game
original,46,57,17.2,Base Game
original,50,55,15.64,Base Game
original,56,39,13.85,Base Game
original,56,64,15.6,Base Game
original,52,58,12.75,Base Game
original,49,62,17.08,Base Game
original,52,47,15.19,Base Game
original,50,53,14.93,Base Game
original,50,58,16.29,Base Game
original,51,46,14.2,Base Game
original,54,53,14.28,Base Game
original,53,48,15.82,Base Game
original,49,71,17.31,Base Game
original,47,66,16.27,Base Game
original,56,38,16.2,Base Game
original,57,44,14.43,Base Game
original,55,53,13.53,Base Game
original,53,63,16.59,Base Game
original,53,64,14.82,Base Game
original,51,46,15.2,Base Game
original,52,53,14.0,Base Game
original,47,54,14.27,Base Game
original,50,60,15.93,Base Game
original,51,48,15.53,Base Game
original,57,53,15.05,Base Game
original,51,58,15.07,Base Game
original,54,53,16.78,Base Game
original,54,40,14.89,Base Game
original,57,49,13.43,Base Game
original,47,62,17.27,Base Game
original,52,45,13.38,Base Game
original,55,32,12.79,Base Game
original,45,50,17.22,Base Game
original,49,58,16.08,Base Game
original,60,52,15.17,Base Game
original,53,50,14.65,Base Game
original,62,44,14.31,Base Game
original,59,61,14.52,Base Game
original,58,43,15.36,Base Game
original,60,24,12.96,Base Game
original,50,57,15.07,Base Game
original,51,42,13.67,Base Game
original,52,68,15.19,Base Game
original,57,54,15.19,Base Game
original,51,52,14.93,Base Game
original,53,39,13.53,Base Game
original,51,49,15.0,Base Game
original,50,49,16.64,Base Game
original,52,53,16.88,Base Game
original,51,52,16.6,Base Game
original,52,41,15.38,Base Game
original,57,57,14.19,Base Game
original,57,48,15.14,Base Game
original,60,44,14.12,Base Game
original,56,48,14.2,Base Game
original,55,57,15.11,Base Game
original,57,57,14.9,Base Game
original,51,65,14.13,Base Game
original,53,60,15.82,Base Game
original,52,70,16.38,Base Game
original,55,56,13.74,Base Game
original,55,59,16.32,Base Game
original,52,58,14.81,Base Game
original,53,56,15.94,Base Game
original,53,61,15.29,Base Game
original,56,54,14.45,Base Game
original,50,65,15.93,Base Game
original,53,49,14.0,Base Game
original,48,45,15.92,Base Game
original,55,58,14.53,Base Game
original,53,62,14.59,Base Game
original,51,56,15.2,Base Game
original,50,52,16.71,Base Game
original,60,37,12.71,Base Game
original,48,58,16.25,Base Game
original,53,57,14.65,Base Game
original,55,42,13.89,Base Game
original,51,41,13.6,Base Game
original,50,57,15.57,Base Game
original,59,52,13.91,Base Game
original,54,58,15.94,Base Game
original,48,69,17.83,Base Game
original,58,60,13.77,Base Game
original,49,56,17.08,Base Game
original,55,36,14.32,Base Game
original,51,70,15.13,Base Game
original,49,63,18.23,Base Game
original,53,53,16.29,Base Game
original,56,39,15.45,Base Game
original,55,47,14.26,Base Game
original,50,49,15.64,Base Game
original,51,59,15.87,Base Game
original,44,59,16.62,Base Game
original,54,53,15.33,Base Game
original,55,55,15.11,Base Game
original,52,54,16.25,Base Game
original,53,51,15.71,Base Game
original,51,58,16.0,Base Game
original,47,59,18.27,Base Game
original,50,59,15.43,Base Game
original,54,49,15.17,Base Game
original,53,59,13.35,Base Game
original,47,55,16.55,Base Game
original,53,66,17.06,Base Game
original,51,54,15.6,Base Game
original,54,42,15.11,Base Game
original,53,52,14.71,Base Game
original,55,47,15.11,Base Game
original,53,56,14.94,Base Game
original,52,66,16.56,Base Game
original,55,44,14.68,Base Game
original,49,55,14.62,Base Game
original,54,52,14.94,Base Game
original,47,67,17.82,Base Game
original,55,60,15.63,Base Game
original,52,56,15.88,Base Game
original,54,61,14.78,Base Game
original,54,41,15.78,Base Game
original,44,64,17.38,Base Game
original,52,59,14.94,Base Game
original,59,31,13.3,Base Game
original,56,67,16.3,Base Game
original,59,48,14.91,Base Game
original,56,52,15.15,Base Game
original,53,33,13.94,Base Game
original,51,51,14.87,Base Game
original,54,49,14.22,Base Game
original,51,48,15.33,Base Game
original,47,62,16.0,Base Game
original,51,61,14.8,Base Game
original,58,56,14.77,Base Game
original,60,41,14.71,Base Game
original,55,60,14.95,Base Game
original,50,58,15.57,Base Game
original,56,42,14.95,Base Game
original,58,58,15.23,Base Game
original,54,54,14.78,Base Game
original,52,37,14.19,Base Game
original,52,51,14.25,Base Game
original,42,52,17.33,Base Game
original,57,51,14.57,Base Game
original,51,49,14.4,Base Game
original,47,50,16.64,Base Game
original,53,52,14.47,Base Game
original,52,57,15.56,Base Game
original,58,55,14.05,Base Game
original,55,44,12.68,Base Game
original,51,54,14.2,Base Game
original,54,56,16.28,Base Game
original,57,50,15.67,Base Game
original,53,52,16.24,Base Game
original,49,50,16.23,Base Game
original,50,60,13.86,Base Game
original,55,61,14.58,Base Game
original,52,68,15.81,Base Game
original,59,48,13.7,Base Game
original,52,53,16.56,Base Game
original,47,55,16.82,Base Game
original,55,49,15.0,Base Game
original,55,58,14.84,Base Game
original,52,58,15.56,Base Game
original,49,59,14.77,Base Game
original,57,50,14.67,Base Game
original,53,64,14.94,Base Game
original,55,56,14.89,Base Game
original,51,58,16.4,Base Game
original,46,53,16.4,Base Game
original,54,47,15.28,Base Game
original,46,54,16.7,Base Game
original,52,45,14.44,Base Game
original,56,56,15.1,Base Game
original,51,47,16.53,Base Game
original,48,55,15.75,Base Game
original,57,44,14.14,Base Game
original,48,60,16.5,Base Game
original,52,64,16.12,Base Game
original,57,64,14.57,Base Game
original,54,40,14.11,Base Game
original,51,55,15.33,Base Game
original,59,50,14.61,Base Game
original,58,53,15.14,Base Game
original,52,61,14.69,Base Game
original,54,70,14.5,Base Game
original,53,63,15.82,Base Game
original,55,47,15.53,Base Game
original,52,56,15.81,Base Game
original,52,52,14.81,Base Game
original,50,58,16.07,Base Game
original,57,43,14.86,Base Game
original,56,58,15.4,Base Game
original,56,41,14.65,Base Game
original,51,64,13.6,Base Game
original,52,33,13.12,Base Game
original,55,52,13.58,Base Game
original,52,52,16.56,Base Game
original,50,41,15.93,Base Game
original,55,50,15.37,Base Game
original,60,43,14.29,Base Game
original,47,45,16.27,Base Game
original,56,45,15.4,Base Game
original,44,66,18.38,Base Game
original,53,49,12.94,Base Game
original,46,67,17.4,Base Game
original,57,62,14.9,Base Game
original,53,47,15.82,Base Game
original,56,54,14.75,Base Game
original,50,63,16.0,Base Game
original,47,57,15.0,Base Game
original,45,71,18.0,Base Game
original,54,59,14.67,Base Game
original,55,44,12.89,Base Game
original,54,36,14.78,Base Game
original,57,39,14.19,Base Game
original,57,41,14.19,Base Game
original,50,53,13.07,Base Game
original,55,57,14.53,Base Game
original,59,41,15.7,Base Game
original,52,51,15.12,Base Game
original,52,50,11.88,Base Game
original,51,64,16.87,Base Game
original,53,55,14.82,Base Game
original,51,45,15.87,Base Game
original,50,60,16.43,Base Game
original,56,40,14.55,Base Game
original,50,67,16.14,Base Game
original,51,49,15.87,Base Game
original,55,42,14.79,Base Game
original,58,47,14.27,Base Game
original,50,53,15.14,Base Game
original,43,55,18.0,Base Game
original,50,64,17.64,Base Game
original,50,58,14.43,Base Game
original,57,55,14.81,Base Game
original,53,63,16.24,Base Game
original,60,55,13.67,Base Game
original,49,62,17.15,Base Game
original,49,44,13.85,Base Game
original,50,49,15.5,Base Game
original,53,57,15.47,Base Game
original,47,73,17.27,Base Game
original,52,55,15.69,Base Game
original,54,48,15.06,Base Game
original,50,65,16.5,Base Game
original,53,39,14.88,Base Game
original,50,51,16.57,Base Game
original,56,48,15.55,Base Game
original,50,58,16.36,Base Game
original,50,69,16.86,Base Game
original,51,49,14.67,Base Game
original,58,34,14.27,Base Game
original,52,50,15.44,Base Game
original,47,56,17.82,Base Game
original,53,58,13.76,Base Game
original,47,51,15.45,Base Game
original,53,60,14.29,Base Game
original,49,50,15.92,Base Game
original,50,49,16.57,Base Game
original,50,47,15.93,Base Game
original,54,53,15.94,Base Game
original,55,59,14.37,Base Game
original,54,46,15.06,Base Game
original,55,54,15.53,Base Game
original,46,71,16.0,Base Game
original,49,39,16.23,Base Game
original,56,41,12.1,Base Game
original,50,58,16.21,Base Game
original,53,56,13.59,Base Game
original,47,58,17.73,Base Game
original,56,52,15.2,Base Game
original,53,54,15.18,Base Game
original,54,62,16.06,Base Game
original,56,51,15.95,Base Game
original,58,54,13.91,Base Game
original,52,59,15.94,Base Game
original,53,45,12.65,Base Game
original,48,63,17.08,Base Game
original,46,48,16.9,Base Game
original,49,50,17.54,Base Game
original,45,56,17.11,Base Game
original,59,32,14.57,Base Game
original,51,46,13.67,Base Game
original,55,36,13.21,Base Game
original,52,65,14.31,Base Game
original,55,44,13.95,Base Game
original,49,50,15.69,Base Game
original,51,57,13.93,Base Game
original,53,48,14.29,Base Game
original,59,44,15.48,Base Game
original,56,46,13.8,Base Game
original,56,41,13.75,Base Game
original,54,44,16.0,Base Game
original,55,68,16.05,Base Game
original,56,37,14.95,Base Game
original,56,52,15.2,Base Game
original,56,52,14.95,Base Game
original,52,46,15.12,Base Game
original,55,40,14.32,Base Game
original,52,46,15.81,Base Game
original,52,57,16.69,Base Game
original,51,44,15.13,Base Game
original,56,39,15.65,Base Game
original,44,74,17.25,Base Game
original,53,67,15.59,Base Game
original,54,57,15.5,Base Game
original,51,63,15.87,Base Game
original,51,52,15.8,Base Game
original,48,53,16.25,Base Game
original,55,36,13.89,Base Game
original,55,51,14.42,Base Game
original,45,61,17.11,Base Game
original,54,53,14.0,Base Game
original,50,58,13.86,Base Game
original,51,67,16.53,Base Game
original,52,54,15.0,Base Game
original,46,74,16.8,Base Game
original,48,70,16.25,Base Game
original,46,57,17.6,Base Game
original,50,64,17.64,Base Game
original,55,53,13.47,Base Game
original,50,58,16.14,Base Game
original,57,35,14.29,Base Game
original,54,47,15.22,Base Game
original,47,71,14.64,Base Game
original,58,58,14.59,Base Game
original,56,54,16.0,Base Game
original,48,60,16.08,Base Game
original,57,46,13.52,Base Game
original,54,56,14.67,Base Game
original,46,56,16.5,Base Game
original,54,53,14.61,Base Game
original,48,46,16.67,Base Game
original,50,53,15.71,Base Game
original,52,67,15.12,Base Game
original,54,52,15.83,Base Game
original,49,49,17.69,Base Game
original,53,57,16.65,Base Game
original,46,53,16.0,Base Game
original,45,70,16.89,Base Game
original,45,55,17.33,Base Game
original,55,45,15.37,Base Game
original,53,47,14.94,Base Game
original,51,54,15.6,Base Game
original,55,63,13.63,Base Game
original,57,45,12.62,Base Game
original,52,56,15.12,Base Game
original,55,56,14.68,Base Game
original,57,56,11.81,Base Game
original,56,51,14.8,Base Game
original,56,69,15.55,Base Game
original,50,44,15.07,Base Game
original,53,41,13.41,Base Game
original,54,46,14.06,Base Game
original,54,53,14.28,Base Game
original,56,52,14.9,Base Game
original,55,50,14.53,Base Game
original,51,63,16.53,Base Game
original,55,47,14.63,Base Game
original,46,59,16.7,Base Game
original,53,40,14.47,Base Game
original,53,43,14.53,Base Game
original,58,50,14.68,Base Game
original,50,58,15.86,Base Game
original,47,58,17.45,Base Game
original,52,54,13.62,Base Game
original,51,51,14.6,Base Game
original,56,50,14.85,Base Game
original,47,74,15.27,Base Game
original,55,63,15.39,Base Game
original,47,76,16.45,Base Game
original,49,57,16.08,Base Game
original,47,67,16.82,Base Game
original,54,54,15.28,Base Game
original,48,58,16.42,Base Game
original,49,51,17.23,Base Game
original,46,66,16.1,Base Game
original,57,43,13.14,Base Game
original,57,42,13.76,Base Game
original,54,51,16.06,Base Game
original,56,50,14.05,Base Game
original,55,45,14.95,Base Game
original,50,49,15.29,Base Game
original,53,49,15.0,Base Game
original,53,46,15.76,Base Game
original,55,51,13.05,Base Game
original,51,56,15.6,Base Game
original,49,53,16.31,Base Game
original,54,51,13.78,Base Game
original,47,55,16.55,Base Game
original,55,59,15.74,Base Game
original,52,58,16.38,Base Game
original,52,62,14.0,Base Game
original,55,53,15.74,Base Game
original,48,58,16.0,Base Game
original,60,41,13.88,Base Game
original,50,48,16.07,Base Game
original,50,58,15.0,Base Game
original,50,60,17.86,Base Game
original,51,66,15.67,Base Game
original,49,58,15.77,Base Game
original,55,43,14.74,Base Game
original,52,56,14.75,Base Game
original,51,58,17.2,Base Game
original,50,52,14.5,Base Game
original,56,56,14.6,Base Game
original,54,48,13.41,Base Game
original,58,59,12.86,Base Game
original,53,52,13.41,Base Game
original,48,59,16.5,Base Game
original,47,65,16.55,Base Game
original,56,38,13.3,Base Game
original,50,55,15.86,Base Game
original,53,53,15.41,Base Game
original,54,42,13.78,Base Game
original,57,41,12.76,Base Game
original,54,54,14.72,Base Game
original,47,54,17.09,Base Game
original,57,47,15.14,Base Game
original,54,41,14.11,Base Game
original,48,60,16.67,Base Game
original,50,55,16.07,Base Game
original,53,58,12.94,Base Game
original,54,56,15.17,Base Game
original,48,50,16.42,Base Game
original,53,67,15.71,Base Game
original,55,47,14.05,Base Game
original,52,55,15.5,Base Game
original,52,63,13.06,Base Game
original,56,47,14.5,Base Game
original,50,58,15.0,Base Game
original,55,53,15.74,Base Game
original,51,55,14.87,Base Game
original,51,52,15.93,Base Game
original,55,55,14.21,Base Game
original,57,38,13.33,Base Game
original,53,82,16.06,Base Game
original,50,53,17.07,Base Game
original,50,64,14.79,Base Game
original,56,52,16.0,Base Game
original,53,51,14.53,Base Game
original,51,69,14.0,Base Game
original,58,54,14.45,Base Game
original,55,49,14.47,Base Game
original,49,55,15.15,Base Game
original,53,64,14.41,Base Game
original,52,63,16.19,Base Game
original,54,53,15.06,Base Game
original,50,65,15.93,Base Game
original,53,51,15.41,Base Game
original,60,42,13.88,Base Game
original,46,62,17.1,Base Game
original,53,53,15.06,Base Game
original,52,62,14.94,Base Game
original,51,52,15.67,Base Game
original,48,69,14.75,Base Game
original,56,46,14.35,Base Game
original,48,46,17.17,Base Game
original,50,62,15.86,Base Game
original,55,48,14.11,Base Game
original,59,38,13.87,Base Game
original,56,64,14.85,Base Game
original,53,49,13.59,Base Game
original,49,45,15.54,Base Game
original,56,47,15.05,Base Game
original,49,54,15.85,Base Game
original,58,59,14.68,Base Game
original,56,51,14.9,Base Game
original,53,38,14.88,Base Game
original,48,63,16.92,Base Game
original,56,53,15.85,Base Game
original,55,57,14.11,Base Game
original,59,33,13.04,Base Game
original,54,50,15.5,Base Game
original,53,58,13.65,Base Game
original,55,38,13.11,Base Game
original,55,44,14.0,Base Game
original,45,62,17.33,Base Game
original,52,62,14.56,Base Game
original,55,40,15.37,Base Game
original,42,71,16.33,Base Game
original,54,47,16.44,Base Game
original,58,52,13.95,Base Game
original,61,34,12.28,Base Game
original,50,47,14.0,Base Game
original,55,59,16.0,Base Game
original,55,31,12.58,Base Game
original,52,57,14.0,Base Game
original,49,60,17.31,Base Game
original,47,67,17.64,Base Game
original,55,46,14.37,Base Game
original,53,53,13.41,Base Game
original,49,60,17.0,Base Game
original,52,57,16.69,Base Game
original,52,66,16.12,Base Game
original,55,60,15.84,Base Game
original,60,36,13.04,Base Game
original,53,62,14.47,Base Game
original,54,48,15.17,Base Game
original,51,47,14.93,Base Game
original,44,59,17.38,Base Game
original,53,51,15.24,Base Game
original,53,39,14.53,Base Game
original,52,57,15.94,Base Game
original,58,55,15.55,Base Game
original,58,46,15.09,Base Game
original,50,48,16.86,Base Game
original,50,60,17.0,Base Game
original,50,60,15.93,Base Game
original,57,51,15.29,Base Game
original,56,41,14.65,Base Game
original,53,40,12.88,Base Game
original,53,55,14.94,Base Game
original,49,47,16.38,Base Game
original,50,56,14.79,Base Game
original,53,57,16.12,Base Game
original,50,58,15.14,Base Game
original,56,70,16.15,Base Game
original,48,53,15.67,Base Game
original,48,50,14.42,Base Game
original,52,60,15.88,Base Game
original,52,50,15.25,Base Game
original,55,44,13.05,Base Game
original,59,55,15.57,Base Game
original,59,55,12.17,Base Game
original,51,67,15.4,Base Game
original,53,54,15.59,Base Game
original,49,49,15.85,Base Game
original,50,50,14.71,Base Game
original,48,58,16.42,Base Game
original,52,64,14.31,Base Game
original,53,54,14.47,Base Game
original,56,55,15.5,Base Game
original,50,47,13.93,Base Game
original,54,48,15.61,Base Game
original,48,58,15.42,Base Game
original,51,43,12.2,Base Game
original,49,68,16.92,Base Game
original,43,70,17.43,Base Game
original,53,60,16.65,Base Game
original,50,61,14.93,Base Game
original,46,59,16.7,Base Game
original,55,43,15.16,Base Game
original,53,63,15.06,Base Game
original,52,53,16.12,Base Game
original,53,57,14.29,Base Game
original,57,49,14.76,Base Game
original,55,55,13.68,Base Game
original,57,60,14.95,Base Game
original,50,50,15.29,Base Game
original,53,49,16.29,Base Game
original,54,53,14.67,Base Game
original,56,51,12.5,Base Game
original,47,57,14.73,Base Game
original,57,49,14.38,Base Game
original,51,52,16.67,Base Game
original,49,59,15.08,Base Game
original,54,46,14.89,Base Game
original,48,47,15.42,Base Game
original,53,42,14.76,Base Game
original,53,60,14.65,Base Game
original,50,51,15.43,Base Game
original,50,59,17.29,Base Game
original,51,53,15.6,Base Game
original,52,52,16.12,Base Game
original,50,66,16.43,Base Game
original,54,55,14.06,Base Game
original,52,53,16.12,Base Game
original,54,51,15.11,Base Game
original,52,65,14.88,Base Game
original,56,41,13.2,Base Game
original,49,52,15.08,Base Game
original,44,63,17.25,Base Game
original,56,51,16.05,Base Game
original,52,40,14.69,Base Game
original,51,64,14.93,Base Game
original,50,51,15.14,Base Game
original,53,51,16.53,Base Game
original,53,52,14.71,Base Game
original,53,57,15.41,Base Game
original,53,56,15.76,Base Game
original,46,63,16.3,Base Game
original,52,42,15.31,Base Game
original,57,58,14.38,Base Game
original,48,37,16.17,Base Game
original,54,54,12.78,Base Game
original,56,54,14.25,Base Game
original,55,57,16.26,Base Game
original,48,61,16.0,Base Game
original,55,51,14.68,Base Game
original,47,52,16.0,Base Game
original,52,52,15.62,Base Game
original,50,58,16.14,Base Game
original,52,51,15.0,Base Game
original,51,52,15.93,Base Game
original,54,55,15.17,Base Game
original,55,44,15.58,Base Game
original,50,55,17.29,Base Game
original,55,59,14.05,Base Game
original,53,64,15.35,Base Game
original,57,47,16.19,Base Game
original,53,55,14.59,Base Game
original,55,46,13.37,Base Game
original,45,74,16.44,Base Game
original,53,53,14.41,Base Game
original,50,56,16.43,Base Game
original,59,58,15.13,Base Game
original,55,56,15.95,Base Game
original,52,44,12.88,Base Game
original,57,52,14.1,Base Game
original,47,49,15.91,Base Game
original,53,53,14.29,Base Game
original,57,53,15.95,Base Game
original,52,46,13.44,Base Game
original,48,67,17.08,Base Game
original,55,57,15.68,Base Game
original,48,69,16.08,Base Game
original,52,50,16.06,Base Game
original,57,39,14.33,Base Game
original,46,51,15.2,Base Game
original,56,56,15.0,Base Game
original,60,47,14.54,Base Game
original,54,65,16.5,Base Game
original,55,54,15.11,Base Game
original,52,60,15.31,Base Game
original,52,63,16.25,Base Game
original,56,54,14.7,Base Game
original,48,49,12.75,Base Game
original,56,57,17.25,Base Game
original,55,57,12.89,Base Game
original,49,46,16.08,Base Game
original,51,44,15.47,Base Game
original,57,37,13.76,Base Game
original,52,72,15.06,Base Game
original,57,63,14.9,Base Game
original,53,50,15.12,Base Game
original,58,57,14.95,Base Game
original,57,35,14.29,Base Game
original,51,58,14.93,Base Game
original,54,66,14.5,Base Game
original,53,58,16.53,Base Game
original,57,59,14.95,Base Game
original,52,57,15.88,Base Game
original,51,58,16.6,Base Game
original,51,53,15.8,Base Game
original,49,63,14.92,Base Game
original,54,36,14.83,Base Game
original,50,52,15.29,Base Game
original,62,57,15.04,Base Game
original,54,43,13.0,Base Game
original,49,62,16.0,Base Game
original,51,54,15.13,Base Game
original,55,51,14.95,Base Game
original,50,61,16.43,Base Game
original,52,49,14.25,Base Game
original,53,52,14.18,Base Game
original,55,44,14.21,Base Game
original,58,43,14.41,Base Game
original,48,46,16.25,Base Game
original,50,47,15.79,Base Game
original,58,57,14.82,Base Game
original,51,56,15.07,Base Game
original,52,38,15.12,Base Game
original,47,49,15.64,Base Game
original,51,52,16.2,Base Game
original,54,43,14.72,Base Game
original,55,50,15.26,Base Game
original,58,33,12.05,Base Game
original,56,61,15.15,Base Game
original,49,69,15.62,Base Game
original,52,63,16.12,Base Game
original,47,60,16.09,Base Game
original,53,46,13.53,Base Game
original,51,66,16.4,Base Game
original,54,52,14.44,Base Game
original,54,52,15.65,Base Game
original,55,55,14.95,Base Game
original,57,61,15.71,Base Game
original,52,57,16.06,Base Game
original,57,46,14.33,Base Game
original,56,44,14.4,Base Game
original,57,52,15.43,Base Game
original,49,46,16.15,Base Game
original,52,56,14.94,Base Game
original,60,42,14.0,Base Game
original,49,54,16.15,Base Game
original,51,43,15.4,Base Game
original,54,57,15.33,Base Game
original,46,59,17.4,Base Game
original,45,62,17.0,Base Game
original,56,43,15.45,Base Game
original,54,57,14.94,Base Game
original,55,57,16.16,Base Game
original,52,50,13.31,Base Game
original,59,48,13.22,Base Game
original,49,50,16.54,Base Game
original,52,43,13.75,Base Game
original,50,58,14.93,Base Game
original,50,56,13.79,Base Game
original,55,54,14.84,Base Game
original,53,52,13.82,Base Game
original,56,40,14.4,Base Game
original,57,46,12.86,Base Game
original,58,59,15.23,Base Game
original,56,44,15.15,Base Game
original,50,58,16.93,Base Game
original,50,61,15.64,Base Game
original,56,60,14.1,Base Game
original,50,59,15.93,Base Game
original,54,48,14.78,Base Game
original,57,49,12.81,Base Game
original,51,66,14.8,Base Game
original,49,43,17.31,Base Game
original,54,49,13.94,Base Game
original,48,57,16.67,Base Game
original,49,67,18.23,Base Game
original,52,56,16.56,Base Game
original,52,41,17.38,Base Game
original,51,57,16.2,Base Game
original,53,61,15.35,Base Game
original,49,67,15.0,Base Game
original,50,48,14.36,Base Game
original,52,53,14.56,Base Game
original,56,63,16.6,Base Game
original,51,46,15.27,Base Game
original,55,48,14.16,Base Game
original,55,66,16.16,Base Game
original,55,46,12.11,Base Game
original,48,62,16.5,Base Game
original,47,62,15.55,Base Game
original,52,61,15.94,Base Game
original,51,66,16.0,Base Game
original,48,61,16.5,Base Game
original,48,71,16.75,Base Game
original,55,53,13.58,Base Game
original,47,59,16.45,Base Game
original,53,37,14.12,Base Game
original,48,60,16.75,Base Game
original,42,74,18.0,Base Game
original,49,61,16.23,Base Game
original,56,55,15.35,Base Game
original,52,60,15.38,Base Game
original,53,43,12.94,Base Game
original,50,38,14.07,Base Game
original,49,65,14.85,Base Game
original,48,56,17.33,Base Game
original,51,67,14.8,Base Game
original,52,62,14.88,Base Game
original,47,72,17.82,Base Game
original,50,41,14.64,Base Game
original,52,72,15.38,Base Game
original,46,48,14.6,Base Game
original,49,62,15.23,Base Game
original,47,66,18.18,Base Game
original,55,50,14.21,Base Game
original,53,43,15.65,Base Game
original,52,35,15.25,Base Game
original,50,59,16.21,Base Game
original,51,45,13.2,Base Game
original,51,65,14.33,Base Game
original,50,52,15.57,Base Game
original,53,58,17.06,Base Game
original,51,46,14.8,Base Game
original,53,58,15.65,Base Game
original,50,61,14.64,Base Game
original,53,58,14.76,Base Game
original,49,53,16.62,Base Game
original,49,45,16.08,Base Game
original,56,52,14.3,Base Game
original,49,64,17.54,Base Game
original,50,51,15.93,Base Game
original,60,57,14.96,Base Game
original,54,49,15.56,Base Game
original,50,51,17.14,Base Game
original,57,47,13.81,Base Game
original,49,50,16.38,Base Game
original,53,58,15.47,Base Game
original,50,46,16.79,Base Game
original,52,56,15.5,Base Game
original,57,37,13.57,Base Game
original,56,51,15.9,Base Game
original,49,74,16.38,Base Game
original,53,36,13.88,Base Game
original,55,40,15.0,Base Game
original,51,57,15.0,Base Game
original,53,46,14.47,Base Game
original,52,48,15.12,Base Game
original,54,58,15.17,Base Game
original,54,60,16.78,Base Game
original,50,65,15.79,Base Game
original,58,43,15.59,Base Game
original,50,51,15.29,Base Game
original,48,56,16.5,Base Game
original,53,58,15.65,Base Game
original,56,61,14.75,Base Game
original,53,58,14.88,Base Game
original,50,66,14.64,Base Game
original,50,54,16.43,Base Game
original,53,45,15.47,Base Game
original,52,49,14.88,Base Game
original,51,60,14.27,Base Game
original,56,54,15.75,Base Game
original,52,61,14.12,Base Game
original,47,55,16.73,Base Game
original,54,48,15.39,Base Game
original,51,59,15.93,Base Game
original,52,62,14.75,Base Game
original,56,52,14.35,Base Game
original,60,38,13.83,Base Game
original,58,54,14.45,Base Game
original,57,74,14.86,Base Game
original,56,53,14.25,Base Game
original,55,44,13.21,Base Game
original,51,56,15.47,Base Game
original,53,57,15.59,Base Game
original,50,47,14.5,Base Game
original,54,62,13.72,Base Game
original,51,56,16.13,Base Game
original,59,50,15.13,Base Game
original,54,40,13.67,Base Game
original,57,43,15.1,Base Game
original,51,55,15.73,Base Game
original,51,51,15.73,Base Game
original,47,75,17.55,Base Game
original,57,63,13.62,Base Game
original,51,69,15.07,Base Game
original,55,51,15.11,Base Game
original,49,49,16.31,Base Game
original,48,58,16.67,Base Game
original,53,56,15.06,Base Game
original,49,63,16.62,Base Game
original,57,46,15.24,Base Game
original,48,52,14.92,Base Game
original,53,42,13.71,Base Game
original,52,50,14.12,Base Game
original,47,56,16.18,Base Game
original,50,60,16.5,Base Game
original,54,47,15.39,Base Game
original,48,60,17.92,Base Game
original,47,66,16.91,Base Game
original,51,68,15.47,Base Game
original,50,59,15.5,Base Game
original,52,51,16.56,Base Game
original,54,52,15.33,Base Game
original,47,75,16.0,Base Game
original,54,54,15.94,Base Game
original,49,47,14.54,Base Game
original,47,49,17.18,Base Game
original,53,46,15.47,Base Game
original,46,54,18.2,Base Game
original,55,57,13.84,Base Game
original,48,65,15.83,Base Game
original,51,48,15.27,Base Game
original,52,58,16.12,Base Game
original,47,55,16.91,Base Game
original,53,52,14.65,Base Game
original,51,61,15.87,Base Game
original,48,57,16.75,Base Game
original,55,40,14.58,Base Game
original,50,44,13.5,Base Game
original,51,53,16.4,Base Game
original,53,70,15.65,Base Game
original,56,44,13.0,Base Game
original,44,43,16.0,Base Game
original,58,45,15.36,Base Game
original,53,56,15.12,Base Game
original,51,64,15.07,Base Game
original,53,47,14.82,Base Game
original,51,59,14.13,Base Game
original,52,56,15.56,Base Game
original,52,63,16.06,Base Game
original,51,45,15.13,Base Game
original,55,57,15.26,Base Game
original,49,49,14.77,Base Game
original,55,61,15.32,Base Game
original,47,61,16.82,Base Game
original,53,59,16.24,Base Game
original,51,41,14.33,Base Game
original,46,65,17.6,Base Game
original,59,39,13.39,Base Game
original,57,55,14.57,Base Game
original,52,55,16.31,Base Game
original,56,48,14.1,Base Game
original,57,57,15.33,Base Game
original,55,51,14.11,Base Game
original,53,63,15.65,Base Game
original,54,50,15.28,Base Game
original,53,53,15.35,Base Game
original,51,67,15.87,Base Game
original,50,56,16.43,Base Game
original,49,62,16.08,Base Game
original,56,38,12.8,Base Game
original,55,48,16.53,Base Game
original,46,69,17.7,Base Game
original,52,55,15.31,Base Game
original,56,55,14.55,Base Game
original,54,62,15.5,Base Game
original,47,70,16.91,Base Game
original,47,54,16.82,Base Game
original,61,40,14.76,Base Game
original,53,36,16.12,Base Game
original,46,48,16.5,Base Game
original,57,50,13.29,Base Game
original,49,53,14.31,Base Game
original,50,47,16.5,Base Game
original,49,53,15.15,Base Game
original,49,66,15.46,Base Game
original,53,52,16.47,Base Game
original,50,52,15.64,Base Game
original,52,71,16.88,Base Game
original,55,37,14.68,Base Game
original,48,44,16.83,Base Game
original,56,64,14.55,Base Game
original,45,69,17.0,Base Game
original,57,50,14.19,Base Game
original,50,67,16.79,Base Game
original,50,61,14.79,Base Game
original,56,49,15.05,Base Game
original,53,54,16.88,Base Game
original,49,54,16.23,Base Game
original,53,51,16.18,Base Game
original,47,67,16.0,Base Game
original,54,48,13.94,Base Game
original,52,65,15.69,Base Game
original,53,54,15.18,Base Game
original,47,71,17.27,Base Game
original,56,39,14.5,Base Game
original,61,50,15.36,Base Game
original,55,58,15.84,Base Game
original,56,46,13.2,Base Game
original,52,49,15.69,Base Game
original,53,69,15.53,Base Game
original,58,38,13.23,Base Game
original,54,58,15.06,Base Game
original,56,41,14.3,Base Game
original,51,68,14.73,Base Game
original,47,54,16.36,Base Game
original,54,52,15.56,Base Game
original,52,47,15.12,Base Game
original,53,53,14.06,Base Game
original,51,53,13.07,Base Game
original,48,53,14.67,Base Game
original,49,60,16.38,Base Game
original,57,45,14.62,Base Game
original,46,58,15.1,Base Game
original,54,63,15.56,Base Game
original,51,52,15.67,Base Game
original,54,46,15.33,Base Game
original,49,49,15.0,Base Game
original,56,62,15.35,Base Game
original,46,70,16.7,Base Game
original,50,53,15.64,Base Game
original,55,50,13.47,Base Game
original,54,55,14.83,Base Game
original,50,46,16.93,Base Game
original,58,43,14.5,Base Game
original,53,63,14.94,Base Game
original,51,56,15.73,Base Game
original,48,47,16.17,Base Game
original,53,51,16.47,Base Game
original,52,45,15.25,Base Game
original,58,52,15.14,Base Game
original,60,55,14.62,Base Game
original,51,61,15.67,Base Game
original,55,55,14.68,Base Game
original,51,53,16.47,Base Game
original,57,66,15.24,Base Game
original,55,50,14.95,Base Game
original,52,53,15.25,Base Game
original,57,43,13.71,Base Game
original,55,53,15.79,Base Game
original,50,63,15.14,Base Game
original,55,58,15.37,Base Game
original,49,48,15.85,Base Game
original,52,51,13.69,Base Game
original,52,66,15.31,Base Game
original,48,57,14.17,Base Game
original,50,51,15.64,Base Game
original,51,42,16.87,Base Game
original,56,58,12.6,Base Game
original,44,65,19.12,Base Game
original,51,57,14.73,Base Game
original,49,45,17.31,Base Game
original,57,42,14.81,Base Game
original,56,59,14.25,Base Game
original,51,66,15.13,Base Game
original,55,53,13.95,Base Game
original,55,46,15.42,Base Game
original,47,61,18.18,Base Game
original,49,60,15.92,Base Game
original,52,61,16.38,Base Game
original,53,48,14.59,Base Game
original,56,53,13.75,Base Game
original,59,42,13.91,Base Game
original,58,35,14.5,Base Game
original,55,42,12.89,Base Game
original,53,59,15.0,Base Game
original,56,40,13.45,Base Game
original,55,34,12.84,Base Game
original,49,57,17.69,Base Game
original,52,48,14.56,Base Game
original,53,56,15.65,Base Game
original,48,57,15.58,Base Game
original,51,50,13.27,Base Game
original,52,54,15.38,Base Game
original,47,54,16.18,Base Game
original,54,46,17.17,Base Game
original,56,55,13.8,Base Game
original,53,66,15.41,Base Game
original,53,62,16.47,Base Game
original,59,45,12.26,Base Game
original,51,51,15.93,Base Game
original,55,57,14.32,Base Game
original,44,59,17.38,Base Game
original,57,51,14.19,Base Game
original,49,59,16.85,Base Game
original,49,51,14.23,Base Game
original,54,70,17.0,Base Game
original,57,55,14.19,Base Game
original,52,58,15.81,Base Game
original,45,68,18.67,Base Game
original,54,43,15.83,Base Game
original,59,49,15.48,Base Game
original,59,46,14.48,Base Game
original,53,41,15.24,Base Game
original,51,55,15.6,Base Game
original,57,58,15.0,Base Game
original,51,61,15.8,Base Game
original,59,55,14.57,Base Game
original,55,55,13.68,Base Game
original,47,59,16.82,Base Game
original,55,50,15.0,Base Game
original,55,59,16.68,Base Game
original,52,44,15.56,Base Game
original,51,60,16.0,Base Game
original,52,56,15.81,Base Game
original,50,57,15.21,Base Game
original,54,44,14.22,Base Game
original,52,59,15.81,Base Game
original,51,64,15.13,Base Game
A,59,62,11.91,Increased Capacity (1-7)
A,58,45,12.91,Increased Capacity (1-7)
A,53,63,15.0,Increased Capacity (1-7)
A,59,67,12.74,Increased Capacity (1-7)
A,53,63,14.18,Increased Capacity (1-7)
A,59,52,14.0,Increased Capacity (1-7)
A,54,51,13.61,Increased Capacity (1-7)
A,57,58,15.71,Increased Capacity (1-7)
A,57,60,15.81,Increased Capacity (1-7)
A,57,47,14.62,Increased Capacity (1-7)
A,56,64,14.45,Increased Capacity (1-7)
A,58,61,13.18,Increased Capacity (1-7)
A,49,79,16.92,Increased Capacity (1-7)
A,52,67,15.0,Increased Capacity (1-7)
A,60,45,14.67,Increased Capacity (1-7)
A,59,40,13.65,Increased Capacity (1-7)
A,53,81,15.53,Increased Capacity (1-7)
A,54,56,15.33,Increased Capacity (1-7)
A,62,53,14.19,Increased Capacity (1-7)
A,53,78,15.06,Increased Capacity (1-7)
A,42,74,19.0,Increased Capacity (1-7)
A,55,48,14.89,Increased Capacity (1-7)
A,57,61,12.86,Increased Capacity (1-7)
A,59,64,13.61,Increased Capacity (1-7)
A,54,60,15.17,Increased Capacity (1-7)
A,55,49,15.32,Increased Capacity (1-7)
A,61,61,15.0,Increased Capacity (1-7)
A,49,65,15.62,Increased Capacity (1-7)
A,56,53,15.25,Increased Capacity (1-7)
A,57,68,15.1,Increased Capacity (1-7)
A,50,73,15.29,Increased Capacity (1-7)
A,58,67,14.95,Increased Capacity (1-7)
A,61,39,14.36,Increased Capacity (1-7)
A,60,72,14.33,Increased Capacity (1-7)
A,48,68,18.17,Increased Capacity (1-7)
A,55,61,14.53,Increased Capacity (1-7)
A,60,64,14.12,Increased Capacity (1-7)
A,47,81,17.0,Increased Capacity (1-7)
A,51,75,16.6,Increased Capacity (1-7)
A,58,41,13.27,Increased Capacity (1-7)
A,49,80,16.08,Increased Capacity (1-7)
A,53,70,15.47,Increased Capacity (1-7)
A,52,50,13.62,Increased Capacity (1-7)
A,60,49,13.25,Increased Capacity (1-7)
A,60,53,14.25,Increased Capacity (1-7)
A,53,60,14.0,Increased Capacity (1-7)
A,51,65,15.07,Increased Capacity (1-7)
A,60,45,14.42,Increased Capacity (1-7)
A,57,62,15.52,Increased Capacity (1-7)
A,57,67,14.29,Increased Capacity (1-7)
A,64,58,14.25,Increased Capacity (1-7)
A,56,60,13.8,Increased Capacity (1-7)
A,49,81,18.23,Increased Capacity (1-7)
A,53,60,13.29,Increased Capacity (1-7)
A,55,71,15.21,Increased Capacity (1-7)
A,54,61,15.06,Increased Capacity (1-7)
A,52,77,14.69,Increased Capacity (1-7)
A,56,58,13.4,Increased Capacity (1-7)
A,55,58,16.0,Increased Capacity (1-7)
A,54,56,15.89,Increased Capacity (1-7)
A,60,64,16.33,Increased Capacity (1-7)
A,55,47,15.21,Increased Capacity (1-7)
A,59,58,14.57,Increased Capacity (1-7)
A,63,60,15.81,Increased Capacity (1-7)
A,54,69,15.89,Increased Capacity (1-7)
A,49,60,16.08,Increased Capacity (1-7)
A,49,70,16.38,Increased Capacity (1-7)
A,57,53,14.05,Increased Capacity (1-7)
A,61,46,12.8,Increased Capacity (1-7)
A,52,55,13.12,Increased Capacity (1-7)
A,62,51,12.65,Increased Capacity (1-7)
A,56,65,16.85,Increased Capacity (1-7)
A,60,59,14.88,Increased Capacity (1-7)
A,48,79,16.92,Increased Capacity (1-7)
A,58,63,14.59,Increased Capacity (1-7)
A,55,61,13.79,Increased Capacity (1-7)
A,56,40,13.8,Increased Capacity (1-7)
A,62,69,15.04,Increased Capacity (1-7)
A,53,59,15.06,Increased Capacity (1-7)
A,59,57,14.74,Increased Capacity (1-7)
A,55,62,15.26,Increased Capacity (1-7)
A,57,69,15.14,Increased Capacity (1-7)
A,51,71,15.8,Increased Capacity (1-7)
A,54,54,15.89,Increased Capacity (1-7)
A,53,59,16.0,Increased Capacity (1-7)
A,52,52,14.06,Increased Capacity (1-7)
A,56,52,15.25,Increased Capacity (1-7)
A,59,57,13.87,Increased Capacity (1-7)
A,62,49,14.85,Increased Capacity (1-7)
A,56,60,14.15,Increased Capacity (1-7)
A,56,51,15.5,Increased Capacity (1-7)
A,57,71,13.9,Increased Capacity (1-7)
A,60,55,14.79,Increased Capacity (1-7)
A,58,50,15.23,Increased Capacity (1-7)
A,53,61,15.94,Increased Capacity (1-7)
A,53,59,13.71,Increased Capacity (1-7)
A,57,68,15.81,Increased Capacity (1-7)
A,56,50,13.55,Increased Capacity (1-7)
A,53,66,15.41,Increased Capacity (1-7)
A,57,65,15.76,Increased Capacity (1-7)
A,52,54,15.06,Increased Capacity (1-7)
A,51,53,14.47,Increased Capacity (1-7)
A,53,48,13.0,Increased Capacity (1-7)
A,58,69,12.77,Increased Capacity (1-7)
A,55,53,14.37,Increased Capacity (1-7)
A,56,64,14.65,Increased Capacity (1-7)
A,60,51,13.96,Increased Capacity (1-7)
A,50,58,15.79,Increased Capacity (1-7)
A,58,64,14.82,Increased Capacity (1-7)
A,54,63,15.61,Increased Capacity (1-7)
A,58,64,14.23,Increased Capacity (1-7)
A,50,73,17.21,Increased Capacity (1-7)
A,59,55,13.7,Increased Capacity (1-7)
A,55,55,13.47,Increased Capacity (1-7)
A,56,64,13.0,Increased Capacity (1-7)
A,55,56,14.58,Increased Capacity (1-7)
A,56,65,15.35,Increased Capacity (1-7)
A,55,79,15.63,Increased Capacity (1-7)
A,56,50,12.75,Increased Capacity (1-7)
A,52,71,14.44,Increased Capacity (1-7)
A,55,66,15.68,Increased Capacity (1-7)
A,59,54,13.96,Increased Capacity (1-7)
A,58,69,15.64,Increased Capacity (1-7)
A,60,56,14.38,Increased Capacity (1-7)
A,57,62,15.52,Increased Capacity (1-7)
A,64,57,14.29,Increased Capacity (1-7)
A,46,77,17.5,Increased Capacity (1-7)
A,56,71,15.2,Increased Capacity (1-7)
A,56,63,15.6,Increased Capacity (1-7)
A,58,66,14.0,Increased Capacity (1-7)
A,54,54,12.28,Increased Capacity (1-7)
A,50,73,17.29,Increased Capacity (1-7)
A,56,51,13.55,Increased Capacity (1-7)
A,52,86,16.88,Increased Capacity (1-7)
A,52,62,16.94,Increased Capacity (1-7)
A,62,51,14.88,Increased Capacity (1-7)
A,60,43,13.62,Increased Capacity (1-7)
A,56,80,14.0,Increased Capacity (1-7)
A,52,60,16.38,Increased Capacity (1-7)
A,57,70,14.1,Increased Capacity (1-7)
A,54,60,15.56,Increased Capacity (1-7)
A,54,64,16.0,Increased Capacity (1-7)
A,55,55,15.26,Increased Capacity (1-7)
A,53,52,13.18,Increased Capacity (1-7)
A,59,71,14.96,Increased Capacity (1-7)
A,56,58,13.5,Increased Capacity (1-7)
A,53,76,14.41,Increased Capacity (1-7)
A,60,73,15.08,Increased Capacity (1-7)
A,54,62,13.56,Increased Capacity (1-7)
A,55,69,15.26,Increased Capacity (1-7)
A,49,69,15.77,Increased Capacity (1-7)
A,60,62,13.54,Increased Capacity (1-7)
A,58,54,14.18,Increased Capacity (1-7)
A,60,81,14.5,Increased Capacity (1-7)
A,58,64,15.86,Increased Capacity (1-7)
A,54,55,14.83,Increased Capacity (1-7)
A,55,54,15.74,Increased Capacity (1-7)
A,61,48,13.84,Increased Capacity (1-7)
A,53,58,14.53,Increased Capacity (1-7)
A,56,76,15.4,Increased Capacity (1-7)
A,63,65,13.7,Increased Capacity (1-7)
A,61,61,14.24,Increased Capacity (1-7)
A,54,63,14.78,Increased Capacity (1-7)
A,57,52,13.57,Increased Capacity (1-7)
A,56,61,15.0,Increased Capacity (1-7)
A,50,66,14.71,Increased Capacity (1-7)
A,55,79,15.37,Increased Capacity (1-7)
A,59,44,14.17,Increased Capacity (1-7)
A,58,53,14.5,Increased Capacity (1-7)
A,59,63,14.43,Increased Capacity (1-7)
A,59,60,16.09,Increased Capacity (1-7)
A,58,73,15.36,Increased Capacity (1-7)
A,59,58,14.48,Increased Capacity (1-7)
A,55,50,14.32,Increased Capacity (1-7)
A,60,81,15.29,Increased Capacity (1-7)
A,58,56,12.68,Increased Capacity (1-7)
A,55,59,14.84,Increased Capacity (1-7)
A,53,33,14.59,Increased Capacity (1-7)
A,59,51,15.09,Increased Capacity (1-7)
A,60,50,14.92,Increased Capacity (1-7)
A,50,77,15.0,Increased Capacity (1-7)
A,50,58,14.79,Increased Capacity (1-7)
A,67,46,13.61,Increased Capacity (1-7)
A,51,66,13.93,Increased Capacity (1-7)
A,52,53,11.69,Increased Capacity (1-7)
A,56,61,13.75,Increased Capacity (1-7)
A,62,54,14.77,Increased Capacity (1-7)
A,55,59,15.74,Increased Capacity (1-7)
A,63,44,14.48,Increased Capacity (1-7)
A,60,55,13.75,Increased Capacity (1-7)
A,55,69,16.42,Increased Capacity (1-7)
A,57,52,14.24,Increased Capacity (1-7)
A,54,68,15.67,Increased Capacity (1-7)
A,55,73,15.16,Increased Capacity (1-7)
A,55,49,13.95,Increased Capacity (1-7)
A,56,62,15.8,Increased Capacity (1-7)
A,60,60,12.29,Increased Capacity (1-7)
A,54,59,15.44,Increased Capacity (1-7)
A,58,43,13.14,Increased Capacity (1-7)
A,60,59,12.71,Increased Capacity (1-7)
A,59,43,14.17,Increased Capacity (1-7)
A,51,75,15.4,Increased Capacity (1-7)
A,55,73,14.16,Increased Capacity (1-7)
A,54,61,14.67,Increased Capacity (1-7)
A,62,49,13.96,Increased Capacity (1-7)
A,54,59,14.72,Increased Capacity (1-7)
A,56,50,12.9,Increased Capacity (1-7)
A,61,61,13.44,Increased Capacity (1-7)
A,57,57,15.71,Increased Capacity (1-7)
A,52,67,16.5,Increased Capacity (1-7)
A,64,58,14.22,Increased Capacity (1-7)
A,66,58,14.5,Increased Capacity (1-7)
A,59,55,15.09,Increased Capacity (1-7)
A,56,48,16.1,Increased Capacity (1-7)
A,56,57,14.5,Increased Capacity (1-7)
A,55,53,15.05,Increased Capacity (1-7)
A,53,71,15.18,Increased Capacity (1-7)
A,59,58,14.04,Increased Capacity (1-7)
A,53,66,14.65,Increased Capacity (1-7)
A,55,61,14.0,Increased Capacity (1-7)
A,58,73,14.41,Increased Capacity (1-7)
A,55,53,15.05,Increased Capacity (1-7)
A,50,61,15.64,Increased Capacity (1-7)
A,57,73,15.24,Increased Capacity (1-7)
A,51,81,15.93,Increased Capacity (1-7)
A,53,64,15.24,Increased Capacity (1-7)
A,54,72,15.39,Increased Capacity (1-7)
A,56,56,14.3,Increased Capacity (1-7)
A,56,51,12.7,Increased Capacity (1-7)
A,51,70,15.2,Increased Capacity (1-7)
A,57,72,15.81,Increased Capacity (1-7)
A,58,56,13.95,Increased Capacity (1-7)
A,54,40,13.94,Increased Capacity (1-7)
A,54,67,13.78,Increased Capacity (1-7)
A,60,76,14.62,Increased Capacity (1-7)
A,54,76,13.5,Increased Capacity (1-7)
A,56,62,14.0,Increased Capacity (1-7)
A,59,56,14.91,Increased Capacity (1-7)
A,55,74,15.47,Increased Capacity (1-7)
A,62,59,14.15,Increased Capacity (1-7)
A,64,49,14.0,Increased Capacity (1-7)
A,54,65,15.17,Increased Capacity (1-7)
A,61,53,14.36,Increased Capacity (1-7)
A,51,65,14.33,Increased Capacity (1-7)
A,57,35,13.67,Increased Capacity (1-7)
A,60,46,14.96,Increased Capacity (1-7)
A,52,66,16.44,Increased Capacity (1-7)
A,61,47,14.0,Increased Capacity (1-7)
A,59,54,13.87,Increased Capacity (1-7)
A,56,45,14.0,Increased Capacity (1-7)
A,61,56,13.96,Increased Capacity (1-7)
A,59,52,13.13,Increased Capacity (1-7)
A,56,41,13.35,Increased Capacity (1-7)
A,61,59,14.52,Increased Capacity (1-7)
A,55,52,13.79,Increased Capacity (1-7)
A,59,55,14.96,Increased Capacity (1-7)
A,54,54,13.83,Increased Capacity (1-7)
A,58,71,15.09,Increased Capacity (1-7)
A,56,66,13.45,Increased Capacity (1-7)
A,55,49,15.11,Increased Capacity (1-7)
A,56,64,15.3,Increased Capacity (1-7)
A,47,64,17.91,Increased Capacity (1-7)
A,58,74,13.86,Increased Capacity (1-7)
A,49,74,15.62,Increased Capacity (1-7)
A,60,57,14.21,Increased Capacity (1-7)
A,55,61,13.68,Increased Capacity (1-7)
A,52,71,15.56,Increased Capacity (1-7)
A,57,61,14.0,Increased Capacity (1-7)
A,51,69,15.6,Increased Capacity (1-7)
A,57,58,14.95,Increased Capacity (1-7)
A,54,72,14.11,Increased Capacity (1-7)
A,60,30,12.96,Increased Capacity (1-7)
A,58,57,14.41,Increased Capacity (1-7)
A,56,66,14.85,Increased Capacity (1-7)
A,59,51,14.13,Increased Capacity (1-7)
A,55,69,15.32,Increased Capacity (1-7)
A,57,63,16.0,Increased Capacity (1-7)
A,63,59,13.63,Increased Capacity (1-7)
A,57,56,14.71,Increased Capacity (1-7)
A,58,61,13.18,Increased Capacity (1-7)
A,46,74,16.3,Increased Capacity (1-7)
A,51,70,15.4,Increased Capacity (1-7)
A,59,57,14.96,Increased Capacity (1-7)
A,55,57,13.47,Increased Capacity (1-7)
A,56,73,15.45,Increased Capacity (1-7)
A,63,42,14.19,Increased Capacity (1-7)
A,56,44,15.0,Increased Capacity (1-7)
A,56,49,13.4,Increased Capacity (1-7)
A,53,69,17.0,Increased Capacity (1-7)
A,53,64,14.53,Increased Capacity (1-7)
A,58,43,14.36,Increased Capacity (1-7)
A,55,72,14.26,Increased Capacity (1-7)
A,59,58,14.61,Increased Capacity (1-7)
A,52,80,14.19,Increased Capacity (1-7)
A,61,62,12.64,Increased Capacity (1-7)
A,57,61,16.14,Increased Capacity (1-7)
A,59,43,12.65,Increased Capacity (1-7)
A,54,66,15.44,Increased Capacity (1-7)
A,55,69,14.47,Increased Capacity (1-7)
A,53,65,13.18,Increased Capacity (1-7)
A,61,57,14.4,Increased Capacity (1-7)
A,57,68,15.67,Increased Capacity (1-7)
A,54,68,16.56,Increased Capacity (1-7)
A,56,61,14.95,Increased Capacity (1-7)
A,59,38,12.57,Increased Capacity (1-7)
A,52,59,13.88,Increased Capacity (1-7)
A,53,72,14.12,Increased Capacity (1-7)
A,60,39,15.62,Increased Capacity (1-7)
A,65,56,13.59,Increased Capacity (1-7)
A,60,52,14.54,Increased Capacity (1-7)
A,53,74,15.82,Increased Capacity (1-7)
A,54,71,17.56,Increased Capacity (1-7)
A,58,57,14.91,Increased Capacity (1-7)
A,51,67,15.67,Increased Capacity (1-7)
A,56,55,13.75,Increased Capacity (1-7)
A,54,45,13.5,Increased Capacity (1-7)
A,50,55,14.93,Increased Capacity (1-7)
A,55,66,15.53,Increased Capacity (1-7)
A,60,47,13.12,Increased Capacity (1-7)
A,59,54,12.83,Increased Capacity (1-7)
A,55,53,15.26,Increased Capacity (1-7)
A,52,66,16.19,Increased Capacity (1-7)
A,57,61,13.71,Increased Capacity (1-7)
A,59,66,14.04,Increased Capacity (1-7)
A,57,52,14.95,Increased Capacity (1-7)
A,58,58,14.82,Increased Capacity (1-7)
A,56,68,14.0,Increased Capacity (1-7)
A,47,65,15.55,Increased Capacity (1-7)
A,56,58,13.35,Increased Capacity (1-7)
A,61,53,14.76,Increased Capacity (1-7)
A,48,92,16.25,Increased Capacity (1-7)
A,56,60,14.3,Increased Capacity (1-7)
A,49,70,15.85,Increased Capacity (1-7)
A,52,49,14.44,Increased Capacity (1-7)
A,55,80,15.47,Increased Capacity (1-7)
A,60,58,14.92,Increased Capacity (1-7)
A,57,50,14.71,Increased Capacity (1-7)
A,53,65,15.94,Increased Capacity (1-7)
A,50,63,15.29,Increased Capacity (1-7)
A,53,71,15.53,Increased Capacity (1-7)
A,53,63,14.53,Increased Capacity (1-7)
A,54,71,16.22,Increased Capacity (1-7)
A,57,64,13.71,Increased Capacity (1-7)
A,57,70,14.71,Increased Capacity (1-7)
A,57,68,16.05,Increased Capacity (1-7)
A,63,60,14.04,Increased Capacity (1-7)
A,59,52,13.39,Increased Capacity (1-7)
A,64,64,14.39,Increased Capacity (1-7)
A,59,64,15.48,Increased Capacity (1-7)
A,56,51,14.8,Increased Capacity (1-7)
A,67,47,14.35,Increased Capacity (1-7)
A,54,66,13.72,Increased Capacity (1-7)
A,59,63,15.3,Increased Capacity (1-7)
A,56,55,14.75,Increased Capacity (1-7)
A,55,45,16.05,Increased Capacity (1-7)
A,60,48,13.0,Increased Capacity (1-7)
A,61,42,12.84,Increased Capacity (1-7)
A,60,60,14.0,Increased Capacity (1-7)
A,61,43,13.12,Increased Capacity (1-7)
A,52,66,14.69,Increased Capacity (1-7)
A,55,79,15.68,Increased Capacity (1-7)
A,53,65,14.59,Increased Capacity (1-7)
A,55,68,13.42,Increased Capacity (1-7)
A,53,63,15.94,Increased Capacity (1-7)
A,61,60,15.44,Increased Capacity (1-7)
A,56,54,14.4,Increased Capacity (1-7)
A,60,65,15.46,Increased Capacity (1-7)
A,58,56,14.48,Increased Capacity (1-7)
A,60,60,15.08,Increased Capacity (1-7)
A,59,57,14.04,Increased Capacity (1-7)
A,66,58,13.87,Increased Capacity (1-7)
A,54,55,13.83,Increased Capacity (1-7)
A,54,52,15.89,Increased Capacity (1-7)
A,57,55,13.52,Increased Capacity (1-7)
A,58,61,15.73,Increased Capacity (1-7)
A,57,51,15.0,Increased Capacity (1-7)
A,60,52,13.29,Increased Capacity (1-7)
A,47,86,16.0,Increased Capacity (1-7)
A,61,52,14.12,Increased Capacity (1-7)
A,61,62,14.28,Increased Capacity (1-7)
A,57,57,15.57,Increased Capacity (1-7)
A,58,69,15.0,Increased Capacity (1-7)
A,58,73,14.86,Increased Capacity (1-7)
A,56,56,16.35,Increased Capacity (1-7)
A,55,60,17.37,Increased Capacity (1-7)
A,49,80,16.46,Increased Capacity (1-7)
A,61,52,14.88,Increased Capacity (1-7)
A,55,58,14.84,Increased Capacity (1-7)
A,60,68,14.12,Increased Capacity (1-7)
A,54,65,14.0,Increased Capacity (1-7)
A,57,58,13.67,Increased Capacity (1-7)
A,61,62,14.16,Increased Capacity (1-7)
A,61,81,14.64,Increased Capacity (1-7)
A,54,74,14.06,Increased Capacity (1-7)
A,60,54,14.62,Increased Capacity (1-7)
A,48,72,14.75,Increased Capacity (1-7)
A,63,60,13.93,Increased Capacity (1-7)
A,54,58,15.22,Increased Capacity (1-7)
A,59,56,16.09,Increased Capacity (1-7)
A,54,47,13.67,Increased Capacity (1-7)
A,58,64,13.77,Increased Capacity (1-7)
A,57,68,15.57,Increased Capacity (1-7)
A,58,61,15.59,Increased Capacity (1-7)
A,59,74,14.96,Increased Capacity (1-7)
A,60,50,15.25,Increased Capacity (1-7)
A,53,66,15.65,Increased Capacity (1-7)
A,54,61,13.44,Increased Capacity (1-7)
A,59,47,14.22,Increased Capacity (1-7)
A,53,49,13.06,Increased Capacity (1-7)
A,46,75,16.8,Increased Capacity (1-7)
A,62,56,13.92,Increased Capacity (1-7)
A,58,42,14.32,Increased Capacity (1-7)
A,59,43,14.17,Increased Capacity (1-7)
A,57,47,15.9,Increased Capacity (1-7)
A,55,58,13.63,Increased Capacity (1-7)
A,58,45,14.5,Increased Capacity (1-7)
A,54,62,15.33,Increased Capacity (1-7)
A,56,50,13.8,Increased Capacity (1-7)
A,53,71,15.82,Increased Capacity (1-7)
A,62,46,14.27,Increased Capacity (1-7)
A,56,53,14.2,Increased Capacity (1-7)
A,67,51,13.55,Increased Capacity (1-7)
A,48,74,16.58,Increased Capacity (1-7)
A,52,60,14.0,Increased Capacity (1-7)
A,55,63,15.0,Increased Capacity (1-7)
A,62,42,14.42,Increased Capacity (1-7)
A,52,54,13.75,Increased Capacity (1-7)
A,61,65,13.48,Increased Capacity (1-7)
A,52,65,15.69,Increased Capacity (1-7)
A,59,57,12.57,Increased Capacity (1-7)
A,54,78,16.44,Increased Capacity (1-7)
A,56,62,12.5,Increased Capacity (1-7)
A,57,67,15.19,Increased Capacity (1-7)
A,59,64,14.43,Increased Capacity (1-7)
A,55,68,14.05,Increased Capacity (1-7)
A,58,67,14.86,Increased Capacity (1-7)
A,56,47,13.3,Increased Capacity (1-7)
A,53,61,16.0,Increased Capacity (1-7)
A,57,46,13.05,Increased Capacity (1-7)
A,50,81,14.71,Increased Capacity (1-7)
A,65,46,13.9,Increased Capacity (1-7)
A,60,54,13.21,Increased Capacity (1-7)
A,53,47,13.71,Increased Capacity (1-7)
A,61,51,13.2,Increased Capacity (1-7)
A,55,65,16.21,Increased Capacity (1-7)
A,56,56,15.6,Increased Capacity (1-7)
A,49,48,15.23,Increased Capacity (1-7)
A,49,69,15.23,Increased Capacity (1-7)
A,51,66,15.73,Increased Capacity (1-7)
A,57,59,15.19,Increased Capacity (1-7)
A,56,66,12.45,Increased Capacity (1-7)
A,52,62,16.5,Increased Capacity (1-7)
A,61,45,13.64,Increased Capacity (1-7)
A,52,70,15.75,Increased Capacity (1-7)
A,58,42,15.32,Increased Capacity (1-7)
A,53,56,15.18,Increased Capacity (1-7)
A,53,58,14.71,Increased Capacity (1-7)
A,55,49,15.63,Increased Capacity (1-7)
A,56,53,15.2,Increased Capacity (1-7)
A,55,68,14.79,Increased Capacity (1-7)
A,57,60,14.19,Increased Capacity (1-7)
A,58,63,13.73,Increased Capacity (1-7)
A,51,56,13.67,Increased Capacity (1-7)
A,56,77,15.5,Increased Capacity (1-7)
A,67,44,14.68,Increased Capacity (1-7)
A,58,49,13.95,Increased Capacity (1-7)
A,60,53,13.46,Increased Capacity (1-7)
A,61,60,14.84,Increased Capacity (1-7)
A,55,72,16.37,Increased Capacity (1-7)
A,48,59,17.25,Increased Capacity (1-7)
A,53,70,14.29,Increased Capacity (1-7)
A,56,63,15.5,Increased Capacity (1-7)
A,61,67,13.92,Increased Capacity (1-7)
A,53,70,15.88,Increased Capacity (1-7)
A,55,58,15.53,Increased Capacity (1-7)
A,47,56,16.0,Increased Capacity (1-7)
A,58,52,12.86,Increased Capacity (1-7)
A,60,40,13.21,Increased Capacity (1-7)
A,60,62,15.21,Increased Capacity (1-7)
A,57,63,14.38,Increased Capacity (1-7)
A,55,39,14.84,Increased Capacity (1-7)
A,57,51,13.33,Increased Capacity (1-7)
A,59,62,13.87,Increased Capacity (1-7)
A,53,75,15.29,Increased Capacity (1-7)
A,51,55,16.27,Increased Capacity (1-7)
A,63,46,14.7,Increased Capacity (1-7)
A,60,48,14.46,Increased Capacity (1-7)
A,53,58,14.12,Increased Capacity (1-7)
A,49,64,14.92,Increased Capacity (1-7)
A,57,67,13.95,Increased Capacity (1-7)
A,55,61,14.68,Increased Capacity (1-7)
A,59,68,14.09,Increased Capacity (1-7)
A,59,53,15.91,Increased Capacity (1-7)
A,57,63,14.71,Increased Capacity (1-7)
A,55,61,13.95,Increased Capacity (1-7)
A,65,62,13.03,Increased Capacity (1-7)
A,59,58,15.17,Increased Capacity (1-7)
A,54,59,15.89,Increased Capacity (1-7)
A,55,56,14.58,Increased Capacity (1-7)
A,58,46,14.09,Increased Capacity (1-7)
A,55,57,14.11,Increased Capacity (1-7)
A,56,72,14.85,Increased Capacity (1-7)
A,54,69,14.33,Increased Capacity (1-7)
A,58,71,15.23,Increased Capacity (1-7)
A,57,58,14.48,Increased Capacity (1-7)
A,56,60,14.5,Increased Capacity (1-7)
A,57,70,15.43,Increased Capacity (1-7)
A,55,54,13.95,Increased Capacity (1-7)
A,51,55,13.53,Increased Capacity (1-7)
A,49,66,14.54,Increased Capacity (1-7)
A,60,51,14.62,Increased Capacity (1-7)
A,56,45,15.7,Increased Capacity (1-7)
A,63,51,13.44,Increased Capacity (1-7)
A,55,53,14.47,Increased Capacity (1-7)
A,61,59,15.6,Increased Capacity (1-7)
A,62,49,14.08,Increased Capacity (1-7)
A,52,67,16.56,Increased Capacity (1-7)
A,61,51,13.88,Increased Capacity (1-7)
A,53,62,15.65,Increased Capacity (1-7)
A,55,62,14.21,Increased Capacity (1-7)
A,66,58,14.7,Increased Capacity (1-7)
A,56,74,14.75,Increased Capacity (1-7)
A,57,74,14.9,Increased Capacity (1-7)
A,58,51,12.95,Increased Capacity (1-7)
A,60,41,14.0,Increased Capacity (1-7)
A,59,66,14.57,Increased Capacity (1-7)
A,64,71,14.89,Increased Capacity (1-7)
A,54,66,14.61,Increased Capacity (1-7)
A,57,50,13.81,Increased Capacity (1-7)
A,62,40,13.73,Increased Capacity (1-7)
A,56,52,14.5,Increased Capacity (1-7)
A,59,47,14.52,Increased Capacity (1-7)
A,60,53,15.08,Increased Capacity (1-7)
A,55,46,15.53,Increased Capacity (1-7)
A,59,58,13.65,Increased Capacity (1-7)
A,54,70,14.94,Increased Capacity (1-7)
A,52,66,14.56,Increased Capacity (1-7)
A,56,54,14.3,Increased Capacity (1-7)
A,61,46,14.64,Increased Capacity (1-7)
A,59,57,15.52,Increased Capacity (1-7)
A,59,55,14.22,Increased Capacity (1-7)
A,57,72,14.33,Increased Capacity (1-7)
A,49,83,17.85,Increased Capacity (1-7)
A,57,72,15.24,Increased Capacity (1-7)
A,59,74,15.65,Increased Capacity (1-7)
A,55,51,14.26,Increased Capacity (1-7)
A,64,60,14.04,Increased Capacity (1-7)
A,55,52,13.05,Increased Capacity (1-7)
A,56,73,15.85,Increased Capacity (1-7)
A,57,44,12.67,Increased Capacity (1-7)
A,53,60,14.65,Increased Capacity (1-7)
A,59,52,13.48,Increased Capacity (1-7)
A,60,62,14.88,Increased Capacity (1-7)
A,53,54,16.06,Increased Capacity (1-7)
A,53,51,14.18,Increased Capacity (1-7)
A,63,57,13.44,Increased Capacity (1-7)
A,59,62,15.09,Increased Capacity (1-7)
A,47,77,15.36,Increased Capacity (1-7)
A,57,65,16.0,Increased Capacity (1-7)
A,56,60,15.4,Increased Capacity (1-7)
A,51,51,14.0,Increased Capacity (1-7)
A,46,74,16.1,Increased Capacity (1-7)
A,53,57,14.41,Increased Capacity (1-7)
A,55,74,14.47,Increased Capacity (1-7)
A,58,58,14.86,Increased Capacity (1-7)
A,56,72,14.9,Increased Capacity (1-7)
A,56,66,15.3,Increased Capacity (1-7)
A,61,51,13.36,Increased Capacity (1-7)
A,51,58,17.13,Increased Capacity (1-7)
A,60,60,14.75,Increased Capacity (1-7)
A,52,65,14.62,Increased Capacity (1-7)
A,55,73,14.68,Increased Capacity (1-7)
A,61,50,12.52,Increased Capacity (1-7)
A,61,64,14.56,Increased Capacity (1-7)
A,52,64,15.38,Increased Capacity (1-7)
A,55,52,13.89,Increased Capacity (1-7)
A,59,45,13.87,Increased Capacity (1-7)
A,60,61,14.92,Increased Capacity (1-7)
A,52,49,13.0,Increased Capacity (1-7)
A,58,45,12.5,Increased Capacity (1-7)
A,52,58,17.19,Increased Capacity (1-7)
A,57,67,14.62,Increased Capacity (1-7)
A,58,60,13.0,Increased Capacity (1-7)
A,57,62,14.29,Increased Capacity (1-7)
A,63,51,14.33,Increased Capacity (1-7)
A,58,59,14.73,Increased Capacity (1-7)
A,56,59,14.6,Increased Capacity (1-7)
A,55,70,16.0,Increased Capacity (1-7)
A,53,63,15.12,Increased Capacity (1-7)
A,54,77,13.94,Increased Capacity (1-7)
A,57,48,14.1,Increased Capacity (1-7)
A,54,56,14.56,Increased Capacity (1-7)
A,56,64,14.8,Increased Capacity (1-7)
A,59,51,12.78,Increased Capacity (1-7)
A,60,49,14.21,Increased Capacity (1-7)
A,56,69,13.15,Increased Capacity (1-7)
A,60,46,13.92,Increased Capacity (1-7)
A,52,62,15.88,Increased Capacity (1-7)
A,56,71,13.9,Increased Capacity (1-7)
A,54,45,14.94,Increased Capacity (1-7)
A,55,55,14.32,Increased Capacity (1-7)
A,53,70,16.24,Increased Capacity (1-7)
A,62,52,13.08,Increased Capacity (1-7)
A,56,48,16.0,Increased Capacity (1-7)
A,54,53,14.56,Increased Capacity (1-7)
A,54,56,14.94,Increased Capacity (1-7)
A,61,61,14.24,Increased Capacity (1-7)
A,60,48,13.79,Increased Capacity (1-7)
A,54,49,15.33,Increased Capacity (1-7)
A,55,50,12.16,Increased Capacity (1-7)
A,62,56,14.0,Increased Capacity (1-7)
A,57,68,15.95,Increased Capacity (1-7)
A,57,54,12.43,Increased Capacity (1-7)
A,64,63,13.79,Increased Capacity (1-7)
A,58,62,14.29,Increased Capacity (1-7)
A,47,58,16.45,Increased Capacity (1-7)
A,50,75,16.71,Increased Capacity (1-7)
A,52,62,15.31,Increased Capacity (1-7)
A,64,64,15.04,Increased Capacity (1-7)
A,58,73,15.55,Increased Capacity (1-7)
A,48,74,17.17,Increased Capacity (1-7)
A,60,66,15.08,Increased Capacity (1-7)
A,51,71,15.47,Increased Capacity (1-7)
A,61,42,12.64,Increased Capacity (1-7)
A,54,70,15.39,Increased Capacity (1-7)
A,55,41,14.11,Increased Capacity (1-7)
A,53,49,12.71,Increased Capacity (1-7)
A,57,58,15.33,Increased Capacity (1-7)
A,60,54,13.54,Increased Capacity (1-7)
A,47,85,16.0,Increased Capacity (1-7)
A,59,32,13.22,Increased Capacity (1-7)
A,61,65,13.8,Increased Capacity (1-7)
A,54,69,15.89,Increased Capacity (1-7)
A,52,64,14.56,Increased Capacity (1-7)
A,61,55,12.08,Increased Capacity (1-7)
A,53,67,14.76,Increased Capacity (1-7)
A,54,57,15.56,Increased Capacity (1-7)
A,52,59,15.88,Increased Capacity (1-7)
A,59,68,14.04,Increased Capacity (1-7)
A,56,55,13.9,Increased Capacity (1-7)
A,60,55,12.83,Increased Capacity (1-7)
A,56,63,15.45,Increased Capacity (1-7)
A,57,48,13.62,Increased Capacity (1-7)
A,55,70,14.53,Increased Capacity (1-7)
A,56,70,15.7,Increased Capacity (1-7)
A,57,64,13.76,Increased Capacity (1-7)
A,51,44,14.6,Increased Capacity (1-7)
A,60,72,14.88,Increased Capacity (1-7)
A,52,65,16.38,Increased Capacity (1-7)
A,54,65,15.72,Increased Capacity (1-7)
A,54,47,15.78,Increased Capacity (1-7)
A,58,45,15.32,Increased Capacity (1-7)
A,62,48,13.5,Increased Capacity (1-7)
A,54,53,13.67,Increased Capacity (1-7)
A,56,70,13.55,Increased Capacity (1-7)
A,59,59,13.74,Increased Capacity (1-7)
A,53,57,15.59,Increased Capacity (1-7)
A,49,70,14.38,Increased Capacity (1-7)
A,50,61,14.79,Increased Capacity (1-7)
A,54,85,14.94,Increased Capacity (1-7)
A,54,58,15.22,Increased Capacity (1-7)
A,55,46,14.84,Increased Capacity (1-7)
A,53,76,17.24,Increased Capacity (1-7)
A,54,62,15.56,Increased Capacity (1-7)
A,57,53,14.81,Increased Capacity (1-7)
A,58,69,15.59,Increased Capacity (1-7)
A,61,64,14.24,Increased Capacity (1-7)
A,57,51,14.29,Increased Capacity (1-7)
A,57,52,14.62,Increased Capacity (1-7)
A,57,58,15.95,Increased Capacity (1-7)
A,55,53,15.95,Increased Capacity (1-7)
A,53,59,14.41,Increased Capacity (1-7)
A,52,67,14.25,Increased Capacity (1-7)
A,63,61,13.26,Increased Capacity (1-7)
A,58,69,15.55,Increased Capacity (1-7)
A,58,63,14.41,Increased Capacity (1-7)
A,61,66,13.92,Increased Capacity (1-7)
A,55,56,15.63,Increased Capacity (1-7)
A,55,62,14.26,Increased Capacity (1-7)
A,59,67,14.48,Increased Capacity (1-7)
A,55,58,14.58,Increased Capacity (1-7)
A,58,70,15.82,Increased Capacity (1-7)
A,58,59,14.55,Increased Capacity (1-7)
A,62,66,14.27,Increased Capacity (1-7)
A,56,55,15.6,Increased Capacity (1-7)
A,54,63,15.83,Increased Capacity (1-7)
A,59,68,15.48,Increased Capacity (1-7)
A,58,51,14.64,Increased Capacity (1-7)
A,60,55,15.08,Increased Capacity (1-7)
A,56,60,15.9,Increased Capacity (1-7)
A,54,53,15.06,Increased Capacity (1-7)
A,55,66,16.37,Increased Capacity (1-7)
A,53,68,15.06,Increased Capacity (1-7)
A,56,72,16.3,Increased Capacity (1-7)
A,60,63,15.29,Increased Capacity (1-7)
A,56,69,14.6,Increased Capacity (1-7)
A,59,61,13.83,Increased Capacity (1-7)
A,52,58,15.38,Increased Capacity (1-7)
A,54,67,13.89,Increased Capacity (1-7)
A,53,74,15.53,Increased Capacity (1-7)
A,57,50,14.24,Increased Capacity (1-7)
A,59,85,13.65,Increased Capacity (1-7)
A,56,65,15.35,Increased Capacity (1-7)
A,53,76,16.59,Increased Capacity (1-7)
A,58,47,16.32,Increased Capacity (1-7)
A,48,79,16.5,Increased Capacity (1-7)
A,56,68,13.5,Increased Capacity (1-7)
A,62,50,13.31,Increased Capacity (1-7)
A,51,58,14.33,Increased Capacity (1-7)
A,51,68,16.6,Increased Capacity (1-7)
A,56,53,14.1,Increased Capacity (1-7)
A,52,71,14.38,Increased Capacity (1-7)
A,51,72,15.53,Increased Capacity (1-7)
A,53,71,16.0,Increased Capacity (1-7)
A,61,50,13.8,Increased Capacity (1-7)
A,52,66,14.38,Increased Capacity (1-7)
A,50,62,14.43,Increased Capacity (1-7)
A,58,73,14.82,Increased Capacity (1-7)
A,56,53,14.25,Increased Capacity (1-7)
A,56,61,14.85,Increased Capacity (1-7)
A,52,58,13.56,Increased Capacity (1-7)
A,53,68,17.24,Increased Capacity (1-7)
A,53,60,13.65,Increased Capacity (1-7)
A,61,58,15.32,Increased Capacity (1-7)
A,48,77,16.75,Increased Capacity (1-7)
A,54,52,16.17,Increased Capacity (1-7)
A,54,59,15.67,Increased Capacity (1-7)
A,55,67,15.53,Increased Capacity (1-7)
A,55,55,14.79,Increased Capacity (1-7)
A,57,59,14.81,Increased Capacity (1-7)
A,49,63,15.69,Increased Capacity (1-7)
A,62,53,14.31,Increased Capacity (1-7)
A,55,47,16.16,Increased Capacity (1-7)
A,52,58,15.62,Increased Capacity (1-7)
A,57,51,14.52,Increased Capacity (1-7)
A,56,47,15.0,Increased Capacity (1-7)
A,59,45,13.09,Increased Capacity (1-7)
A,50,53,16.79,Increased Capacity (1-7)
A,54,51,14.22,Increased Capacity (1-7)
A,61,54,13.2,Increased Capacity (1-7)
A,52,58,15.56,Increased Capacity (1-7)
A,50,68,16.79,Increased Capacity (1-7)
A,53,60,15.53,Increased Capacity (1-7)
A,52,61,13.56,Increased Capacity (1-7)
A,54,79,16.0,Increased Capacity (1-7)
A,55,69,15.16,Increased Capacity (1-7)
A,58,62,13.5,Increased Capacity (1-7)
A,51,55,15.53,Increased Capacity (1-7)
A,57,49,14.81,Increased Capacity (1-7)
A,49,78,15.77,Increased Capacity (1-7)
A,60,36,13.38,Increased Capacity (1-7)
A,54,62,14.39,Increased Capacity (1-7)
A,57,52,15.48,Increased Capacity (1-7)
A,64,60,13.79,Increased Capacity (1-7)
A,52,71,15.12,Increased Capacity (1-7)
A,65,51,13.21,Increased Capacity (1-7)
A,59,48,13.22,Increased Capacity (1-7)
A,58,33,12.27,Increased Capacity (1-7)
A,61,41,14.08,Increased Capacity (1-7)
A,58,76,15.73,Increased Capacity (1-7)
A,55,71,15.47,Increased Capacity (1-7)
A,57,53,14.1,Increased Capacity (1-7)
A,50,52,16.79,Increased Capacity (1-7)
A,62,64,12.73,Increased Capacity (1-7)
A,57,59,13.48,Increased Capacity (1-7)
A,57,79,14.33,Increased Capacity (1-7)
A,59,61,12.48,Increased Capacity (1-7)
A,51,71,15.13,Increased Capacity (1-7)
A,52,57,15.12,Increased Capacity (1-7)
A,58,57,14.41,Increased Capacity (1-7)
A,55,62,14.68,Increased Capacity (1-7)
A,51,54,16.07,Increased Capacity (1-7)
A,57,54,14.14,Increased Capacity (1-7)
A,52,74,15.38,Increased Capacity (1-7)
A,50,76,16.64,Increased Capacity (1-7)
A,62,61,14.5,Increased Capacity (1-7)
A,54,63,15.0,Increased Capacity (1-7)
A,60,58,13.71,Increased Capacity (1-7)
A,56,66,14.0,Increased Capacity (1-7)
A,55,63,14.05,Increased Capacity (1-7)
A,56,58,13.45,Increased Capacity (1-7)
A,58,65,14.23,Increased Capacity (1-7)
A,52,65,15.25,Increased Capacity (1-7)
A,51,67,14.4,Increased Capacity (1-7)
A,58,68,14.45,Increased Capacity (1-7)
A,53,66,14.94,Increased Capacity (1-7)
A,55,66,14.32,Increased Capacity (1-7)
A,50,73,15.36,Increased Capacity (1-7)
A,58,62,14.86,Increased Capacity (1-7)
A,59,66,14.3,Increased Capacity (1-7)
A,62,33,13.0,Increased Capacity (1-7)
A,48,64,16.0,Increased Capacity (1-7)
A,60,56,15.08,Increased Capacity (1-7)
A,58,54,14.18,Increased Capacity (1-7)
A,56,74,15.7,Increased Capacity (1-7)
A,56,67,14.9,Increased Capacity (1-7)
A,61,53,13.96,Increased Capacity (1-7)
A,54,60,13.83,Increased Capacity (1-7)
A,56,72,14.85,Increased Capacity (1-7)
A,53,62,14.41,Increased Capacity (1-7)
A,55,69,15.95,Increased Capacity (1-7)
A,56,48,13.95,Increased Capacity (1-7)
A,57,53,13.86,Increased Capacity (1-7)
A,54,54,14.94,Increased Capacity (1-7)
A,62,57,15.27,Increased Capacity (1-7)
A,57,66,15.67,Increased Capacity (1-7)
A,52,85,16.44,Increased Capacity (1-7)
A,58,52,15.73,Increased Capacity (1-7)
A,56,66,15.1,Increased Capacity (1-7)
A,59,43,12.17,Increased Capacity (1-7)
A,61,52,14.96,Increased Capacity (1-7)
A,53,55,14.35,Increased Capacity (1-7)
A,62,64,14.73,Increased Capacity (1-7)
A,55,42,14.26,Increased Capacity (1-7)
A,52,69,16.0,Increased Capacity (1-7)
A,63,55,13.7,Increased Capacity (1-7)
A,56,81,16.4,Increased Capacity (1-7)
A,57,55,14.62,Increased Capacity (1-7)
A,51,74,14.93,Increased Capacity (1-7)
A,55,61,16.16,Increased Capacity (1-7)
A,54,64,16.94,Increased Capacity (1-7)
A,55,53,14.21,Increased Capacity (1-7)
A,56,63,14.05,Increased Capacity (1-7)
A,54,53,13.17,Increased Capacity (1-7)
A,62,57,13.96,Increased Capacity (1-7)
A,53,78,16.29,Increased Capacity (1-7)
A,55,52,14.47,Increased Capacity (1-7)
A,56,57,14.55,Increased Capacity (1-7)
A,58,69,13.91,Increased Capacity (1-7)
A,52,62,13.31,Increased Capacity (1-7)
A,48,63,14.75,Increased Capacity (1-7)
A,53,67,14.71,Increased Capacity (1-7)
A,58,64,14.86,Increased Capacity (1-7)
A,61,48,13.16,Increased Capacity (1-7)
A,58,70,14.18,Increased Capacity (1-7)
A,59,62,15.52,Increased Capacity (1-7)
A,59,61,14.43,Increased Capacity (1-7)
A,51,54,15.27,Increased Capacity (1-7)
A,60,56,14.88,Increased Capacity (1-7)
A,59,52,13.65,Increased Capacity (1-7)
A,49,75,15.46,Increased Capacity (1-7)
A,53,89,14.65,Increased Capacity (1-7)
A,61,61,12.56,Increased Capacity (1-7)
A,50,57,15.5,Increased Capacity (1-7)
A,59,62,14.78,Increased Capacity (1-7)
A,58,62,15.05,Increased Capacity (1-7)
A,57,65,15.43,Increased Capacity (1-7)
A,55,67,14.42,Increased Capacity (1-7)
A,61,61,13.84,Increased Capacity (1-7)
A,62,53,15.08,Increased Capacity (1-7)
A,55,57,14.11,Increased Capacity (1-7)
A,62,56,14.27,Increased Capacity (1-7)
A,52,71,15.38,Increased Capacity (1-7)
A,56,54,14.4,Increased Capacity (1-7)
A,57,63,16.48,Increased Capacity (1-7)
A,51,77,16.27,Increased Capacity (1-7)
A,59,72,14.87,Increased Capacity (1-7)
A,55,61,15.16,Increased Capacity (1-7)
A,57,52,16.0,Increased Capacity (1-7)
A,50,83,14.43,Increased Capacity (1-7)
A,58,40,15.18,Increased Capacity (1-7)
A,61,44,12.76,Increased Capacity (1-7)
A,51,59,15.47,Increased Capacity (1-7)
A,58,59,14.77,Increased Capacity (1-7)
A,58,62,15.0,Increased Capacity (1-7)
A,59,42,15.57,Increased Capacity (1-7)
A,53,45,14.59,Increased Capacity (1-7)
A,60,53,14.0,Increased Capacity (1-7)
A,56,71,14.2,Increased Capacity (1-7)
A,57,61,15.29,Increased Capacity (1-7)
A,52,67,15.25,Increased Capacity (1-7)
A,57,67,14.14,Increased Capacity (1-7)
A,54,66,15.33,Increased Capacity (1-7)
A,56,60,13.9,Increased Capacity (1-7)
A,56,76,13.7,Increased Capacity (1-7)
A,54,57,16.11,Increased Capacity (1-7)
A,60,49,14.12,Increased Capacity (1-7)
A,54,64,13.67,Increased Capacity (1-7)
A,55,58,14.84,Increased Capacity (1-7)
A,59,55,12.65,Increased Capacity (1-7)
A,54,71,14.83,Increased Capacity (1-7)
A,56,50,16.4,Increased Capacity (1-7)
A,53,56,14.06,Increased Capacity (1-7)
A,57,58,14.29,Increased Capacity (1-7)
A,60,69,15.21,Increased Capacity (1-7)
A,52,70,16.38,Increased Capacity (1-7)
A,53,53,13.94,Increased Capacity (1-7)
A,62,63,13.81,Increased Capacity (1-7)
A,62,64,15.04,Increased Capacity (1-7)
A,54,60,14.61,Increased Capacity (1-7)
A,58,79,15.09,Increased Capacity (1-7)
A,51,56,12.33,Increased Capacity (1-7)
A,53,55,16.29,Increased Capacity (1-7)
A,55,53,14.37,Increased Capacity (1-7)
A,56,66,13.55,Increased Capacity (1-7)
A,62,57,12.62,Increased Capacity (1-7)
A,58,66,15.36,Increased Capacity (1-7)
A,54,56,13.78,Increased Capacity (1-7)
A,54,70,13.39,Increased Capacity (1-7)
A,55,62,15.68,Increased Capacity (1-7)
A,62,57,13.88,Increased Capacity (1-7)
A,55,60,13.05,Increased Capacity (1-7)
A,51,71,14.07,Increased Capacity (1-7)
A,56,52,13.55,Increased Capacity (1-7)
A,54,49,14.56,Increased Capacity (1-7)
A,57,73,15.38,Increased Capacity (1-7)
A,54,53,14.5,Increased Capacity (1-7)
A,56,63,15.3,Increased Capacity (1-7)
A,55,61,12.47,Increased Capacity (1-7)
A,56,73,16.45,Increased Capacity (1-7)
A,61,59,13.88,Increased Capacity (1-7)
A,56,46,12.8,Increased Capacity (1-7)
A,60,53,13.25,Increased Capacity (1-7)
A,56,43,14.0,Increased Capacity (1-7)
A,53,60,14.35,Increased Capacity (1-7)
A,49,63,15.92,Increased Capacity (1-7)
A,59,57,13.22,Increased Capacity (1-7)
A,59,65,14.48,Increased Capacity (1-7)
A,59,65,15.26,Increased Capacity (1-7)
A,60,71,13.67,Increased Capacity (1-7)
A,58,49,13.82,Increased Capacity (1-7)
A,56,72,14.5,Increased Capacity (1-7)
A,56,67,15.0,Increased Capacity (1-7)
A,56,49,14.15,Increased Capacity (1-7)
A,49,75,15.92,Increased Capacity (1-7)
A,55,55,16.05,Increased Capacity (1-7)
A,59,49,14.43,Increased Capacity (1-7)
A,56,80,14.4,Increased Capacity (1-7)
A,58,66,15.32,Increased Capacity (1-7)
A,58,57,13.82,Increased Capacity (1-7)
A,55,65,13.79,Increased Capacity (1-7)
A,54,57,14.33,Increased Capacity (1-7)
A,57,58,15.62,Increased Capacity (1-7)
A,63,57,13.74,Increased Capacity (1-7)
A,58,54,13.18,Increased Capacity (1-7)
A,58,74,13.36,Increased Capacity (1-7)
A,57,73,14.38,Increased Capacity (1-7)
A,54,66,14.39,Increased Capacity (1-7)
A,58,45,14.95,Increased Capacity (1-7)
A,51,69,14.67,Increased Capacity (1-7)
A,58,37,13.14,Increased Capacity (1-7)
A,58,61,14.05,Increased Capacity (1-7)
A,50,66,14.36,Increased Capacity (1-7)
A,54,76,14.94,Increased Capacity (1-7)
A,52,73,16.25,Increased Capacity (1-7)
A,53,67,14.94,Increased Capacity (1-7)
A,53,65,17.76,Increased Capacity (1-7)
A,60,60,15.0,Increased Capacity (1-7)
A,58,60,15.32,Increased Capacity (1-7)
A,55,61,15.74,Increased Capacity (1-7)
A,61,49,13.8,Increased Capacity (1-7)
A,54,66,13.33,Increased Capacity (1-7)
A,61,47,14.84,Increased Capacity (1-7)
A,56,64,14.05,Increased Capacity (1-7)
A,57,63,16.29,Increased Capacity (1-7)
A,58,35,13.0,Increased Capacity (1-7)
A,60,73,15.0,Increased Capacity (1-7)
A,57,68,14.43,Increased Capacity (1-7)
A,63,56,12.56,Increased Capacity (1-7)
A,56,42,13.05,Increased Capacity (1-7)
A,61,52,15.72,Increased Capacity (1-7)
A,58,44,14.68,Increased Capacity (1-7)
A,59,44,13.26,Increased Capacity (1-7)
A,54,62,14.33,Increased Capacity (1-7)
A,58,58,15.36,Increased Capacity (1-7)
A,59,61,13.96,Increased Capacity (1-7)
A,56,62,14.55,Increased Capacity (1-7)
A,52,65,15.5,Increased Capacity (1-7)
A,55,55,14.26,Increased Capacity (1-7)
A,59,73,14.57,Increased Capacity (1-7)
A,58,45,12.32,Increased Capacity (1-7)
A,59,59,15.91,Increased Capacity (1-7)
A,54,59,13.72,Increased Capacity (1-7)
A,62,42,12.58,Increased Capacity (1-7)
A,54,69,16.94,Increased Capacity (1-7)
A,64,52,13.61,Increased Capacity (1-7)
A,63,51,12.81,Increased Capacity (1-7)
A,52,54,15.0,Increased Capacity (1-7)
A,53,66,14.71,Increased Capacity (1-7)
A,54,67,15.17,Increased Capacity (1-7)
A,53,67,16.0,Increased Capacity (1-7)
A,65,61,13.97,Increased Capacity (1-7)
A,57,53,13.19,Increased Capacity (1-7)
A,60,58,14.58,Increased Capacity (1-7)
A,48,69,17.0,Increased Capacity (1-7)
A,56,45,12.7,Increased Capacity (1-7)
A,58,58,13.91,Increased Capacity (1-7)
A,57,45,13.57,Increased Capacity (1-7)
A,61,52,14.28,Increased Capacity (1-7)
A,56,81,16.35,Increased Capacity (1-7)
A,46,73,17.5,Increased Capacity (1-7)
A,59,61,13.96,Increased Capacity (1-7)
A,55,71,15.58,Increased Capacity (1-7)
A,54,52,13.0,Increased Capacity (1-7)
A,63,51,13.11,Increased Capacity (1-7)
A,59,57,12.78,Increased Capacity (1-7)
A,47,68,15.0,Increased Capacity (1-7)
A,50,69,14.71,Increased Capacity (1-7)
A,56,62,13.95,Increased Capacity (1-7)
A,61,61,13.36,Increased Capacity (1-7)
A,63,55,13.74,Increased Capacity (1-7)
A,62,53,13.58,Increased Capacity (1-7)
A,56,60,13.85,Increased Capacity (1-7)
A,57,71,15.62,Increased Capacity (1-7)
A,54,61,15.17,Increased Capacity (1-7)
A,60,53,14.21,Increased Capacity (1-7)
A,59,48,13.74,Increased Capacity (1-7)
A,53,62,14.59,Increased Capacity (1-7)
A,54,65,16.0,Increased Capacity (1-7)
A,53,64,14.82,Increased Capacity (1-7)
A,58,50,14.68,Increased Capacity (1-7)
A,49,56,15.23,Increased Capacity (1-7)
A,57,40,14.38,Increased Capacity (1-7)
A,52,76,16.44,Increased Capacity (1-7)
A,63,73,14.89,Increased Capacity (1-7)
A,57,54,15.9,Increased Capacity (1-7)
A,55,60,12.89,Increased Capacity (1-7)
A,51,50,15.27,Increased Capacity (1-7)
A,61,58,16.0,Increased Capacity (1-7)
A,50,57,15.21,Increased Capacity (1-7)
A,60,55,14.58,Increased Capacity (1-7)
A,55,69,14.53,Increased Capacity (1-7)
A,52,81,16.62,Increased Capacity (1-7)
A,55,59,15.26,Increased Capacity (1-7)
A,55,56,13.89,Increased Capacity (1-7)
A,57,51,13.14,Increased Capacity (1-7)
A,54,56,14.44,Increased Capacity (1-7)
A,59,67,14.7,Increased Capacity (1-7)
A,61,57,13.84,Increased Capacity (1-7)
A,57,59,16.24,Increased Capacity (1-7)
A,54,59,14.39,Increased Capacity (1-7)
A,56,77,14.25,Increased Capacity (1-7)
A,52,76,14.38,Increased Capacity (1-7)
A,56,43,15.6,Increased Capacity (1-7)
A,53,38,13.94,Increased Capacity (1-7)
A,57,62,15.38,Increased Capacity (1-7)
A,55,78,15.11,Increased Capacity (1-7)
A,55,61,15.37,Increased Capacity (1-7)
A,57,67,13.57,Increased Capacity (1-7)
A,58,53,15.55,Increased Capacity (1-7)
A,58,65,14.09,Increased Capacity (1-7)
A,54,43,13.72,Increased Capacity (1-7)
A,52,73,15.75,Increased Capacity (1-7)
A,52,64,15.38,Increased Capacity (1-7)
A,61,56,13.84,Increased Capacity (1-7)
A,54,78,16.0,Increased Capacity (1-7)
A,60,47,11.42,Increased Capacity (1-7)
A,61,56,15.12,Increased Capacity (1-7)
A,58,47,12.0,Increased Capacity (1-7)
A,52,72,16.31,Increased Capacity (1-7)
A,56,44,13.1,Increased Capacity (1-7)
A,61,50,14.72,Increased Capacity (1-7)
A,57,53,14.48,Increased Capacity (1-7)
A,55,71,14.79,Increased Capacity (1-7)
A,55,62,14.16,Increased Capacity (1-7)
A,55,61,13.79,Increased Capacity (1-7)
A,52,52,15.94,Increased Capacity (1-7)
A,56,44,13.05,Increased Capacity (1-7)
A,59,55,13.65,Increased Capacity (1-7)
A,54,58,14.83,Increased Capacity (1-7)
A,56,75,14.95,Increased Capacity (1-7)
A,61,56,14.72,Increased Capacity (1-7)
A,58,51,14.36,Increased Capacity (1-7)
A,53,76,16.18,Increased Capacity (1-7)
A,54,65,15.83,Increased Capacity (1-7)
A,57,46,13.33,Increased Capacity (1-7)
A,53,53,14.65,Increased Capacity (1-7)
A,59,58,14.87,Increased Capacity (1-7)
A,56,71,16.55,Increased Capacity (1-7)
A,50,61,16.79,Increased Capacity (1-7)
A,54,67,13.89,Increased Capacity (1-7)
A,57,67,15.24,Increased Capacity (1-7)
A,63,46,13.78,Increased Capacity (1-7)
A,52,69,16.81,Increased Capacity (1-7)
A,54,65,15.89,Increased Capacity (1-7)
A,60,63,15.12,Increased Capacity (1-7)
A,57,57,13.57,Increased Capacity (1-7)
A,53,61,14.18,Increased Capacity (1-7)
A,64,57,13.82,Increased Capacity (1-7)
A,59,69,15.74,Increased Capacity (1-7)
A,57,49,16.05,Increased Capacity (1-7)
A,58,73,15.45,Increased Capacity (1-7)
A,55,49,16.21,Increased Capacity (1-7)
A,46,75,16.3,Increased Capacity (1-7)
A,55,53,14.05,Increased Capacity (1-7)
A,56,44,13.4,Increased Capacity (1-7)
A,54,78,15.67,Increased Capacity (1-7)
A,56,65,13.7,Increased Capacity (1-7)
A,58,66,14.14,Increased Capacity (1-7)
A,51,52,16.6,Increased Capacity (1-7)
A,53,75,15.25,Increased Capacity (1-7)
A,54,61,14.72,Increased Capacity (1-7)
A,53,68,15.65,Increased Capacity (1-7)
A,58,47,12.77,Increased Capacity (1-7)
A,57,56,13.71,Increased Capacity (1-7)
A,50,71,16.36,Increased Capacity (1-7)
A,54,69,17.11,Increased Capacity (1-7)
A,59,58,14.61,Increased Capacity (1-7)
A,57,58,14.48,Increased Capacity (1-7)
A,52,80,15.62,Increased Capacity (1-7)
A,57,46,12.95,Increased Capacity (1-7)
A,56,58,13.1,Increased Capacity (1-7)
A,59,54,14.22,Increased Capacity (1-7)
A,56,51,13.3,Increased Capacity (1-7)
A,54,49,15.39,Increased Capacity (1-7)
A,50,81,15.93,Increased Capacity (1-7)
A,56,50,15.65,Increased Capacity (1-7)
A,59,68,15.26,Increased Capacity (1-7)
A,57,62,14.71,Increased Capacity (1-7)
A,59,49,12.91,Increased Capacity (1-7)
A,64,64,13.86,Increased Capacity (1-7)
A,55,54,14.0,Increased Capacity (1-7)
A,61,52,12.8,Increased Capacity (1-7)
A,51,70,17.0,Increased Capacity (1-7)
A,54,65,15.61,Increased Capacity (1-7)
A,58,71,15.18,Increased Capacity (1-7)
A,60,49,14.75,Increased Capacity (1-7)
A,62,49,13.58,Increased Capacity (1-7)
A,57,69,15.81,Increased Capacity (1-7)
A,58,66,14.68,Increased Capacity (1-7)
A,52,59,15.56,Increased Capacity (1-7)
A,53,62,13.41,Increased Capacity (1-7)
A,58,58,14.91,Increased Capacity (1-7)
A,58,54,14.32,Increased Capacity (1-7)
A,53,61,13.82,Increased Capacity (1-7)
A,54,72,14.67,Increased Capacity (1-7)
A,58,67,14.95,Increased Capacity (1-7)
A,59,59,14.0,Increased Capacity (1-7)
A,60,63,13.46,Increased Capacity (1-7)
A,50,73,15.14,Increased Capacity (1-7)
A,60,66,16.12,Increased Capacity (1-7)
A,53,52,15.12,Increased Capacity (1-7)
A,54,57,16.72,Increased Capacity (1-7)
A,55,55,14.37,Increased Capacity (1-7)
A,58,56,13.23,Increased Capacity (1-7)
A,58,61,14.82,Increased Capacity (1-7)
A,53,66,16.65,Increased Capacity (1-7)
A,63,44,12.96,Increased Capacity (1-7)
A,53,62,14.53,Increased Capacity (1-7)
A,58,56,14.91,Increased Capacity (1-7)
A,64,55,14.29,Increased Capacity (1-7)
A,51,64,14.4,Increased Capacity (1-7)
A,57,58,13.9,Increased Capacity (1-7)
A,53,53,15.0,Increased Capacity (1-7)
A,55,76,14.26,Increased Capacity (1-7)
A,56,56,13.75,Increased Capacity (1-7)
A,50,75,16.71,Increased Capacity (1-7)
A,62,56,13.15,Increased Capacity (1-7)
A,56,66,14.85,Increased Capacity (1-7)
A,57,55,14.33,Increased Capacity (1-7)
A,51,70,15.53,Increased Capacity (1-7)
A,58,63,15.18,Increased Capacity (1-7)
A,60,53,13.08,Increased Capacity (1-7)
A,61,48,13.56,Increased Capacity (1-7)
A,55,54,16.05,Increased Capacity (1-7)
A,53,66,14.88,Increased Capacity (1-7)
A,55,61,15.58,Increased Capacity (1-7)
A,61,47,14.16,Increased Capacity (1-7)
A,52,54,16.0,Increased Capacity (1-7)
A,60,58,14.96,Increased Capacity (1-7)
A,53,46,12.94,Increased Capacity (1-7)
A,50,73,16.43,Increased Capacity (1-7)
A,58,46,14.18,Increased Capacity (1-7)
A,55,62,15.32,Increased Capacity (1-7)
A,53,69,14.59,Increased Capacity (1-7)
A,53,62,15.41,Increased Capacity (1-7)
A,57,53,12.71,Increased Capacity (1-7)
A,60,57,16.79,Increased Capacity (1-7)
A,62,57,15.73,Increased Capacity (1-7)
A,55,60,13.89,Increased Capacity (1-7)
A,63,59,13.56,Increased Capacity (1-7)
A,54,60,13.89,Increased Capacity (1-7)
A,56,50,12.8,Increased Capacity (1-7)
A,64,53,13.0,Increased Capacity (1-7)
A,51,70,15.6,Increased Capacity (1-7)
A,52,63,16.44,Increased Capacity (1-7)
A,51,67,16.67,Increased Capacity (1-7)
A,57,70,15.24,Increased Capacity (1-7)
A,56,67,15.05,Increased Capacity (1-7)
A,61,78,14.72,Increased Capacity (1-7)
A,62,59,14.15,Increased Capacity (1-7)
A,52,49,14.88,Increased Capacity (1-7)
A,54,66,14.83,Increased Capacity (1-7)
A,56,72,15.75,Increased Capacity (1-7)
A,61,52,13.68,Increased Capacity (1-7)
A,57,41,14.62,Increased Capacity (1-7)
A,60,50,13.33,Increased Capacity (1-7)
A,54,60,14.22,Increased Capacity (1-7)
A,63,59,15.5,Increased Capacity (1-7)
A,61,47,14.64,Increased Capacity (1-7)
A,56,53,15.4,Increased Capacity (1-7)
A,59,65,14.04,Increased Capacity (1-7)
A,50,77,15.86,Increased Capacity (1-7)
A,56,71,15.15,Increased Capacity (1-7)
A,58,53,15.32,Increased Capacity (1-7)
A,56,61,16.4,Increased Capacity (1-7)
A,55,62,14.32,Increased Capacity (1-7)
A,53,67,13.24,Increased Capacity (1-7)
A,56,72,15.05,Increased Capacity (1-7)
A,60,51,14.12,Increased Capacity (1-7)
A,54,53,13.5,Increased Capacity (1-7)
A,57,53,14.43,Increased Capacity (1-7)
A,56,74,15.25,Increased Capacity (1-7)
A,61,53,15.56,Increased Capacity (1-7)
A,63,69,13.78,Increased Capacity (1-7)
A,58,40,14.32,Increased Capacity (1-7)
A,55,76,15.16,Increased Capacity (1-7)
A,54,75,14.22,Increased Capacity (1-7)
A,53,77,15.76,Increased Capacity (1-7)
A,60,63,14.0,Increased Capacity (1-7)
A,57,47,15.1,Increased Capacity (1-7)
A,53,69,14.82,Increased Capacity (1-7)
A,56,60,15.25,Increased Capacity (1-7)
A,62,47,14.0,Increased Capacity (1-7)
A,58,54,15.27,Increased Capacity (1-7)
A,52,50,15.0,Increased Capacity (1-7)
A,60,59,15.08,Increased Capacity (1-7)
A,53,58,14.47,Increased Capacity (1-7)
A,56,59,14.6,Increased Capacity (1-7)
A,54,61,15.56,Increased Capacity (1-7)
A,60,61,15.0,Increased Capacity (1-7)
A,60,69,13.96,Increased Capacity (1-7)
A,55,59,16.21,Increased Capacity (1-7)
A,56,63,16.35,Increased Capacity (1-7)
A,54,62,14.78,Increased Capacity (1-7)
A,56,61,15.15,Increased Capacity (1-7)
A,52,58,14.62,Increased Capacity (1-7)
A,57,63,14.52,Increased Capacity (1-7)
A,53,54,13.82,Increased Capacity (1-7)
A,56,63,16.55,Increased Capacity (1-7)
A,55,50,12.74,Increased Capacity (1-7)
A,62,60,13.19,Increased Capacity (1-7)
A,54,55,14.83,Increased Capacity (1-7)
A,60,57,12.54,Increased Capacity (1-7)
A,59,39,14.35,Increased Capacity (1-7)
A,61,53,14.36,Increased Capacity (1-7)
A,55,56,17.47,Increased Capacity (1-7)
A,55,68,15.16,Increased Capacity (1-7)
A,59,49,13.91,Increased Capacity (1-7)
A,52,64,14.5,Increased Capacity (1-7)
A,58,55,15.18,Increased Capacity (1-7)
A,55,55,15.74,Increased Capacity (1-7)
A,58,50,13.55,Increased Capacity (1-7)
A,52,74,15.06,Increased Capacity (1-7)
A,61,50,13.24,Increased Capacity (1-7)
A,62,65,15.12,Increased Capacity (1-7)
A,61,57,13.52,Increased Capacity (1-7)
A,59,70,14.0,Increased Capacity (1-7)
A,61,59,14.92,Increased Capacity (1-7)
A,53,70,15.88,Increased Capacity (1-7)
A,58,56,14.05,Increased Capacity (1-7)
A,63,62,14.19,Increased Capacity (1-7)
A,62,42,14.81,Increased Capacity (1-7)
A,56,55,14.15,Increased Capacity (1-7)
A,59,53,13.61,Increased Capacity (1-7)
A,57,61,16.24,Increased Capacity (1-7)
A,58,55,14.41,Increased Capacity (1-7)
A,55,46,12.74,Increased Capacity (1-7)
A,51,76,15.6,Increased Capacity (1-7)
A,54,47,12.5,Increased Capacity (1-7)
A,61,70,14.0,Increased Capacity (1-7)
A,58,72,15.36,Increased Capacity (1-7)
A,57,64,14.0,Increased Capacity (1-7)
A,54,58,15.72,Increased Capacity (1-7)
A,54,58,15.89,Increased Capacity (1-7)
A,51,63,15.4,Increased Capacity (1-7)
A,49,61,15.92,Increased Capacity (1-7)
A,51,61,14.87,Increased Capacity (1-7)
A,58,50,14.55,Increased Capacity (1-7)
A,57,59,15.52,Increased Capacity (1-7)
A,54,69,14.61,Increased Capacity (1-7)
A,60,57,14.25,Increased Capacity (1-7)
A,56,71,13.5,Increased Capacity (1-7)
A,60,60,12.58,Increased Capacity (1-7)
A,57,53,13.62,Increased Capacity (1-7)
A,55,69,15.11,Increased Capacity (1-7)
A,57,64,14.9,Increased Capacity (1-7)
A,57,52,14.9,Increased Capacity (1-7)
A,57,66,15.14,Increased Capacity (1-7)
A,55,47,13.58,Increased Capacity (1-7)
A,49,60,17.38,Increased Capacity (1-7)
A,56,80,15.45,Increased Capacity (1-7)
A,51,70,14.47,Increased Capacity (1-7)
A,62,63,15.15,Increased Capacity (1-7)
A,51,61,13.33,Increased Capacity (1-7)
A,58,56,13.77,Increased Capacity (1-7)
A,56,71,14.45,Increased Capacity (1-7)
A,51,65,15.27,Increased Capacity (1-7)
A,55,62,13.44,Increased Capacity (1-7)
A,57,71,13.38,Increased Capacity (1-7)
A,55,74,14.84,Increased Capacity (1-7)
A,56,77,16.05,Increased Capacity (1-7)
A,57,68,14.14,Increased Capacity (1-7)
A,56,56,15.0,Increased Capacity (1-7)
A,59,61,14.22,Increased Capacity (1-7)
A,59,78,14.13,Increased Capacity (1-7)
A,60,42,13.5,Increased Capacity (1-7)
A,57,61,13.81,Increased Capacity (1-7)
A,59,73,14.78,Increased Capacity (1-7)
A,55,65,15.74,Increased Capacity (1-7)
A,49,67,15.92,Increased Capacity (1-7)
A,49,72,15.92,Increased Capacity (1-7)
A,48,70,16.17,Increased Capacity (1-7)
A,55,58,15.47,Increased Capacity (1-7)
A,58,56,13.27,Increased Capacity (1-7)
A,54,65,16.94,Increased Capacity (1-7)
A,53,65,13.94,Increased Capacity (1-7)
A,53,73,15.94,Increased Capacity (1-7)
A,57,68,16.14,Increased Capacity (1-7)
A,58,52,14.77,Increased Capacity (1-7)
A,54,52,15.67,Increased Capacity (1-7)
A,51,71,14.4,Increased Capacity (1-7)
A,56,68,15.25,Increased Capacity (1-7)
A,55,62,14.95,Increased Capacity (1-7)
A,56,46,13.45,Increased Capacity (1-7)
A,52,52,15.81,Increased Capacity (1-7)
A,63,62,13.74,Increased Capacity (1-7)
A,56,71,13.6,Increased Capacity (1-7)
A,59,36,13.22,Increased Capacity (1-7)
A,50,56,16.79,Increased Capacity (1-7)
A,62,51,14.5,Increased Capacity (1-7)
A,56,57,13.4,Increased Capacity (1-7)
A,55,63,15.89,Increased Capacity (1-7)
A,60,65,14.62,Increased Capacity (1-7)
A,58,59,15.32,Increased Capacity (1-7)
A,53,51,15.35,Increased Capacity (1-7)
A,56,66,15.2,Increased Capacity (1-7)
A,58,51,12.77,Increased Capacity (1-7)
A,53,70,14.88,Increased Capacity (1-7)
A,53,58,15.88,Increased Capacity (1-7)
A,62,60,14.27,Increased Capacity (1-7)
A,57,64,14.95,Increased Capacity (1-7)
A,55,58,15.47,Increased Capacity (1-7)
A,61,68,14.2,Increased Capacity (1-7)
A,56,81,15.9,Increased Capacity (1-7)
A,54,58,15.11,Increased Capacity (1-7)
A,54,59,14.06,Increased Capacity (1-7)
A,59,77,14.78,Increased Capacity (1-7)
A,58,74,14.14,Increased Capacity (1-7)
A,55,67,13.79,Increased Capacity (1-7)
A,56,67,14.55,Increased Capacity (1-7)
A,54,61,12.83,Increased Capacity (1-7)
A,58,52,14.64,Increased Capacity (1-7)
A,57,60,12.86,Increased Capacity (1-7)
A,49,80,16.62,Increased Capacity (1-7)
A,53,66,16.29,Increased Capacity (1-7)
A,57,61,14.62,Increased Capacity (1-7)
A,62,59,14.35,Increased Capacity (1-7)
A,50,70,15.36,Increased Capacity (1-7)
A,58,50,13.64,Increased Capacity (1-7)
A,62,47,13.69,Increased Capacity (1-7)
A,58,65,13.82,Increased Capacity (1-7)
A,56,62,12.55,Increased Capacity (1-7)
A,53,58,14.94,Increased Capacity (1-7)
A,53,64,16.12,Increased Capacity (1-7)
A,58,45,14.59,Increased Capacity (1-7)
A,51,57,15.87,Increased Capacity (1-7)
A,59,57,15.35,Increased Capacity (1-7)
A,59,50,15.65,Increased Capacity (1-7)
A,56,84,14.45,Increased Capacity (1-7)
A,59,73,14.61,Increased Capacity (1-7)
A,60,55,14.33,Increased Capacity (1-7)
A,56,57,13.2,Increased Capacity (1-7)
A,58,59,14.41,Increased Capacity (1-7)
A,58,61,16.45,Increased Capacity (1-7)
A,62,40,14.38,Increased Capacity (1-7)
A,54,61,15.0,Increased Capacity (1-7)
A,57,57,13.0,Increased Capacity (1-7)
A,60,55,14.75,Increased Capacity (1-7)
A,61,64,15.08,Increased Capacity (1-7)
A,56,43,15.35,Increased Capacity (1-7)
A,49,66,16.85,Increased Capacity (1-7)
A,53,60,15.47,Increased Capacity (1-7)
A,55,61,13.47,Increased Capacity (1-7)
A,54,67,16.0,Increased Capacity (1-7)
A,53,53,15.24,Increased Capacity (1-7)
A,56,52,15.0,Increased Capacity (1-7)
A,60,56,15.25,Increased Capacity (1-7)
A,57,60,15.71,Increased Capacity (1-7)
A,56,49,14.4,Increased Capacity (1-7)
A,59,31,12.43,Increased Capacity (1-7)
A,54,45,13.28,Increased Capacity (1-7)
A,57,41,13.71,Increased Capacity (1-7)
A,54,63,15.78,Increased Capacity (1-7)
A,61,50,13.76,Increased Capacity (1-7)
A,59,59,14.83,Increased Capacity (1-7)
A,56,51,14.5,Increased Capacity (1-7)
A,53,50,15.47,Increased Capacity (1-7)
A,52,66,16.25,Increased Capacity (1-7)
A,57,52,14.57,Increased Capacity (1-7)
A,55,56,15.53,Increased Capacity (1-7)
A,55,55,13.79,Increased Capacity (1-7)
A,57,42,12.33,Increased Capacity (1-7)
A,56,65,15.2,Increased Capacity (1-7)
A,55,45,14.37,Increased Capacity (1-7)
A,52,69,15.88,Increased Capacity (1-7)
A,57,62,14.43,Increased Capacity (1-7)
A,60,60,13.22,Increased Capacity (1-7)
A,49,65,15.38,Increased Capacity (1-7)
A,55,57,14.68,Increased Capacity (1-7)
A,51,65,15.6,Increased Capacity (1-7)
A,55,57,14.95,Increased Capacity (1-7)
A,55,76,15.42,Increased Capacity (1-7)
A,54,52,14.17,Increased Capacity (1-7)
A,57,73,14.76,Increased Capacity (1-7)
A,58,46,14.91,Increased Capacity (1-7)
A,58,61,14.09,Increased Capacity (1-7)
A,49,72,17.38,Increased Capacity (1-7)
A,58,62,15.41,Increased Capacity (1-7)
A,59,58,13.78,Increased Capacity (1-7)
A,59,62,14.13,Increased Capacity (1-7)
A,53,61,15.94,Increased Capacity (1-7)
A,63,45,14.11,Increased Capacity (1-7)
A,59,53,14.17,Increased Capacity (1-7)
A,53,62,15.06,Increased Capacity (1-7)
A,55,66,13.42,Increased Capacity (1-7)
A,50,57,15.36,Increased Capacity (1-7)
A,55,66,15.16,Increased Capacity (1-7)
A,55,56,15.95,Increased Capacity (1-7)
A,55,65,15.05,Increased Capacity (1-7)
A,53,70,15.47,Increased Capacity (1-7)
A,63,59,13.11,Increased Capacity (1-7)
A,57,50,13.71,Increased Capacity (1-7)
A,57,60,13.95,Increased Capacity (1-7)
A,56,47,14.1,Increased Capacity (1-7)
A,57,59,15.67,Increased Capacity (1-7)
A,58,50,12.41,Increased Capacity (1-7)
A,63,54,14.7,Increased Capacity (1-7)
A,61,59,13.4,Increased Capacity (1-7)
A,52,68,16.06,Increased Capacity (1-7)
A,52,50,16.12,Increased Capacity (1-7)
A,53,46,13.94,Increased Capacity (1-7)
A,55,55,14.28,Increased Capacity (1-7)
A,61,52,14.48,Increased Capacity (1-7)
A,55,45,14.63,Increased Capacity (1-7)
A,60,56,15.0,Increased Capacity (1-7)
A,60,47,16.0,Increased Capacity (1-7)
A,56,54,12.15,Increased Capacity (1-7)
A,53,74,16.71,Increased Capacity (1-7)
A,49,61,15.54,Increased Capacity (1-7)
A,63,55,13.44,Increased Capacity (1-7)
A,63,58,14.89,Increased Capacity (1-7)
A,55,58,14.0,Increased Capacity (1-7)
A,59,56,13.61,Increased Capacity (1-7)
A,56,54,15.65,Increased Capacity (1-7)
A,58,49,14.23,Increased Capacity (1-7)
A,60,50,14.79,Increased Capacity (1-7)
A,61,62,14.0,Increased Capacity (1-7)
A,60,58,13.92,Increased Capacity (1-7)
A,52,62,15.31,Increased Capacity (1-7)
A,57,62,15.86,Increased Capacity (1-7)
A,53,64,15.12,Increased Capacity (1-7)
A,53,55,15.24,Increased Capacity (1-7)
A,54,67,14.83,Increased Capacity (1-7)
A,60,63,12.96,Increased Capacity (1-7)
A,57,68,15.62,Increased Capacity (1-7)
A,52,79,14.5,Increased Capacity (1-7)
A,56,60,14.85,Increased Capacity (1-7)
A,56,66,13.5,Increased Capacity (1-7)
A,58,61,13.55,Increased Capacity (1-7)
A,56,52,14.7,Increased Capacity (1-7)
A,59,43,14.0,Increased Capacity (1-7)
A,53,59,15.24,Increased Capacity (1-7)
A,50,80,17.29,Increased Capacity (1-7)
A,55,62,15.68,Increased Capacity (1-7)
A,49,76,16.62,Increased Capacity (1-7)
A,53,84,16.06,Increased Capacity (1-7)
A,54,63,15.33,Increased Capacity (1-7)
A,54,65,13.56,Increased Capacity (1-7)
A,59,47,14.65,Increased Capacity (1-7)
A,60,44,14.12,Increased Capacity (1-7)
A,54,35,12.94,Increased Capacity (1-7)
A,54,59,15.44,Increased Capacity (1-7)
A,56,70,15.6,Increased Capacity (1-7)
A,59,48,13.39,Increased Capacity (1-7)
A,58,61,14.55,Increased Capacity (1-7)
A,54,49,13.89,Increased Capacity (1-7)
A,52,59,15.69,Increased Capacity (1-7)
A,56,54,15.0,Increased Capacity (1-7)
A,56,41,12.85,Increased Capacity (1-7)
A,60,64,15.12,Increased Capacity (1-7)
A,56,55,14.6,Increased Capacity (1-7)
A,61,60,14.48,Increased Capacity (1-7)
A,54,57,15.06,Increased Capacity (1-7)
A,52,55,15.06,Increased Capacity (1-7)
A,58,59,14.5,Increased Capacity (1-7)
A,53,65,15.18,Increased Capacity (1-7)
A,64,52,13.71,Increased Capacity (1-7)
A,63,43,13.07,Increased Capacity (1-7)
A,63,61,14.48,Increased Capacity (1-7)
A,56,42,15.75,Increased Capacity (1-7)
A,61,57,13.08,Increased Capacity (1-7)
A,58,60,15.32,Increased Capacity (1-7)
A,56,43,14.45,Increased Capacity (1-7)
A,61,52,14.0,Increased Capacity (1-7)
A,50,63,16.57,Increased Capacity (1-7)
A,56,73,15.65,Increased Capacity (1-7)
A,58,65,15.09,Increased Capacity (1-7)
A,54,54,13.83,Increased Capacity (1-7)
A,45,59,16.11,Increased Capacity (1-7)
A,52,61,15.31,Increased Capacity (1-7)
A,62,66,14.31,Increased Capacity (1-7)
A,60,57,15.79,Increased Capacity (1-7)
A,59,63,14.04,Increased Capacity (1-7)
A,56,53,13.9,Increased Capacity (1-7)
A,53,57,15.65,Increased Capacity (1-7)
A,59,76,15.0,Increased Capacity (1-7)
A,50,80,15.64,Increased Capacity (1-7)
A,59,48,14.65,Increased Capacity (1-7)
A,60,59,14.67,Increased Capacity (1-7)
A,54,70,14.89,Increased Capacity (1-7)
A,56,65,14.65,Increased Capacity (1-7)
A,58,43,13.59,Increased Capacity (1-7)
A,64,40,12.61,Increased Capacity (1-7)
A,52,44,14.44,Increased Capacity (1-7)
A,53,60,15.41,Increased Capacity (1-7)
A,57,58,14.9,Increased Capacity (1-7)
A,61,54,12.84,Increased Capacity (1-7)
A,55,53,14.74,Increased Capacity (1-7)
A,54,69,14.89,Increased Capacity (1-7)
A,60,64,13.42,Increased Capacity (1-7)
A,54,64,15.72,Increased Capacity (1-7)
A,54,71,15.67,Increased Capacity (1-7)
A,56,70,15.9,Increased Capacity (1-7)
A,52,73,15.38,Increased Capacity (1-7)
A,59,65,14.17,Increased Capacity (1-7)
A,61,56,16.04,Increased Capacity (1-7)
A,60,59,13.54,Increased Capacity (1-7)
A,51,53,16.33,Increased Capacity (1-7)
A,50,58,14.21,Increased Capacity (1-7)
A,57,58,15.19,Increased Capacity (1-7)
A,59,59,14.48,Increased Capacity (1-7)
A,56,60,14.3,Increased Capacity (1-7)
A,56,73,14.8,Increased Capacity (1-7)
A,55,77,16.11,Increased Capacity (1-7)
A,57,56,13.1,Increased Capacity (1-7)
A,52,61,16.25,Increased Capacity (1-7)
A,55,43,13.32,Increased Capacity (1-7)
A,48,68,15.75,Increased Capacity (1-7)
A,55,76,14.79,Increased Capacity (1-7)
A,58,61,13.91,Increased Capacity (1-7)
A,55,69,13.53,Increased Capacity (1-7)
A,53,73,15.47,Increased Capacity (1-7)
A,58,47,13.77,Increased Capacity (1-7)
A,58,64,13.32,Increased Capacity (1-7)
A,57,51,13.86,Increased Capacity (1-7)
A,59,52,14.22,Increased Capacity (1-7)
A,49,66,14.77,Increased Capacity (1-7)
A,51,69,15.8,Increased Capacity (1-7)
A,55,65,12.47,Increased Capacity (1-7)
A,57,67,15.95,Increased Capacity (1-7)
A,56,46,13.15,Increased Capacity (1-7)
A,49,71,15.31,Increased Capacity (1-7)
A,61,57,14.32,Increased Capacity (1-7)
A,56,58,14.2,Increased Capacity (1-7)
A,57,67,14.33,Increased Capacity (1-7)
A,55,64,15.0,Increased Capacity (1-7)
A,56,45,15.05,Increased Capacity (1-7)
A,58,65,14.32,Increased Capacity (1-7)
A,58,57,12.55,Increased Capacity (1-7)
A,66,49,14.9,Increased Capacity (1-7)
A,58,54,14.14,Increased Capacity (1-7)
A,55,65,14.47,Increased Capacity (1-7)
A,48,66,16.75,Increased Capacity (1-7)
A,59,54,13.35,Increased Capacity (1-7)
A,57,69,15.0,Increased Capacity (1-7)
A,61,44,13.08,Increased Capacity (1-7)
A,52,73,16.12,Increased Capacity (1-7)
A,56,52,15.25,Increased Capacity (1-7)
A,60,48,15.62,Increased Capacity (1-7)
A,49,69,15.38,Increased Capacity (1-7)
A,52,53,15.06,Increased Capacity (1-7)
A,57,64,15.43,Increased Capacity (1-7)
A,55,51,13.95,Increased Capacity (1-7)
A,64,65,13.46,Increased Capacity (1-7)
A,49,58,17.31,Increased Capacity (1-7)
A,52,53,13.81,Increased Capacity (1-7)
A,56,57,14.25,Increased Capacity (1-7)
A,57,68,14.33,Increased Capacity (1-7)
A,52,49,14.5,Increased Capacity (1-7)
A,57,61,15.71,Increased Capacity (1-7)
A,60,45,13.38,Increased Capacity (1-7)
A,57,55,14.81,Increased Capacity (1-7)
A,53,51,16.53,Increased Capacity (1-7)
A,55,67,13.47,Increased Capacity (1-7)
A,60,56,13.67,Increased Capacity (1-7)
A,59,65,14.57,Increased Capacity (1-7)
A,58,52,13.41,Increased Capacity (1-7)
A,56,61,16.35,Increased Capacity (1-7)
A,52,57,15.94,Increased Capacity (1-7)
A,54,59,14.17,Increased Capacity (1-7)
A,55,64,16.0,Increased Capacity (1-7)
A,58,56,15.14,Increased Capacity (1-7)
A,52,76,14.75,Increased Capacity (1-7)
A,58,64,13.77,Increased Capacity (1-7)
A,53,54,15.18,Increased Capacity (1-7)
A,55,73,16.11,Increased Capacity (1-7)
A,52,61,14.69,Increased Capacity (1-7)
A,60,62,14.58,Increased Capacity (1-7)
A,53,74,15.35,Increased Capacity (1-7)
A,55,44,12.79,Increased Capacity (1-7)
A,61,60,13.6,Increased Capacity (1-7)
A,57,58,13.62,Increased Capacity (1-7)
A,58,64,15.14,Increased Capacity (1-7)
A,57,62,15.05,Increased Capacity (1-7)
A,57,74,13.38,Increased Capacity (1-7)
A,55,54,14.84,Increased Capacity (1-7)
A,58,58,14.14,Increased Capacity (1-7)
A,60,47,12.75,Increased Capacity (1-7)
A,55,67,15.95,Increased Capacity (1-7)
A,47,70,17.73,Increased Capacity (1-7)
A,55,65,14.37,Increased Capacity (1-7)
A,59,46,13.22,Increased Capacity (1-7)
A,55,46,12.32,Increased Capacity (1-7)
A,59,43,15.39,Increased Capacity (1-7)
A,60,47,13.29,Increased Capacity (1-7)
A,53,70,14.94,Increased Capacity (1-7)
A,49,72,16.0,Increased Capacity (1-7)
A,57,61,15.33,Increased Capacity (1-7)
A,57,59,14.62,Increased Capacity (1-7)
A,60,52,13.38,Increased Capacity (1-7)
A,54,67,14.78,Increased Capacity (1-7)
A,54,63,15.33,Increased Capacity (1-7)
A,62,62,15.0,Increased Capacity (1-7)
A,58,46,13.32,Increased Capacity (1-7)
A,55,53,14.79,Increased Capacity (1-7)
A,56,55,13.25,Increased Capacity (1-7)
A,50,78,16.79,Increased Capacity (1-7)
A,58,65,16.14,Increased Capacity (1-7)
A,59,54,13.48,Increased Capacity (1-7)
A,60,45,14.62,Increased Capacity (1-7)
A,55,68,15.42,Increased Capacity (1-7)
A,61,50,12.2,Increased Capacity (1-7)
A,55,60,14.53,Increased Capacity (1-7)
A,53,61,15.29,Increased Capacity (1-7)
A,54,52,13.83,Increased Capacity (1-7)
A,57,81,15.38,Increased Capacity (1-7)
A,55,62,15.32,Increased Capacity (1-7)
A,54,61,14.61,Increased Capacity (1-7)
A,57,57,14.48,Increased Capacity (1-7)
A,49,62,15.15,Increased Capacity (1-7)
A,53,73,16.24,Increased Capacity (1-7)
A,58,51,12.91,Increased Capacity (1-7)
A,59,65,14.04,Increased Capacity (1-7)
A,55,73,15.32,Increased Capacity (1-7)
A,53,57,15.53,Increased Capacity (1-7)
A,60,58,13.96,Increased Capacity (1-7)
A,63,48,14.07,Increased Capacity (1-7)
A,52,55,15.25,Increased Capacity (1-7)
A,55,57,14.42,Increased Capacity (1-7)
A,51,59,16.53,Increased Capacity (1-7)
A,58,57,14.18,Increased Capacity (1-7)
A,59,56,12.74,Increased Capacity (1-7)
A,60,65,15.0,Increased Capacity (1-7)
A,51,70,15.47,Increased Capacity (1-7)
A,52,60,15.69,Increased Capacity (1-7)
A,59,51,14.09,Increased Capacity (1-7)
A,57,69,15.05,Increased Capacity (1-7)
A,57,58,15.48,Increased Capacity (1-7)
A,54,52,13.44,Increased Capacity (1-7)
A,52,62,14.31,Increased Capacity (1-7)
A,58,69,16.05,Increased Capacity (1-7)
A,55,78,16.68,Increased Capacity (1-7)
A,55,75,15.11,Increased Capacity (1-7)
A,51,83,16.2,Increased Capacity (1-7)
A,63,63,13.37,Increased Capacity (1-7)
A,57,45,16.19,Increased Capacity (1-7)
A,58,58,13.45,Increased Capacity (1-7)
A,51,62,17.2,Increased Capacity (1-7)
A,54,65,14.83,Increased Capacity (1-7)
A,55,66,13.63,Increased Capacity (1-7)
A,57,45,13.71,Increased Capacity (1-7)
A,53,67,15.88,Increased Capacity (1-7)
A,54,70,15.83,Increased Capacity (1-7)
A,60,56,12.83,Increased Capacity (1-7)
A,58,62,15.05,Increased Capacity (1-7)
A,59,58,13.13,Increased Capacity (1-7)
A,62,63,13.27,Increased Capacity (1-7)
A,59,52,14.35,Increased Capacity (1-7)
A,54,58,15.61,Increased Capacity (1-7)
A,58,64,16.0,Increased Capacity (1-7)
A,53,59,13.47,Increased Capacity (1-7)
A,55,53,14.74,Increased Capacity (1-7)
A,51,58,14.67,Increased Capacity (1-7)
A,53,71,14.71,Increased Capacity (1-7)
A,60,61,13.25,Increased Capacity (1-7)
A,64,60,15.54,Increased Capacity (1-7)
A,52,59,16.06,Increased Capacity (1-7)
A,54,66,13.83,Increased Capacity (1-7)
A,59,61,13.52,Increased Capacity (1-7)
A,60,59,13.62,Increased Capacity (1-7)
A,58,70,14.59,Increased Capacity (1-7)
A,60,48,15.71,Increased Capacity (1-7)
A,59,64,15.17,Increased Capacity (1-7)
A,55,72,15.11,Increased Capacity (1-7)
A,58,66,14.05,Increased Capacity (1-7)
A,48,72,17.5,Increased Capacity (1-7)
A,57,55,14.24,Increased Capacity (1-7)
A,60,58,13.38,Increased Capacity (1-7)
A,57,63,13.86,Increased Capacity (1-7)
A,51,64,15.0,Increased Capacity (1-7)
A,55,58,13.58,Increased Capacity (1-7)
A,58,55,14.32,Increased Capacity (1-7)
A,54,75,15.61,Increased Capacity (1-7)
A,56,37,11.9,Increased Capacity (1-7)
A,58,84,15.14,Increased Capacity (1-7)
A,55,57,15.79,Increased Capacity (1-7)
A,61,75,14.12,Increased Capacity (1-7)
A,59,57,13.91,Increased Capacity (1-7)
A,55,63,15.16,Increased Capacity (1-7)
A,59,73,14.57,Increased Capacity (1-7)
A,59,62,14.74,Increased Capacity (1-7)
A,52,56,13.06,Increased Capacity (1-7)
A,57,49,15.76,Increased Capacity (1-7)
A,65,55,14.17,Increased Capacity (1-7)
A,46,59,14.6,Increased Capacity (1-7)
A,56,40,14.25,Increased Capacity (1-7)
A,51,68,15.0,Increased Capacity (1-7)
A,58,46,14.14,Increased Capacity (1-7)
A,53,67,13.76,Increased Capacity (1-7)
A,57,65,12.81,Increased Capacity (1-7)
A,58,82,15.55,Increased Capacity (1-7)
A,53,48,11.47,Increased Capacity (1-7)
A,59,61,14.13,Increased Capacity (1-7)
A,51,78,15.53,Increased Capacity (1-7)
A,63,59,14.59,Increased Capacity (1-7)
A,56,55,13.9,Increased Capacity (1-7)
A,56,63,14.35,Increased Capacity (1-7)
A,57,75,15.0,Increased Capacity (1-7)
A,59,58,15.22,Increased Capacity (1-7)
A,57,64,14.0,Increased Capacity (1-7)
A,56,78,15.9,Increased Capacity (1-7)
A,54,53,16.39,Increased Capacity (1-7)
A,58,57,15.0,Increased Capacity (1-7)
A,55,71,13.74,Increased Capacity (1-7)
A,45,76,17.0,Increased Capacity (1-7)
A,52,74,18.0,Increased Capacity (1-7)
A,60,71,15.17,Increased Capacity (1-7)
A,59,43,14.22,Increased Capacity (1-7)
A,62,49,13.31,Increased Capacity (1-7)
A,59,68,13.41,Increased Capacity (1-7)
A,63,59,14.04,Increased Capacity (1-7)
A,61,53,14.2,Increased Capacity (1-7)
A,58,44,14.27,Increased Capacity (1-7)
A,59,54,13.87,Increased Capacity (1-7)
A,57,43,14.0,Increased Capacity (1-7)
A,50,66,16.14,Increased Capacity (1-7)
A,54,43,13.28,Increased Capacity (1-7)
A,63,50,13.67,Increased Capacity (1-7)
A,59,48,14.52,Increased Capacity (1-7)
A,57,63,15.38,Increased Capacity (1-7)
A,60,64,14.33,Increased Capacity (1-7)
A,54,60,15.28,Increased Capacity (1-7)
A,60,57,13.79,Increased Capacity (1-7)
A,50,82,15.43,Increased Capacity (1-7)
A,58,42,14.09,Increased Capacity (1-7)
A,55,63,16.05,Increased Capacity (1-7)
A,57,59,15.38,Increased Capacity (1-7)
A,59,63,13.7,Increased Capacity (1-7)
A,58,61,14.91,Increased Capacity (1-7)
A,58,51,12.77,Increased Capacity (1-7)
A,61,46,15.32,Increased Capacity (1-7)
A,52,60,14.19,Increased Capacity (1-7)
A,56,72,13.5,Increased Capacity (1-7)
A,59,65,13.17,Increased Capacity (1-7)
A,57,59,15.76,Increased Capacity (1-7)
A,57,62,15.29,Increased Capacity (1-7)
A,60,61,13.88,Increased Capacity (1-7)
A,51,72,15.67,Increased Capacity (1-7)
A,49,76,16.38,Increased Capacity (1-7)
A,63,58,14.74,Increased Capacity (1-7)
A,54,79,16.0,Increased Capacity (1-7)
A,50,67,15.71,Increased Capacity (1-7)
A,58,53,14.05,Increased Capacity (1-7)
A,53,51,15.88,Increased Capacity (1-7)
A,58,56,13.09,Increased Capacity (1-7)
A,58,64,13.77,Increased Capacity (1-7)
A,58,58,14.59,Increased Capacity (1-7)
A,57,59,15.81,Increased Capacity (1-7)
A,60,58,15.25,Increased Capacity (1-7)
A,53,53,13.88,Increased Capacity (1-7)
A,44,73,16.12,Increased Capacity (1-7)
A,57,48,15.1,Increased Capacity (1-7)
A,56,67,15.1,Increased Capacity (1-7)
A,58,69,14.41,Increased Capacity (1-7)
A,48,70,16.92,Increased Capacity (1-7)
A,50,64,16.43,Increased Capacity (1-7)
A,53,63,13.41,Increased Capacity (1-7)
A,56,65,14.55,Increased Capacity (1-7)
A,57,50,12.52,Increased Capacity (1-7)
A,59,56,14.13,Increased Capacity (1-7)
A,60,62,14.75,Increased Capacity (1-7)
A,50,71,15.5,Increased Capacity (1-7)
A,52,55,15.56,Increased Capacity (1-7)
A,58,46,12.91,Increased Capacity (1-7)
A,55,60,15.21,Increased Capacity (1-7)
A,61,51,15.04,Increased Capacity (1-7)
A,53,63,12.82,Increased Capacity (1-7)
A,59,68,15.0,Increased Capacity (1-7)
A,61,60,14.0,Increased Capacity (1-7)
A,54,55,14.44,Increased Capacity (1-7)
A,49,67,17.23,Increased Capacity (1-7)
A,50,66,16.14,Increased Capacity (1-7)
A,57,55,13.95,Increased Capacity (1-7)
A,60,40,13.0,Increased Capacity (1-7)
A,60,71,14.5,Increased Capacity (1-7)
A,56,54,15.4,Increased Capacity (1-7)
A,56,54,13.95,Increased Capacity (1-7)
A,57,53,12.52,Increased Capacity (1-7)
A,52,69,15.44,Increased Capacity (1-7)
A,61,67,15.4,Increased Capacity (1-7)
A,57,53,13.81,Increased Capacity (1-7)
A,62,54,14.69,Increased Capacity (1-7)
A,53,64,14.65,Increased Capacity (1-7)
A,59,54,13.57,Increased Capacity (1-7)
A,55,63,15.32,Increased Capacity (1-7)
A,54,74,15.06,Increased Capacity (1-7)
A,62,58,14.46,Increased Capacity (1-7)
A,61,53,13.2,Increased Capacity (1-7)
A,60,66,13.17,Increased Capacity (1-7)
A,60,76,14.25,Increased Capacity (1-7)
A,57,44,13.43,Increased Capacity (1-7)
A,56,44,15.35,Increased Capacity (1-7)
A,53,60,16.18,Increased Capacity (1-7)
A,65,42,12.21,Increased Capacity (1-7)
A,55,70,15.26,Increased Capacity (1-7)
A,54,63,13.94,Increased Capacity (1-7)
A,56,56,15.2,Increased Capacity (1-7)
A,52,44,11.94,Increased Capacity (1-7)
A,53,76,15.82,Increased Capacity (1-7)
A,54,60,14.56,Increased Capacity (1-7)
A,52,53,14.31,Increased Capacity (1-7)
A,55,65,15.42,Increased Capacity (1-7)
A,51,49,15.4,Increased Capacity (1-7)
A,55,44,15.37,Increased Capacity (1-7)
A,62,37,13.69,Increased Capacity (1-7)
A,55,64,14.0,Increased Capacity (1-7)
A,56,67,14.8,Increased Capacity (1-7)
A,63,56,14.63,Increased Capacity (1-7)
A,58,65,14.27,Increased Capacity (1-7)
A,51,61,15.53,Increased Capacity (1-7)
A,48,66,15.42,Increased Capacity (1-7)
A,55,57,14.11,Increased Capacity (1-7)
A,59,59,14.87,Increased Capacity (1-7)
A,55,68,15.32,Increased Capacity (1-7)
A,52,74,15.0,Increased Capacity (1-7)
A,52,64,14.25,Increased Capacity (1-7)
A,54,58,16.22,Increased Capacity (1-7)
A,62,66,13.58,Increased Capacity (1-7)
A,52,69,15.19,Increased Capacity (1-7)
A,55,62,15.0,Increased Capacity (1-7)
A,57,62,15.57,Increased Capacity (1-7)
A,57,64,14.33,Increased Capacity (1-7)
A,52,69,15.69,Increased Capacity (1-7)
A,57,55,13.19,Increased Capacity (1-7)
A,50,69,16.79,Increased Capacity (1-7)
A,60,53,14.46,Increased Capacity (1-7)
A,55,73,15.0,Increased Capacity (1-7)
A,54,66,14.94,Increased Capacity (1-7)
A,54,53,15.78,Increased Capacity (1-7)
A,63,47,14.22,Increased Capacity (1-7)
A,56,53,15.05,Increased Capacity (1-7)
A,60,43,14.75,Increased Capacity (1-7)
A,57,55,15.71,Increased Capacity (1-7)
A,57,71,15.95,Increased Capacity (1-7)
A,59,68,15.57,Increased Capacity (1-7)
A,54,65,14.5,Increased Capacity (1-7)
A,57,55,14.9,Increased Capacity (1-7)
A,50,63,14.71,Increased Capacity (1-7)
A,57,56,14.52,Increased Capacity (1-7)
A,53,52,13.88,Increased Capacity (1-7)
A,60,55,14.88,Increased Capacity (1-7)
A,61,51,15.08,Increased Capacity (1-7)
A,63,56,14.0,Increased Capacity (1-7)
A,54,60,14.56,Increased Capacity (1-7)
A,54,69,14.83,Increased Capacity (1-7)
A,59,57,13.91,Increased Capacity (1-7)
A,54,56,13.0,Increased Capacity (1-7)
A,59,54,14.22,Increased Capacity (1-7)
A,54,71,13.67,Increased Capacity (1-7)
A,60,48,12.67,Increased Capacity (1-7)
A,53,63,14.59,Increased Capacity (1-7)
A,58,44,13.5,Increased Capacity (1-7)
A,60,52,13.71,Increased Capacity (1-7)
A,53,64,14.41,Increased Capacity (1-7)
A,57,74,14.67,Increased Capacity (1-7)
A,60,75,14.83,Increased Capacity (1-7)
A,57,61,14.29,Increased Capacity (1-7)
A,62,53,14.0,Increased Capacity (1-7)
A,53,61,15.12,Increased Capacity (1-7)
A,59,44,14.0,Increased Capacity (1-7)
A,59,64,14.65,Increased Capacity (1-7)
A,62,59,15.54,Increased Capacity (1-7)
A,62,61,14.42,Increased Capacity (1-7)
A,59,40,15.96,Increased Capacity (1-7)
A,57,44,13.29,Increased Capacity (1-7)
A,59,71,14.35,Increased Capacity (1-7)
A,58,55,16.05,Increased Capacity (1-7)
A,55,65,14.74,Increased Capacity (1-7)
A,53,64,15.35,Increased Capacity (1-7)
A,62,46,13.04,Increased Capacity (1-7)
A,56,81,16.4,Increased Capacity (1-7)
A,57,59,13.52,Increased Capacity (1-7)
A,57,74,16.52,Increased Capacity (1-7)
A,58,51,13.09,Increased Capacity (1-7)
A,54,67,15.28,Increased Capacity (1-7)
A,54,50,14.0,Increased Capacity (1-7)
A,63,61,13.74,Increased Capacity (1-7)
A,57,81,15.48,Increased Capacity (1-7)
A,57,70,15.43,Increased Capacity (1-7)
A,57,49,13.52,Increased Capacity (1-7)
A,57,64,15.95,Increased Capacity (1-7)
A,56,66,15.1,Increased Capacity (1-7)
A,54,61,12.06,Increased Capacity (1-7)
A,51,86,16.47,Increased Capacity (1-7)
A,52,80,17.0,Increased Capacity (1-7)
A,59,62,15.74,Increased Capacity (1-7)
A,61,55,13.04,Increased Capacity (1-7)
A,58,48,13.18,Increased Capacity (1-7)
A,64,46,13.04,Increased Capacity (1-7)
A,54,52,12.78,Increased Capacity (1-7)
A,55,58,13.0,Increased Capacity (1-7)
A,64,44,13.29,Increased Capacity (1-7)
A,54,72,16.61,Increased Capacity (1-7)
A,61,55,14.88,Increased Capacity (1-7)
A,53,73,15.12,Increased Capacity (1-7)
A,59,61,14.52,Increased Capacity (1-7)
A,50,56,16.0,Increased Capacity (1-7)
A,59,61,15.61,Increased Capacity (1-7)
A,61,45,12.44,Increased Capacity (1-7)
A,53,67,16.29,Increased Capacity (1-7)
A,54,63,13.11,Increased Capacity (1-7)
A,55,63,13.26,Increased Capacity (1-7)
A,56,52,14.0,Increased Capacity (1-7)
A,55,68,15.84,Increased Capacity (1-7)
A,54,64,13.94,Increased Capacity (1-7)
A,48,65,17.58,Increased Capacity (1-7)
A,57,58,14.52,Increased Capacity (1-7)
A,58,42,13.68,Increased Capacity (1-7)
A,55,59,16.16,Increased Capacity (1-7)
A,57,56,15.19,Increased Capacity (1-7)
A,56,68,14.2,Increased Capacity (1-7)
A,60,57,14.88,Increased Capacity (1-7)
A,56,56,13.4,Increased Capacity (1-7)
A,51,74,14.67,Increased Capacity (1-7)
A,64,46,14.68,Increased Capacity (1-7)
A,54,58,13.83,Increased Capacity (1-7)
A,59,44,14.52,Increased Capacity (1-7)
A,50,71,16.64,Increased Capacity (1-7)
A,65,54,13.45,Increased Capacity (1-7)
A,58,46,15.14,Increased Capacity (1-7)
A,54,50,16.0,Increased Capacity (1-7)
A,51,58,14.87,Increased Capacity (1-7)
A,54,56,16.89,Increased Capacity (1-7)
A,61,44,14.84,Increased Capacity (1-7)
A,56,68,15.1,Increased Capacity (1-7)
A,51,62,15.07,Increased Capacity (1-7)
A,54,57,14.78,Increased Capacity (1-7)
A,56,68,13.5,Increased Capacity (1-7)
A,56,53,13.25,Increased Capacity (1-7)
A,60,52,13.83,Increased Capacity (1-7)
A,52,71,15.44,Increased Capacity (1-7)
A,55,52,12.95,Increased Capacity (1-7)
A,56,61,15.5,Increased Capacity (1-7)
A,60,56,13.88,Increased Capacity (1-7)
A,58,57,14.91,Increased Capacity (1-7)
A,64,65,14.75,Increased Capacity (1-7)
A,61,63,14.64,Increased Capacity (1-7)
A,57,47,15.52,Increased Capacity (1-7)
A,53,68,15.24,Increased Capacity (1-7)
A,57,47,12.95,Increased Capacity (1-7)
A,56,63,15.3,Increased Capacity (1-7)
A,52,65,14.38,Increased Capacity (1-7)
A,54,67,16.5,Increased Capacity (1-7)
A,56,63,15.55,Increased Capacity (1-7)
A,64,51,13.79,Increased Capacity (1-7)
A,51,75,15.67,Increased Capacity (1-7)
A,56,74,16.95,Increased Capacity (1-7)
A,55,63,15.58,Increased Capacity (1-7)
A,53,66,14.06,Increased Capacity (1-7)
A,56,75,14.9,Increased Capacity (1-7)
A,57,43,14.76,Increased Capacity (1-7)
A,55,56,15.11,Increased Capacity (1-7)
A,48,63,17.83,Increased Capacity (1-7)
A,52,61,14.94,Increased Capacity (1-7)
A,56,65,14.7,Increased Capacity (1-7)
A,57,50,15.86,Increased Capacity (1-7)
A,54,72,14.22,Increased Capacity (1-7)
A,53,57,16.12,Increased Capacity (1-7)
A,53,55,16.0,Increased Capacity (1-7)
A,62,56,14.23,Increased Capacity (1-7)
A,56,65,16.25,Increased Capacity (1-7)
A,59,52,13.35,Increased Capacity (1-7)
A,58,41,12.14,Increased Capacity (1-7)
A,63,59,13.63,Increased Capacity (1-7)
A,54,66,16.0,Increased Capacity (1-7)
A,56,66,15.2,Increased Capacity (1-7)
A,62,59,14.23,Increased Capacity (1-7)
A,49,67,16.46,Increased Capacity (1-7)
A,56,62,14.05,Increased Capacity (1-7)
A,54,68,15.33,Increased Capacity (1-7)
A,57,67,14.43,Increased Capacity (1-7)
A,55,69,15.11,Increased Capacity (1-7)
A,62,66,15.27,Increased Capacity (1-7)
A,54,66,14.67,Increased Capacity (1-7)
A,44,76,18.5,Increased Capacity (1-7)
A,60,64,14.67,Increased Capacity (1-7)
A,62,53,13.69,Increased Capacity (1-7)
A,59,57,15.13,Increased Capacity (1-7)
A,53,49,15.65,Increased Capacity (1-7)
A,54,64,13.89,Increased Capacity (1-7)
A,58,54,15.05,Increased Capacity (1-7)
A,62,67,15.31,Increased Capacity (1-7)
A,53,59,15.41,Increased Capacity (1-7)
A,54,52,14.78,Increased Capacity (1-7)
A,63,62,14.0,Increased Capacity (1-7)
A,52,65,15.88,Increased Capacity (1-7)
A,65,50,14.0,Increased Capacity (1-7)
A,54,37,14.22,Increased Capacity (1-7)
A,52,66,14.62,Increased Capacity (1-7)
A,63,51,14.26,Increased Capacity (1-7)
A,50,58,16.86,Increased Capacity (1-7)
A,64,51,13.96,Increased Capacity (1-7)
A,59,53,15.09,Increased Capacity (1-7)
A,52,66,16.06,Increased Capacity (1-7)
A,56,52,13.9,Increased Capacity (1-7)
A,57,77,15.05,Increased Capacity (1-7)
A,55,66,14.42,Increased Capacity (1-7)
A,58,70,15.86,Increased Capacity (1-7)
A,53,76,14.76,Increased Capacity (1-7)
A,57,49,14.52,Increased Capacity (1-7)
A,50,71,15.5,Increased Capacity (1-7)
A,51,71,14.53,Increased Capacity (1-7)
A,61,58,14.24,Increased Capacity (1-7)
A,56,80,14.6,Increased Capacity (1-7)
A,60,61,14.92,Increased Capacity (1-7)
A,59,62,13.22,Increased Capacity (1-7)
A,55,74,14.53,Increased Capacity (1-7)
A,58,61,14.09,Increased Capacity (1-7)
A,58,62,15.0,Increased Capacity (1-7)
A,49,67,18.08,Increased Capacity (1-7)
A,51,63,17.33,Increased Capacity (1-7)
A,56,74,15.55,Increased Capacity (1-7)
A,53,66,14.88,Increased Capacity (1-7)
A,58,56,13.77,Increased Capacity (1-7)
A,52,59,15.12,Increased Capacity (1-7)
A,62,49,13.42,Increased Capacity (1-7)
A,55,72,14.11,Increased Capacity (1-7)
A,51,52,15.6,Increased Capacity (1-7)
A,57,55,16.0,Increased Capacity (1-7)
A,61,56,14.36,Increased Capacity (1-7)
A,58,61,15.73,Increased Capacity (1-7)
A,54,73,14.61,Increased Capacity (1-7)
A,58,51,14.55,Increased Capacity (1-7)
A,59,52,13.74,Increased Capacity (1-7)
A,52,53,15.0,Increased Capacity (1-7)
A,55,59,15.11,Increased Capacity (1-7)
A,57,69,14.48,Increased Capacity (1-7)
A,52,71,16.06,Increased Capacity (1-7)
A,60,41,12.12,Increased Capacity (1-7)
A,59,60,14.09,Increased Capacity (1-7)
A,55,59,15.32,Increased Capacity (1-7)
A,49,61,13.85,Increased Capacity (1-7)
A,54,56,14.94,Increased Capacity (1-7)
A,58,53,13.05,Increased Capacity (1-7)
A,57,54,15.43,Increased Capacity (1-7)
A,56,74,15.55,Increased Capacity (1-7)
A,55,68,14.11,Increased Capacity (1-7)
A,51,69,16.07,Increased Capacity (1-7)
A,56,63,15.15,Increased Capacity (1-7)
A,60,60,14.21,Increased Capacity (1-7)
A,62,55,14.08,Increased Capacity (1-7)
A,55,55,15.32,Increased Capacity (1-7)
A,56,58,14.0,Increased Capacity (1-7)
A,55,66,16.63,Increased Capacity (1-7)
A,59,67,15.43,Increased Capacity (1-7)
A,59,62,14.83,Increased Capacity (1-7)
A,53,52,15.94,Increased Capacity (1-7)
A,60,46,14.67,Increased Capacity (1-7)
A,57,44,14.0,Increased Capacity (1-7)
A,56,55,13.95,Increased Capacity (1-7)
A,59,56,13.87,Increased Capacity (1-7)
A,63,60,14.44,Increased Capacity (1-7)
A,58,68,14.91,Increased Capacity (1-7)
A,58,61,14.14,Increased Capacity (1-7)
A,54,81,14.94,Increased Capacity (1-7)
A,59,66,14.83,Increased Capacity (1-7)
A,60,77,15.61,Increased Capacity (1-7)
A,55,81,15.37,Increased Capacity (1-7)
A,61,54,14.4,Increased Capacity (1-7)
A,60,66,14.54,Increased Capacity (1-7)
A,58,59,14.64,Increased Capacity (1-7)
A,56,52,14.15,Increased Capacity (1-7)
A,58,69,14.14,Increased Capacity (1-7)
A,55,69,16.16,Increased Capacity (1-7)
A,59,56,13.87,Increased Capacity (1-7)
A,50,59,14.71,Increased Capacity (1-7)
A,53,43,14.35,Increased Capacity (1-7)
A,58,50,14.18,Increased Capacity (1-7)
A,54,55,13.67,Increased Capacity (1-7)
A,60,61,14.46,Increased Capacity (1-7)
A,54,66,14.78,Increased Capacity (1-7)
A,51,62,14.93,Increased Capacity (1-7)
A,64,52,13.71,Increased Capacity (1-7)
A,58,57,15.95,Increased Capacity (1-7)
A,59,54,15.0,Increased Capacity (1-7)
A,57,63,15.81,Increased Capacity (1-7)
A,60,66,14.04,Increased Capacity (1-7)
A,52,64,13.75,Increased Capacity (1-7)
A,51,63,15.47,Increased Capacity (1-7)
A,51,42,13.33,Increased Capacity (1-7)
A,59,69,14.61,Increased Capacity (1-7)
A,54,70,15.0,Increased Capacity (1-7)
A,60,56,14.21,Increased Capacity (1-7)
A,53,69,16.76,Increased Capacity (1-7)
A,56,65,16.05,Increased Capacity (1-7)
A,59,55,13.96,Increased Capacity (1-7)
A,56,48,14.15,Increased Capacity (1-7)
A,57,44,14.48,Increased Capacity (1-7)
A,50,54,15.86,Increased Capacity (1-7)
A,57,60,15.43,Increased Capacity (1-7)
A,54,57,14.06,Increased Capacity (1-7)
A,56,65,14.85,Increased Capacity (1-7)
A,59,65,12.96,Increased Capacity (1-7)
A,56,43,13.25,Increased Capacity (1-7)
A,54,63,16.83,Increased Capacity (1-7)
A,53,58,14.88,Increased Capacity (1-7)
A,56,69,15.65,Increased Capacity (1-7)
A,57,62,15.05,Increased Capacity (1-7)
A,55,54,13.74,Increased Capacity (1-7)
A,51,67,15.27,Increased Capacity (1-7)
A,57,68,15.43,Increased Capacity (1-7)
A,59,70,14.7,Increased Capacity (1-7)
A,60,68,15.25,Increased Capacity (1-7)
A,52,62,15.81,Increased Capacity (1-7)
A,55,65,15.95,Increased Capacity (1-7)
A,59,48,14.48,Increased Capacity (1-7)
A,56,69,13.3,Increased Capacity (1-7)
A,52,58,12.69,Increased Capacity (1-7)
A,61,61,13.92,Increased Capacity (1-7)
A,57,42,14.19,Increased Capacity (1-7)
A,59,68,13.09,Increased Capacity (1-7)
A,59,56,14.61,Increased Capacity (1-7)
A,56,29,12.1,Increased Capacity (1-7)
A,48,64,17.08,Increased Capacity (1-7)
A,61,48,13.76,Increased Capacity (1-7)
A,52,77,15.62,Increased Capacity (1-7)
A,52,66,14.88,Increased Capacity (1-7)
A,57,50,15.1,Increased Capacity (1-7)
A,56,61,14.05,Increased Capacity (1-7)
A,53,68,14.65,Increased Capacity (1-7)
A,61,57,14.24,Increased Capacity (1-7)
A,60,57,13.67,Increased Capacity (1-7)
A,58,54,15.45,Increased Capacity (1-7)
A,58,48,14.64,Increased Capacity (1-7)
A,54,51,14.11,Increased Capacity (1-7)
A,65,41,12.66,Increased Capacity (1-7)
A,60,59,15.58,Increased Capacity (1-7)
A,46,58,18.3,Increased Capacity (1-7)
A,55,60,15.47,Increased Capacity (1-7)
A,56,68,14.65,Increased Capacity (1-7)
A,52,77,13.88,Increased Capacity (1-7)
A,55,60,13.84,Increased Capacity (1-7)
A,56,55,12.0,Increased Capacity (1-7)
A,55,58,15.84,Increased Capacity (1-7)
A,51,71,14.87,Increased Capacity (1-7)
A,63,62,15.96,Increased Capacity (1-7)
A,58,64,14.5,Increased Capacity (1-7)
A,63,67,14.67,Increased Capacity (1-7)
A,57,62,13.62,Increased Capacity (1-7)
A,60,58,14.58,Increased Capacity (1-7)
A,59,51,13.13,Increased Capacity (1-7)
A,54,58,15.67,Increased Capacity (1-7)
A,60,55,12.96,Increased Capacity (1-7)
A,59,68,16.26,Increased Capacity (1-7)
A,59,55,14.52,Increased Capacity (1-7)
A,53,53,14.12,Increased Capacity (1-7)
A,62,33,14.85,Increased Capacity (1-7)
A,53,67,15.65,Increased Capacity (1-7)
A,52,65,12.87,Increased Capacity (1-7)
A,60,63,13.79,Increased Capacity (1-7)
A,55,75,15.47,Increased Capacity (1-7)
A,53,58,15.65,Increased Capacity (1-7)
A,58,59,15.68,Increased Capacity (1-7)
A,56,58,15.25,Increased Capacity (1-7)
A,51,72,14.2,Increased Capacity (1-7)
A,60,43,14.92,Increased Capacity (1-7)
A,51,64,15.0,Increased Capacity (1-7)
A,52,66,15.69,Increased Capacity (1-7)
A,52,59,15.0,Increased Capacity (1-7)
A,62,70,15.04,Increased Capacity (1-7)
A,55,63,14.05,Increased Capacity (1-7)
A,56,70,12.9,Increased Capacity (1-7)
A,56,52,14.15,Increased Capacity (1-7)
A,55,59,13.53,Increased Capacity (1-7)
A,59,73,14.3,Increased Capacity (1-7)
A,60,61,14.12,Increased Capacity (1-7)
A,53,77,14.35,Increased Capacity (1-7)
A,48,72,16.67,Increased Capacity (1-7)
A,48,72,15.0,Increased Capacity (1-7)
A,53,45,13.47,Increased Capacity (1-7)
A,59,68,15.61,Increased Capacity (1-7)
A,51,71,17.33,Increased Capacity (1-7)
A,58,74,14.0,Increased Capacity (1-7)
A,59,67,14.74,Increased Capacity (1-7)
A,60,71,15.58,Increased Capacity (1-7)
A,60,70,14.71,Increased Capacity (1-7)
A,53,56,13.47,Increased Capacity (1-7)
A,54,57,14.22,Increased Capacity (1-7)
A,56,63,14.4,Increased Capacity (1-7)
A,55,43,15.63,Increased Capacity (1-7)
A,58,46,14.95,Increased Capacity (1-7)
A,56,66,14.95,Increased Capacity (1-7)
A,59,64,13.48,Increased Capacity (1-7)
A,52,61,16.56,Increased Capacity (1-7)
A,62,59,14.65,Increased Capacity (1-7)
A,53,64,15.06,Increased Capacity (1-7)
A,61,53,14.2,Increased Capacity (1-7)
A,55,59,14.11,Increased Capacity (1-7)
A,55,84,15.21,Increased Capacity (1-7)
A,59,43,13.83,Increased Capacity (1-7)
A,57,50,14.86,Increased Capacity (1-7)
A,54,62,16.0,Increased Capacity (1-7)
A,55,63,16.42,Increased Capacity (1-7)
A,61,71,14.08,Increased Capacity (1-7)
A,54,58,15.61,Increased Capacity (1-7)
A,58,50,13.64,Increased Capacity (1-7)
A,56,52,14.55,Increased Capacity (1-7)
A,59,51,15.26,Increased Capacity (1-7)
A,60,66,15.79,Increased Capacity (1-7)
A,55,55,12.47,Increased Capacity (1-7)
A,59,57,13.78,Increased Capacity (1-7)
A,58,48,14.0,Increased Capacity (1-7)
A,53,54,15.24,Increased Capacity (1-7)
A,56,70,15.4,Increased Capacity (1-7)
A,60,51,13.42,Increased Capacity (1-7)
A,53,71,14.18,Increased Capacity (1-7)
A,58,45,14.05,Increased Capacity (1-7)
A,55,67,15.05,Increased Capacity (1-7)
A,54,67,16.0,Increased Capacity (1-7)
A,52,68,14.75,Increased Capacity (1-7)
A,62,62,14.69,Increased Capacity (1-7)
A,55,69,15.37,Increased Capacity (1-7)
A,53,53,14.35,Increased Capacity (1-7)
A,53,71,17.0,Increased Capacity (1-7)
A,52,65,15.19,Increased Capacity (1-7)
A,58,57,14.64,Increased Capacity (1-7)
A,59,71,15.35,Increased Capacity (1-7)
A,59,55,14.87,Increased Capacity (1-7)
A,55,64,14.68,Increased Capacity (1-7)
A,58,59,13.18,Increased Capacity (1-7)
A,52,73,15.19,Increased Capacity (1-7)
A,59,62,14.61,Increased Capacity (1-7)
A,53,61,16.41,Increased Capacity (1-7)
A,56,66,14.4,Increased Capacity (1-7)
A,58,43,14.68,Increased Capacity (1-7)
A,59,45,12.68,Increased Capacity (1-7)
A,49,65,13.0,Increased Capacity (1-7)
A,54,56,13.44,Increased Capacity (1-7)
A,57,61,14.1,Increased Capacity (1-7)
A,60,43,13.0,Increased Capacity (1-7)
A,61,59,12.8,Increased Capacity (1-7)
A,56,74,15.85,Increased Capacity (1-7)
A,58,52,15.59,Increased Capacity (1-7)
A,52,75,16.69,Increased Capacity (1-7)
A,53,45,14.65,Increased Capacity (1-7)
A,50,71,16.36,Increased Capacity (1-7)
A,55,57,12.05,Increased Capacity (1-7)
A,52,65,16.56,Increased Capacity (1-7)
A,51,65,15.73,Increased Capacity (1-7)
A,64,49,13.57,Increased Capacity (1-7)
A,48,76,15.83,Increased Capacity (1-7)
A,61,51,13.0,Increased Capacity (1-7)
A,60,65,14.88,Increased Capacity (1-7)
A,54,69,15.39,Increased Capacity (1-7)
A,55,69,14.95,Increased Capacity (1-7)
A,61,71,13.56,Increased Capacity (1-7)
A,57,64,15.9,Increased Capacity (1-7)
A,58,53,14.32,Increased Capacity (1-7)
A,57,42,13.33,Increased Capacity (1-7)
A,52,61,15.69,Increased Capacity (1-7)
A,54,67,15.11,Increased Capacity (1-7)
A,55,58,13.58,Increased Capacity (1-7)
A,58,48,12.68,Increased Capacity (1-7)
A,55,64,15.37,Increased Capacity (1-7)
A,54,52,16.11,Increased Capacity (1-7)
A,56,68,15.65,Increased Capacity (1-7)
A,56,52,15.65,Increased Capacity (1-7)
A,59,54,13.96,Increased Capacity (1-7)
A,56,58,14.2,Increased Capacity (1-7)
A,48,89,16.42,Increased Capacity (1-7)
A,46,78,16.1,Increased Capacity (1-7)
A,59,58,13.91,Increased Capacity (1-7)
A,53,66,15.35,Increased Capacity (1-7)
A,54,67,14.17,Increased Capacity (1-7)
A,57,62,15.29,Increased Capacity (1-7)
A,55,55,13.95,Increased Capacity (1-7)
A,61,59,13.8,Increased Capacity (1-7)
A,53,55,14.65,Increased Capacity (1-7)
A,58,72,13.82,Increased Capacity (1-7)
A,63,48,14.11,Increased Capacity (1-7)
A,58,69,14.55,Increased Capacity (1-7)
A,56,56,14.4,Increased Capacity (1-7)
A,60,47,14.29,Increased Capacity (1-7)
A,58,64,15.5,Increased Capacity (1-7)
A,58,49,13.82,Increased Capacity (1-7)
A,52,62,15.88,Increased Capacity (1-7)
A,51,78,14.73,Increased Capacity (1-7)
A,55,68,14.53,Increased Capacity (1-7)
A,58,62,13.45,Increased Capacity (1-7)
A,52,57,14.5,Increased Capacity (1-7)
A,53,47,15.12,Increased Capacity (1-7)
A,60,59,13.71,Increased Capacity (1-7)
A,59,62,14.09,Increased Capacity (1-7)
A,60,63,15.33,Increased Capacity (1-7)
A,52,69,14.56,Increased Capacity (1-7)
A,54,70,13.61,Increased Capacity (1-7)
A,54,77,16.39,Increased Capacity (1-7)
A,58,65,13.41,Increased Capacity (1-7)
A,56,72,15.4,Increased Capacity (1-7)
A,56,46,13.9,Increased Capacity (1-7)
A,61,37,12.88,Increased Capacity (1-7)
A,56,62,14.7,Increased Capacity (1-7)
A,50,59,15.57,Increased Capacity (1-7)
A,54,65,13.28,Increased Capacity (1-7)
A,60,53,15.46,Increased Capacity (1-7)
A,59,44,14.0,Increased Capacity (1-7)
A,58,68,14.32,Increased Capacity (1-7)
A,55,70,14.63,Increased Capacity (1-7)
A,57,60,15.14,Increased Capacity (1-7)
A,57,64,15.24,Increased Capacity (1-7)
A,60,65,13.29,Increased Capacity (1-7)
A,60,61,14.46,Increased Capacity (1-7)
A,54,64,15.0,Increased Capacity (1-7)
A,58,55,15.0,Increased Capacity (1-7)
A,60,66,14.29,Increased Capacity (1-7)
A,59,58,14.52,Increased Capacity (1-7)
A,60,52,13.92,Increased Capacity (1-7)
A,59,44,13.3,Increased Capacity (1-7)
A,53,53,14.65,Increased Capacity (1-7)
A,65,54,14.21,Increased Capacity (1-7)
A,63,58,15.3,Increased Capacity (1-7)
A,55,50,14.32,Increased Capacity (1-7)
A,54,67,15.39,Increased Capacity (1-7)
A,60,55,13.08,Increased Capacity (1-7)
A,56,72,14.7,Increased Capacity (1-7)
A,57,37,12.05,Increased Capacity (1-7)
A,58,47,12.77,Increased Capacity (1-7)
A,56,56,13.95,Increased Capacity (1-7)
A,54,63,13.83,Increased Capacity (1-7)
A,57,60,15.67,Increased Capacity (1-7)
A,57,60,15.24,Increased Capacity (1-7)
A,54,54,14.83,Increased Capacity (1-7)
A,61,56,14.16,Increased Capacity (1-7)
A,59,51,14.87,Increased Capacity (1-7)
A,54,59,14.72,Increased Capacity (1-7)
A,62,49,14.5,Increased Capacity (1-7)
A,55,64,16.53,Increased Capacity (1-7)
A,57,65,15.86,Increased Capacity (1-7)
A,57,71,13.86,Increased Capacity (1-7)
A,56,63,15.8,Increased Capacity (1-7)
A,54,60,14.28,Increased Capacity (1-7)
A,59,73,14.74,Increased Capacity (1-7)
A,58,62,14.77,Increased Capacity (1-7)
A,60,55,14.5,Increased Capacity (1-7)
A,55,74,14.89,Increased Capacity (1-7)
A,55,44,14.37,Increased Capacity (1-7)
A,59,62,13.3,Increased Capacity (1-7)
A,60,70,14.46,Increased Capacity (1-7)
A,57,60,14.19,Increased Capacity (1-7)
A,58,51,12.82,Increased Capacity (1-7)
A,54,53,14.5,Increased Capacity (1-7)
A,58,63,14.91,Increased Capacity (1-7)
A,51,77,15.73,Increased Capacity (1-7)
A,57,73,14.86,Increased Capacity (1-7)
A,55,64,15.95,Increased Capacity (1-7)
A,58,55,13.0,Increased Capacity (1-7)
A,56,59,16.05,Increased Capacity (1-7)
A,52,58,15.88,Increased Capacity (1-7)
A,50,68,18.07,Increased Capacity (1-7)
A,57,52,15.38,Increased Capacity (1-7)
A,62,47,14.23,Increased Capacity (1-7)
A,55,59,13.89,Increased Capacity (1-7)
A,56,58,15.75,Increased Capacity (1-7)
A,56,59,14.1,Increased Capacity (1-7)
A,57,60,15.71,Increased Capacity (1-7)
A,57,59,13.05,Increased Capacity (1-7)
A,57,69,14.43,Increased Capacity (1-7)
A,61,57,13.68,Increased Capacity (1-7)
A,57,55,14.71,Increased Capacity (1-7)
A,50,66,16.07,Increased Capacity (1-7)
A,55,51,14.84,Increased Capacity (1-7)
A,62,44,14.5,Increased Capacity (1-7)
A,52,46,14.44,Increased Capacity (1-7)
A,55,47,13.0,Increased Capacity (1-7)
A,53,55,15.41,Increased Capacity (1-7)
A,62,62,13.96,Increased Capacity (1-7)
A,54,63,15.11,Increased Capacity (1-7)
A,58,48,13.0,Increased Capacity (1-7)
A,47,60,16.09,Increased Capacity (1-7)
A,57,56,14.0,Increased Capacity (1-7)
A,58,70,15.36,Increased Capacity (1-7)
A,58,62,14.59,Increased Capacity (1-7)
A,59,51,14.17,Increased Capacity (1-7)
A,58,53,14.82,Increased Capacity (1-7)
A,58,60,13.09,Increased Capacity (1-7)
A,59,59,15.78,Increased Capacity (1-7)
A,54,66,15.78,Increased Capacity (1-7)
A,58,55,13.32,Increased Capacity (1-7)
A,62,49,13.77,Increased Capacity (1-7)
A,51,56,15.8,Increased Capacity (1-7)
A,55,59,12.21,Increased Capacity (1-7)
A,60,38,13.67,Increased Capacity (1-7)
A,49,66,15.92,Increased Capacity (1-7)
A,58,52,14.45,Increased Capacity (1-7)
A,55,60,15.21,Increased Capacity (1-7)
A,57,58,13.43,Increased Capacity (1-7)
A,53,45,16.29,Increased Capacity (1-7)
A,53,74,13.88,Increased Capacity (1-7)
A,51,63,14.33,Increased Capacity (1-7)
A,58,54,13.36,Increased Capacity (1-7)
A,61,47,13.16,Increased Capacity (1-7)
A,54,60,13.83,Increased Capacity (1-7)
A,52,62,13.75,Increased Capacity (1-7)
A,56,54,12.5,Increased Capacity (1-7)
A,59,39,13.87,Increased Capacity (1-7)
A,58,47,14.55,Increased Capacity (1-7)
A,56,44,12.6,Increased Capacity (1-7)
A,55,73,16.42,Increased Capacity (1-7)
A,59,43,13.78,Increased Capacity (1-7)
A,56,83,15.4,Increased Capacity (1-7)
A,59,60,14.91,Increased Capacity (1-7)
A,53,68,15.47,Increased Capacity (1-7)
A,55,63,16.11,Increased Capacity (1-7)
A,58,56,14.59,Increased Capacity (1-7)
A,61,62,14.48,Increased Capacity (1-7)
A,54,66,15.17,Increased Capacity (1-7)
A,52,78,16.62,Increased Capacity (1-7)
A,55,61,15.11,Increased Capacity (1-7)
A,56,58,13.95,Increased Capacity (1-7)
A,62,69,14.35,Increased Capacity (1-7)
A,43,66,17.43,Increased Capacity (1-7)
A,58,64,15.77,Increased Capacity (1-7)
A,61,53,13.68,Increased Capacity (1-7)
A,59,51,13.52,Increased Capacity (1-7)
A,64,69,15.36,Increased Capacity (1-7)
A,55,60,13.84,Increased Capacity (1-7)
A,53,58,14.65,Increased Capacity (1-7)
A,55,68,15.58,Increased Capacity (1-7)
A,54,54,14.5,Increased Capacity (1-7)
A,56,61,16.2,Increased Capacity (1-7)
A,59,59,14.96,Increased Capacity (1-7)
A,56,58,14.9,Increased Capacity (1-7)
A,57,51,13.9,Increased Capacity (1-7)
A,57,62,15.29,Increased Capacity (1-7)
A,50,67,15.0,Increased Capacity (1-7)
A,56,50,12.1,Increased Capacity (1-7)
A,54,54,13.83,Increased Capacity (1-7)
A,52,49,14.62,Increased Capacity (1-7)
A,54,66,16.61,Increased Capacity (1-7)
A,59,63,14.52,Increased Capacity (1-7)
A,48,79,16.25,Increased Capacity (1-7)
A,55,52,12.79,Increased Capacity (1-7)
A,49,63,16.08,Increased Capacity (1-7)
A,54,61,13.0,Increased Capacity (1-7)
A,50,60,16.64,Increased Capacity (1-7)
A,55,65,14.32,Increased Capacity (1-7)
A,53,53,15.71,Increased Capacity (1-7)
A,58,57,13.68,Increased Capacity (1-7)
A,60,54,14.08,Increased Capacity (1-7)
A,55,39,14.79,Increased Capacity (1-7)
A,54,68,16.28,Increased Capacity (1-7)
A,53,52,13.65,Increased Capacity (1-7)
A,50,72,15.86,Increased Capacity (1-7)
A,53,63,15.24,Increased Capacity (1-7)
A,64,45,14.57,Increased Capacity (1-7)
A,41,66,19.2,Increased Capacity (1-7)
A,61,51,12.2,Increased Capacity (1-7)
A,54,63,14.56,Increased Capacity (1-7)
A,58,41,14.05,Increased Capacity (1-7)
A,51,54,14.53,Increased Capacity (1-7)
A,54,67,14.78,Increased Capacity (1-7)
A,54,60,13.22,Increased Capacity (1-7)
A,59,71,14.3,Increased Capacity (1-7)
A,62,53,14.12,Increased Capacity (1-7)
A,60,63,14.17,Increased Capacity (1-7)
A,60,55,12.04,Increased Capacity (1-7)
A,65,54,13.79,Increased Capacity (1-7)
A,57,57,14.14,Increased Capacity (1-7)
A,52,67,15.75,Increased Capacity (1-7)
A,60,55,15.04,Increased Capacity (1-7)
A,55,66,15.58,Increased Capacity (1-7)
A,56,73,15.55,Increased Capacity (1-7)
A,55,57,15.74,Increased Capacity (1-7)
A,51,59,14.33,Increased Capacity (1-7)
A,53,56,13.29,Increased Capacity (1-7)
A,56,68,15.6,Increased Capacity (1-7)
A,48,68,16.42,Increased Capacity (1-7)
A,53,57,13.88,Increased Capacity (1-7)
A,54,62,13.56,Increased Capacity (1-7)
A,52,68,14.06,Increased Capacity (1-7)
A,52,68,14.38,Increased Capacity (1-7)
A,42,65,18.33,Increased Capacity (1-7)
A,60,44,13.17,Increased Capacity (1-7)
A,57,48,12.0,Increased Capacity (1-7)
A,60,43,13.96,Increased Capacity (1-7)
A,60,69,12.71,Increased Capacity (1-7)
A,58,58,15.95,Increased Capacity (1-7)
A,53,52,15.94,Increased Capacity (1-7)
A,58,57,14.73,Increased Capacity (1-7)
A,60,58,13.83,Increased Capacity (1-7)
A,54,41,13.5,Increased Capacity (1-7)
A,55,47,13.16,Increased Capacity (1-7)
A,60,54,15.12,Increased Capacity (1-7)
A,54,46,13.78,Increased Capacity (1-7)
A,56,63,13.65,Increased Capacity (1-7)
A,57,48,11.95,Increased Capacity (1-7)
A,58,57,14.86,Increased Capacity (1-7)
A,55,45,12.26,Increased Capacity (1-7)
A,53,59,12.71,Increased Capacity (1-7)
A,58,53,14.55,Increased Capacity (1-7)
A,52,53,13.94,Increased Capacity (1-7)
A,57,64,14.29,Increased Capacity (1-7)
A,62,53,13.62,Increased Capacity (1-7)
A,58,64,14.41,Increased Capacity (1-7)
A,59,69,15.57,Increased Capacity (1-7)
A,57,57,14.0,Increased Capacity (1-7)
A,54,79,17.39,Increased Capacity (1-7)
A,61,60,15.28,Increased Capacity (1-7)
A,57,68,15.19,Increased Capacity (1-7)
A,56,54,14.75,Increased Capacity (1-7)
A,56,69,13.7,Increased Capacity (1-7)
A,63,58,13.48,Increased Capacity (1-7)
A,55,64,14.68,Increased Capacity (1-7)
A,62,50,13.31,Increased Capacity (1-7)
A,51,48,15.8,Increased Capacity (1-7)
A,54,58,13.94,Increased Capacity (1-7)
A,56,54,15.0,Increased Capacity (1-7)
A,60,65,13.67,Increased Capacity (1-7)
A,52,63,15.44,Increased Capacity (1-7)
A,58,51,13.64,Increased Capacity (1-7)
A,53,59,14.41,Increased Capacity (1-7)
A,56,57,14.75,Increased Capacity (1-7)
A,57,59,16.14,Increased Capacity (1-7)
A,52,73,16.69,Increased Capacity (1-7)
A,57,45,13.86,Increased Capacity (1-7)
A,60,53,13.67,Increased Capacity (1-7)
A,53,54,14.82,Increased Capacity (1-7)
A,55,70,13.95,Increased Capacity (1-7)
A,54,67,15.17,Increased Capacity (1-7)
A,54,63,14.67,Increased Capacity (1-7)
A,59,45,13.26,Increased Capacity (1-7)
A,59,61,15.26,Increased Capacity (1-7)
A,59,58,14.26,Increased Capacity (1-7)
A,54,57,15.11,Increased Capacity (1-7)
A,57,83,16.0,Increased Capacity (1-7)
A,61,65,15.12,Increased Capacity (1-7)
A,48,59,14.83,Increased Capacity (1-7)
A,61,48,13.72,Increased Capacity (1-7)
A,60,65,15.38,Increased Capacity (1-7)
A,57,67,14.14,Increased Capacity (1-7)
A,63,44,13.7,Increased Capacity (1-7)
A,55,81,16.21,Increased Capacity (1-7)
A,53,69,15.71,Increased Capacity (1-7)
A,56,74,14.95,Increased Capacity (1-7)
A,58,45,14.77,Increased Capacity (1-7)
A,56,76,14.75,Increased Capacity (1-7)
A,57,70,15.57,Increased Capacity (1-7)
A,51,71,16.2,Increased Capacity (1-7)
A,57,56,14.57,Increased Capacity (1-7)
A,61,60,14.96,Increased Capacity (1-7)
A,62,50,15.12,Increased Capacity (1-7)
A,51,61,15.47,Increased Capacity (1-7)
A,59,44,14.61,Increased Capacity (1-7)
A,52,54,12.88,Increased Capacity (1-7)
A,58,60,12.55,Increased Capacity (1-7)
A,55,49,14.0,Increased Capacity (1-7)
A,57,56,15.14,Increased Capacity (1-7)
A,56,51,13.0,Increased Capacity (1-7)
A,56,49,15.5,Increased Capacity (1-7)
A,48,58,16.75,Increased Capacity (1-7)
A,59,67,15.61,Increased Capacity (1-7)
A,64,41,12.5,Increased Capacity (1-7)
A,57,45,14.1,Increased Capacity (1-7)
A,48,72,17.17,Increased Capacity (1-7)
A,51,79,16.67,Increased Capacity (1-7)
A,54,53,15.89,Increased Capacity (1-7)
A,57,75,14.29,Increased Capacity (1-7)
A,51,56,14.0,Increased Capacity (1-7)
A,54,55,13.56,Increased Capacity (1-7)
A,61,46,13.28,Increased Capacity (1-7)
A,52,63,16.75,Increased Capacity (1-7)
A,53,52,15.0,Increased Capacity (1-7)
A,57,63,13.76,Increased Capacity (1-7)
A,54,67,13.94,Increased Capacity (1-7)
A,49,77,17.46,Increased Capacity (1-7)
A,56,60,14.45,Increased Capacity (1-7)
A,60,62,15.12,Increased Capacity (1-7)
A,50,90,14.57,Increased Capacity (1-7)
A,55,68,14.21,Increased Capacity (1-7)
A,53,61,13.88,Increased Capacity (1-7)
A,59,56,14.52,Increased Capacity (1-7)
A,58,72,15.27,Increased Capacity (1-7)
A,48,67,16.42,Increased Capacity (1-7)
A,57,57,13.67,Increased Capacity (1-7)
A,53,50,15.0,Increased Capacity (1-7)
A,52,53,14.38,Increased Capacity (1-7)
A,57,54,13.38,Increased Capacity (1-7)
A,55,51,14.53,Increased Capacity (1-7)
A,57,77,14.43,Increased Capacity (1-7)
A,57,61,15.19,Increased Capacity (1-7)
A,57,57,14.9,Increased Capacity (1-7)
A,55,70,16.0,Increased Capacity (1-7)
A,60,59,14.96,Increased Capacity (1-7)
A,44,55,18.75,Increased Capacity (1-7)
A,61,49,14.12,Increased Capacity (1-7)
A,60,66,14.96,Increased Capacity (1-7)
A,61,51,13.76,Increased Capacity (1-7)
A,55,75,14.89,Increased Capacity (1-7)
A,61,55,14.12,Increased Capacity (1-7)
A,54,61,16.5,Increased Capacity (1-7)
A,53,74,14.0,Increased Capacity (1-7)
A,49,58,16.54,Increased Capacity (1-7)
A,53,63,15.0,Increased Capacity (1-7)
A,54,49,12.78,Increased Capacity (1-7)
A,61,56,12.96,Increased Capacity (1-7)
A,52,56,14.69,Increased Capacity (1-7)
A,59,61,14.43,Increased Capacity (1-7)
A,52,67,15.12,Increased Capacity (1-7)
A,45,59,17.56,Increased Capacity (1-7)
A,57,67,15.48,Increased Capacity (1-7)
A,51,71,16.87,Increased Capacity (1-7)
A,52,72,14.94,Increased Capacity (1-7)
A,60,67,15.0,Increased Capacity (1-7)
A,57,43,13.19,Increased Capacity (1-7)
A,60,52,14.54,Increased Capacity (1-7)
A,55,59,14.05,Increased Capacity (1-7)
A,52,80,16.38,Increased Capacity (1-7)
A,51,58,15.47,Increased Capacity (1-7)
A,57,64,13.52,Increased Capacity (1-7)
A,58,60,14.91,Increased Capacity (1-7)
A,63,40,13.19,Increased Capacity (1-7)
A,55,60,13.89,Increased Capacity (1-7)
A,57,68,14.43,Increased Capacity (1-7)
A,56,61,14.7,Increased Capacity (1-7)
A,62,43,13.35,Increased Capacity (1-7)
A,51,65,15.73,Increased Capacity (1-7)
A,68,64,14.03,Increased Capacity (1-7)
A,58,64,13.36,Increased Capacity (1-7)
A,53,70,15.41,Increased Capacity (1-7)
A,57,55,14.52,Increased Capacity (1-7)
A,56,69,14.0,Increased Capacity (1-7)
A,50,63,14.71,Increased Capacity (1-7)
A,57,63,15.1,Increased Capacity (1-7)
A,63,66,14.19,Increased Capacity (1-7)
A,55,76,15.16,Increased Capacity (1-7)
A,57,57,16.1,Increased Capacity (1-7)
A,54,58,16.78,Increased Capacity (1-7)
A,60,67,15.0,Increased Capacity (1-7)
A,52,63,16.44,Increased Capacity (1-7)
A,57,65,13.14,Increased Capacity (1-7)
A,60,59,14.58,Increased Capacity (1-7)
A,57,68,17.52,Increased Capacity (1-7)
A,55,69,14.32,Increased Capacity (1-7)
A,50,81,16.29,Increased Capacity (1-7)
A,57,57,15.19,Increased Capacity (1-7)
A,49,81,17.62,Increased Capacity (1-7)
A,56,51,14.8,Increased Capacity (1-7)
A,56,62,13.95,Increased Capacity (1-7)
A,54,70,15.78,Increased Capacity (1-7)
A,56,71,15.7,Increased Capacity (1-7)
A,60,58,13.83,Increased Capacity (1-7)
A,53,62,15.0,Increased Capacity (1-7)
A,57,54,14.95,Increased Capacity (1-7)
A,53,64,14.71,Increased Capacity (1-7)
A,61,43,15.0,Increased Capacity (1-7)
A,53,67,15.47,Increased Capacity (1-7)
A,56,70,14.65,Increased Capacity (1-7)
A,51,58,15.53,Increased Capacity (1-7)
A,60,66,13.62,Increased Capacity (1-7)
A,63,58,14.48,Increased Capacity (1-7)
A,60,44,14.62,Increased Capacity (1-7)
A,49,56,16.08,Increased Capacity (1-7)
A,50,64,15.43,Increased Capacity (1-7)
A,62,54,14.27,Increased Capacity (1-7)
A,56,60,14.7,Increased Capacity (1-7)
A,58,60,15.41,Increased Capacity (1-7)
A,52,62,15.81,Increased Capacity (1-7)
A,55,64,13.95,Increased Capacity (1-7)
A,55,60,15.21,Increased Capacity (1-7)
A,59,57,14.0,Increased Capacity (1-7)
A,58,68,16.18,Increased Capacity (1-7)
A,66,55,12.97,Increased Capacity (1-7)
A,59,53,14.57,Increased Capacity (1-7)
A,55,67,15.74,Increased Capacity (1-7)
A,61,55,11.72,Increased Capacity (1-7)
A,53,62,15.29,Increased Capacity (1-7)
A,51,66,15.33,Increased Capacity (1-7)
A,48,67,15.92,Increased Capacity (1-7)
A,57,57,14.95,Increased Capacity (1-7)
A,54,47,15.0,Increased Capacity (1-7)
A,58,59,13.95,Increased Capacity (1-7)
A,55,68,14.95,Increased Capacity (1-7)
A,49,47,16.23,Increased Capacity (1-7)
A,44,78,17.62,Increased Capacity (1-7)
A,55,53,15.0,Increased Capacity (1-7)
A,55,69,14.84,Increased Capacity (1-7)
A,59,50,12.65,Increased Capacity (1-7)
A,56,61,13.7,Increased Capacity (1-7)
A,57,63,13.43,Increased Capacity (1-7)
A,56,47,13.75,Increased Capacity (1-7)
A,54,58,16.06,Increased Capacity (1-7)
A,52,57,15.06,Increased Capacity (1-7)
A,53,64,15.59,Increased Capacity (1-7)
A,59,72,14.35,Increased Capacity (1-7)
A,57,65,15.1,Increased Capacity (1-7)
A,55,67,16.21,Increased Capacity (1-7)
A,57,56,14.81,Increased Capacity (1-7)
A,56,48,13.4,Increased Capacity (1-7)
A,53,59,13.53,Increased Capacity (1-7)
A,65,50,14.62,Increased Capacity (1-7)
A,51,66,15.0,Increased Capacity (1-7)
A,58,60,14.95,Increased Capacity (1-7)
A,56,39,13.85,Increased Capacity (1-7)
A,56,55,15.7,Increased Capacity (1-7)
A,58,54,14.18,Increased Capacity (1-7)
A,56,65,15.6,Increased Capacity (1-7)
A,53,65,16.0,Increased Capacity (1-7)
A,50,59,14.21,Increased Capacity (1-7)
A,61,56,15.36,Increased Capacity (1-7)
A,56,73,14.5,Increased Capacity (1-7)
A,57,81,15.86,Increased Capacity (1-7)
A,56,62,13.9,Increased Capacity (1-7)
A,50,78,17.36,Increased Capacity (1-7)
A,59,59,13.57,Increased Capacity (1-7)
A,63,54,13.89,Increased Capacity (1-7)
A,51,71,16.67,Increased Capacity (1-7)
A,52,55,13.5,Increased Capacity (1-7)
A,51,79,17.73,Increased Capacity (1-7)
A,56,64,14.9,Increased Capacity (1-7)
A,53,76,14.76,Increased Capacity (1-7)
A,55,65,15.58,Increased Capacity (1-7)
A,57,54,15.71,Increased Capacity (1-7)
A,55,62,14.11,Increased Capacity (1-7)
A,64,57,14.68,Increased Capacity (1-7)
A,53,56,15.71,Increased Capacity (1-7)
A,56,69,14.75,Increased Capacity (1-7)
A,58,64,14.27,Increased Capacity (1-7)
A,56,67,13.9,Increased Capacity (1-7)
A,60,51,13.83,Increased Capacity (1-7)
A,55,64,15.21,Increased Capacity (1-7)
A,61,63,14.92,Increased Capacity (1-7)
A,52,62,14.93,Increased Capacity (1-7)
A,63,48,13.41,Increased Capacity (1-7)
A,52,66,14.12,Increased Capacity (1-7)
A,50,76,16.14,Increased Capacity (1-7)
A,58,65,14.5,Increased Capacity (1-7)
A,53,67,14.65,Increased Capacity (1-7)
A,55,46,15.05,Increased Capacity (1-7)
A,62,48,14.12,Increased Capacity (1-7)
A,53,56,14.65,Increased Capacity (1-7)
A,53,50,12.76,Increased Capacity (1-7)
A,49,70,16.46,Increased Capacity (1-7)
A,61,52,13.6,Increased Capacity (1-7)
A,55,51,11.58,Increased Capacity (1-7)
A,54,66,14.17,Increased Capacity (1-7)
A,58,59,13.86,Increased Capacity (1-7)
A,54,54,15.06,Increased Capacity (1-7)
A,53,60,15.76,Increased Capacity (1-7)
A,52,69,16.12,Increased Capacity (1-7)
A,58,67,13.77,Increased Capacity (1-7)
A,57,68,15.52,Increased Capacity (1-7)
A,47,62,16.36,Increased Capacity (1-7)
A,53,67,15.53,Increased Capacity (1-7)
A,54,66,15.06,Increased Capacity (1-7)
A,59,67,13.57,Increased Capacity (1-7)
A,54,75,15.11,Increased Capacity (1-7)
A,52,59,15.25,Increased Capacity (1-7)
A,52,67,16.75,Increased Capacity (1-7)
A,52,66,17.38,Increased Capacity (1-7)
A,55,60,14.95,Increased Capacity (1-7)
A,60,62,13.62,Increased Capacity (1-7)
A,56,45,13.15,Increased Capacity (1-7)
A,56,61,15.45,Increased Capacity (1-7)
A,55,53,14.74,Increased Capacity (1-7)
A,56,63,15.58,Increased Capacity (1-7)
A,59,66,13.96,Increased Capacity (1-7)
A,53,65,14.82,Increased Capacity (1-7)
A,53,63,15.18,Increased Capacity (1-7)
A,54,69,14.78,Increased Capacity (1-7)
A,56,68,15.0,Increased Capacity (1-7)
A,57,56,14.43,Increased Capacity (1-7)
A,55,56,14.89,Increased Capacity (1-7)
A,62,50,12.96,Increased Capacity (1-7)
A,46,58,17.5,Increased Capacity (1-7)
A,56,73,13.3,Increased Capacity (1-7)
A,54,66,13.94,Increased Capacity (1-7)
A,53,55,14.29,Increased Capacity (1-7)
A,55,60,14.53,Increased Capacity (1-7)
A,60,52,12.88,Increased Capacity (1-7)
A,54,53,14.61,Increased Capacity (1-7)
A,58,71,15.14,Increased Capacity (1-7)
A,55,65,16.26,Increased Capacity (1-7)
A,56,67,14.8,Increased Capacity (1-7)
A,61,66,15.2,Increased Capacity (1-7)
A,58,58,14.5,Increased Capacity (1-7)
A,52,65,15.31,Increased Capacity (1-7)
A,59,58,14.13,Increased Capacity (1-7)
A,58,73,14.32,Increased Capacity (1-7)
A,52,61,17.06,Increased Capacity (1-7)
A,55,49,12.26,Increased Capacity (1-7)
A,54,61,14.0,Increased Capacity (1-7)
A,57,60,14.9,Increased Capacity (1-7)
A,59,59,14.83,Increased Capacity (1-7)
A,57,60,15.19,Increased Capacity (1-7)
A,51,72,14.33,Increased Capacity (1-7)
A,57,55,13.62,Increased Capacity (1-7)
A,56,38,13.7,Increased Capacity (1-7)
A,55,70,12.11,Increased Capacity (1-7)
A,65,48,12.83,Increased Capacity (1-7)
A,54,46,11.5,Increased Capacity (1-7)
A,63,60,13.81,Increased Capacity (1-7)
A,58,47,14.82,Increased Capacity (1-7)
A,55,63,15.53,Increased Capacity (1-7)
A,57,64,14.57,Increased Capacity (1-7)
A,60,48,14.25,Increased Capacity (1-7)
A,50,58,15.64,Increased Capacity (1-7)
A,62,66,15.19,Increased Capacity (1-7)
A,51,58,16.67,Increased Capacity (1-7)
A,56,52,15.3,Increased Capacity (1-7)
A,53,61,14.47,Increased Capacity (1-7)
A,58,46,13.73,Increased Capacity (1-7)
A,59,67,14.26,Increased Capacity (1-7)
A,54,59,16.78,Increased Capacity (1-7)
A,49,80,15.77,Increased Capacity (1-7)
A,52,81,17.75,Increased Capacity (1-7)
A,60,48,14.38,Increased Capacity (1-7)
A,57,68,15.05,Increased Capacity (1-7)
A,57,42,13.19,Increased Capacity (1-7)
A,64,49,14.86,Increased Capacity (1-7)
A,54,67,16.11,Increased Capacity (1-7)
A,48,81,17.58,Increased Capacity (1-7)
A,55,55,13.32,Increased Capacity (1-7)
A,55,57,14.37,Increased Capacity (1-7)
A,53,73,15.59,Increased Capacity (1-7)
A,57,45,16.81,Increased Capacity (1-7)
A,61,62,16.0,Increased Capacity (1-7)
A,60,64,13.5,Increased Capacity (1-7)
A,56,68,15.05,Increased Capacity (1-7)
A,55,45,14.0,Increased Capacity (1-7)
A,56,68,15.7,Increased Capacity (1-7)
A,53,68,15.12,Increased Capacity (1-7)
A,58,52,13.45,Increased Capacity (1-7)
A,55,58,15.95,Increased Capacity (1-7)
A,57,47,13.9,Increased Capacity (1-7)
A,56,58,13.95,Increased Capacity (1-7)
A,54,51,15.28,Increased Capacity (1-7)
A,53,44,16.41,Increased Capacity (1-7)
A,55,58,13.74,Increased Capacity (1-7)
A,57,44,13.71,Increased Capacity (1-7)
A,58,59,14.55,Increased Capacity (1-7)
A,63,57,13.73,Increased Capacity (1-7)
A,49,77,17.31,Increased Capacity (1-7)
A,59,47,14.09,Increased Capacity (1-7)
A,52,54,17.25,Increased Capacity (1-7)
A,59,68,15.22,Increased Capacity (1-7)
A,56,51,12.8,Increased Capacity (1-7)
A,57,70,14.05,Increased Capacity (1-7)
A,57,41,14.33,Increased Capacity (1-7)
A,59,66,14.04,Increased Capacity (1-7)
A,53,70,14.65,Increased Capacity (1-7)
A,60,58,14.42,Increased Capacity (1-7)
A,56,56,14.7,Increased Capacity (1-7)
A,56,61,15.0,Increased Capacity (1-7)
A,56,63,14.4,Increased Capacity (1-7)
A,55,78,15.37,Increased Capacity (1-7)
A,60,71,14.21,Increased Capacity (1-7)
A,60,49,14.88,Increased Capacity (1-7)
A,53,53,13.71,Increased Capacity (1-7)
A,53,67,14.53,Increased Capacity (1-7)
A,51,70,14.0,Increased Capacity (1-7)
A,57,67,14.86,Increased Capacity (1-7)
A,55,63,14.42,Increased Capacity (1-7)
A,53,62,14.76,Increased Capacity (1-7)
A,52,76,14.38,Increased Capacity (1-7)
A,47,72,17.45,Increased Capacity (1-7)
A,53,60,14.53,Increased Capacity (1-7)
A,60,53,14.0,Increased Capacity (1-7)
A,58,59,15.45,Increased Capacity (1-7)
A,64,67,14.32,Increased Capacity (1-7)
A,57,63,14.48,Increased Capacity (1-7)
A,52,75,16.38,Increased Capacity (1-7)
A,50,71,15.64,Increased Capacity (1-7)
A,57,67,14.9,Increased Capacity (1-7)
A,60,54,15.21,Increased Capacity (1-7)
A,56,46,13.1,Increased Capacity (1-7)
A,49,63,16.08,Increased Capacity (1-7)
A,56,71,17.0,Increased Capacity (1-7)
A,58,58,14.68,Increased Capacity (1-7)
A,54,79,15.22,Increased Capacity (1-7)
A,54,65,13.11,Increased Capacity (1-7)
A,54,61,13.78,Increased Capacity (1-7)
A,51,65,14.6,Increased Capacity (1-7)
A,56,60,15.0,Increased Capacity (1-7)
A,58,47,13.18,Increased Capacity (1-7)
A,55,60,12.0,Increased Capacity (1-7)
A,60,50,13.62,Increased Capacity (1-7)
A,58,36,13.36,Increased Capacity (1-7)
A,59,42,14.0,Increased Capacity (1-7)
A,54,65,14.67,Increased Capacity (1-7)
A,56,59,14.65,Increased Capacity (1-7)
A,51,62,16.27,Increased Capacity (1-7)
A,56,47,14.75,Increased Capacity (1-7)
A,61,62,14.32,Increased Capacity (1-7)
A,59,50,13.57,Increased Capacity (1-7)
A,54,77,14.17,Increased Capacity (1-7)
A,59,55,16.17,Increased Capacity (1-7)
A,55,69,14.42,Increased Capacity (1-7)
A,55,56,14.42,Increased Capacity (1-7)
A,54,67,15.61,Increased Capacity (1-7)
A,54,64,12.78,Increased Capacity (1-7)
A,55,59,14.68,Increased Capacity (1-7)
A,58,56,13.59,Increased Capacity (1-7)
A,56,62,14.65,Increased Capacity (1-7)
A,55,79,14.47,Increased Capacity (1-7)
A,57,71,13.95,Increased Capacity (1-7)
A,53,62,16.82,Increased Capacity (1-7)
A,51,78,16.07,Increased Capacity (1-7)
A,59,42,13.91,Increased Capacity (1-7)
A,56,70,13.55,Increased Capacity (1-7)
A,60,57,13.5,Increased Capacity (1-7)
A,56,62,14.6,Increased Capacity (1-7)
A,53,61,15.71,Increased Capacity (1-7)
A,64,54,13.89,Increased Capacity (1-7)
A,46,77,16.8,Increased Capacity (1-7)
A,56,63,15.2,Increased Capacity (1-7)
A,59,60,15.52,Increased Capacity (1-7)
A,51,62,14.53,Increased Capacity (1-7)
A,60,56,13.08,Increased Capacity (1-7)
A,62,66,13.77,Increased Capacity (1-7)
A,53,52,13.24,Increased Capacity (1-7)
A,67,37,12.42,Increased Capacity (1-7)
A,54,63,15.17,Increased Capacity (1-7)
A,55,47,13.58,Increased Capacity (1-7)
A,57,57,13.14,Increased Capacity (1-7)
A,54,53,16.22,Increased Capacity (1-7)
A,58,54,14.91,Increased Capacity (1-7)
A,55,66,15.47,Increased Capacity (1-7)
A,52,70,15.56,Increased Capacity (1-7)
A,50,64,15.71,Increased Capacity (1-7)
A,54,54,14.11,Increased Capacity (1-7)
A,53,69,12.88,Increased Capacity (1-7)
A,59,57,15.3,Increased Capacity (1-7)
A,57,61,13.57,Increased Capacity (1-7)
A,55,43,13.47,Increased Capacity (1-7)
A,54,70,16.56,Increased Capacity (1-7)
A,56,60,14.7,Increased Capacity (1-7)
A,55,59,15.42,Increased Capacity (1-7)
A,57,55,15.05,Increased Capacity (1-7)
A,60,47,15.04,Increased Capacity (1-7)
A,54,65,14.83,Increased Capacity (1-7)
A,56,74,15.35,Increased Capacity (1-7)
A,57,66,15.05,Increased Capacity (1-7)
A,54,72,16.06,Increased Capacity (1-7)
A,62,46,13.46,Increased Capacity (1-7)
A,55,66,14.42,Increased Capacity (1-7)
A,59,60,14.43,Increased Capacity (1-7)
A,49,77,16.23,Increased Capacity (1-7)
A,56,51,15.1,Increased Capacity (1-7)
A,58,67,15.86,Increased Capacity (1-7)
A,62,59,13.12,Increased Capacity (1-7)
A,57,49,14.52,Increased Capacity (1-7)
A,63,49,13.44,Increased Capacity (1-7)
A,57,62,14.33,Increased Capacity (1-7)
A,62,59,14.38,Increased Capacity (1-7)
A,55,70,13.68,Increased Capacity (1-7)
A,53,51,15.06,Increased Capacity (1-7)
A,56,48,15.1,Increased Capacity (1-7)
A,60,47,14.5,Increased Capacity (1-7)
A,53,65,14.29,Increased Capacity (1-7)
A,60,48,14.33,Increased Capacity (1-7)
A,60,70,15.83,Increased Capacity (1-7)
A,50,62,15.36,Increased Capacity (1-7)
A,58,56,15.05,Increased Capacity (1-7)
A,51,46,16.07,Increased Capacity (1-7)
A,54,66,15.17,Increased Capacity (1-7)
A,61,57,13.92,Increased Capacity (1-7)
A,59,63,14.3,Increased Capacity (1-7)
A,60,66,13.5,Increased Capacity (1-7)
A,58,69,14.77,Increased Capacity (1-7)
A,57,45,15.76,Increased Capacity (1-7)
A,59,42,13.39,Increased Capacity (1-7)
A,59,61,14.3,Increased Capacity (1-7)
A,60,52,12.0,Increased Capacity (1-7)
A,56,49,15.1,Increased Capacity (1-7)
A,52,63,16.56,Increased Capacity (1-7)
A,53,64,16.47,Increased Capacity (1-7)
A,52,56,15.31,Increased Capacity (1-7)
A,50,62,15.43,Increased Capacity (1-7)
A,50,74,15.93,Increased Capacity (1-7)
B,62,50,13.62,Reduced Variability (2-5)
B,58,40,12.73,Reduced Variability (2-5)
B,60,45,12.54,Reduced Variability (2-5)
B,60,47,14.04,Reduced Variability (2-5)
B,59,45,13.43,Reduced Variability (2-5)
B,62,41,13.92,Reduced Variability (2-5)
B,60,38,13.08,Reduced Variability (2-5)
B,63,38,12.3,Reduced Variability (2-5)
B,58,42,12.95,Reduced Variability (2-5)
B,59,52,12.43,Reduced Variability (2-5)
B,58,51,15.27,Reduced Variability (2-5)
B,61,47,14.12,Reduced Variability (2-5)
B,60,53,13.33,Reduced Variability (2-5)
B,59,45,12.78,Reduced Variability (2-5)
B,59,53,13.65,Reduced Variability (2-5)
B,58,35,14.32,Reduced Variability (2-5)
B,60,53,13.83,Reduced Variability (2-5)
B,59,37,14.09,Reduced Variability (2-5)
B,63,34,11.89,Reduced Variability (2-5)
B,59,48,14.04,Reduced Variability (2-5)
B,58,37,12.59,Reduced Variability (2-5)
B,52,50,16.44,Reduced Variability (2-5)
B,63,50,13.67,Reduced Variability (2-5)
B,61,41,11.96,Reduced Variability (2-5)
B,55,48,13.74,Reduced Variability (2-5)
B,58,56,13.68,Reduced Variability (2-5)
B,58,45,13.0,Reduced Variability (2-5)
B,61,49,14.28,Reduced Variability (2-5)
B,61,46,12.72,Reduced Variability (2-5)
B,62,35,11.69,Reduced Variability (2-5)
B,61,38,12.0,Reduced Variability (2-5)
B,60,46,12.75,Reduced Variability (2-5)
B,60,44,13.33,Reduced Variability (2-5)
B,59,50,13.43,Reduced Variability (2-5)
B,60,45,14.08,Reduced Variability (2-5)
B,56,58,14.65,Reduced Variability (2-5)
B,59,52,13.96,Reduced Variability (2-5)
B,63,33,11.37,Reduced Variability (2-5)
B,55,47,13.42,Reduced Variability (2-5)
B,62,45,13.46,Reduced Variability (2-5)
B,63,40,12.26,Reduced Variability (2-5)
B,57,49,13.76,Reduced Variability (2-5)
B,58,43,13.86,Reduced Variability (2-5)
B,54,52,14.22,Reduced Variability (2-5)
B,59,50,14.09,Reduced Variability (2-5)
B,60,48,13.88,Reduced Variability (2-5)
B,57,46,13.95,Reduced Variability (2-5)
B,61,57,13.16,Reduced Variability (2-5)
B,63,43,12.48,Reduced Variability (2-5)
B,57,44,14.24,Reduced Variability (2-5)
B,59,40,14.3,Reduced Variability (2-5)
B,62,47,13.5,Reduced Variability (2-5)
B,56,50,14.4,Reduced Variability (2-5)
B,58,50,13.95,Reduced Variability (2-5)
B,57,53,14.29,Reduced Variability (2-5)
B,59,37,13.52,Reduced Variability (2-5)
B,60,44,13.54,Reduced Variability (2-5)
B,61,41,12.68,Reduced Variability (2-5)
B,62,49,13.69,Reduced Variability (2-5)
B,64,38,12.11,Reduced Variability (2-5)
B,60,48,13.75,Reduced Variability (2-5)
B,61,44,14.36,Reduced Variability (2-5)
B,62,51,13.35,Reduced Variability (2-5)
B,59,52,14.35,Reduced Variability (2-5)
B,62,38,12.31,Reduced Variability (2-5)
B,57,51,14.29,Reduced Variability (2-5)
B,60,56,13.12,Reduced Variability (2-5)
B,59,47,13.74,Reduced Variability (2-5)
B,57,55,14.57,Reduced Variability (2-5)
B,60,51,13.71,Reduced Variability (2-5)
B,60,47,13.96,Reduced Variability (2-5)
B,61,38,13.28,Reduced Variability (2-5)
B,59,46,13.78,Reduced Variability (2-5)
B,58,42,13.55,Reduced Variability (2-5)
B,56,52,15.15,Reduced Variability (2-5)
B,59,45,11.7,Reduced Variability (2-5)
B,60,52,13.92,Reduced Variability (2-5)
B,62,51,13.42,Reduced Variability (2-5)
B,60,42,12.75,Reduced Variability (2-5)
B,64,39,12.46,Reduced Variability (2-5)
B,58,56,12.77,Reduced Variability (2-5)
B,59,49,12.91,Reduced Variability (2-5)
B,57,46,14.0,Reduced Variability (2-5)
B,59,47,13.61,Reduced Variability (2-5)
B,58,54,14.86,Reduced Variability (2-5)
B,57,36,14.29,Reduced Variability (2-5)
B,57,48,14.33,Reduced Variability (2-5)
B,60,47,13.17,Reduced Variability (2-5)
B,65,39,12.38,Reduced Variability (2-5)
B,60,41,12.54,Reduced Variability (2-5)
B,61,49,13.48,Reduced Variability (2-5)
B,58,56,14.14,Reduced Variability (2-5)
B,58,46,12.82,Reduced Variability (2-5)
B,58,57,14.91,Reduced Variability (2-5)
B,55,63,13.89,Reduced Variability (2-5)
B,59,53,14.3,Reduced Variability (2-5)
B,55,54,14.05,Reduced Variability (2-5)
B,56,53,13.65,Reduced Variability (2-5)
B,60,49,13.58,Reduced Variability (2-5)
B,60,43,13.0,Reduced Variability (2-5)
B,60,57,13.96,Reduced Variability (2-5)
B,61,39,12.52,Reduced Variability (2-5)
B,60,45,13.38,Reduced Variability (2-5)
B,64,38,12.71,Reduced Variability (2-5)
B,62,48,13.5,Reduced Variability (2-5)
B,62,40,12.12,Reduced Variability (2-5)
B,59,55,13.78,Reduced Variability (2-5)
B,64,39,13.39,Reduced Variability (2-5)
B,58,52,14.0,Reduced Variability (2-5)
B,62,50,14.42,Reduced Variability (2-5)
B,60,50,12.75,Reduced Variability (2-5)
B,59,46,13.74,Reduced Variability (2-5)
B,58,56,14.5,Reduced Variability (2-5)
B,63,47,14.11,Reduced Variability (2-5)
B,56,54,15.5,Reduced Variability (2-5)
B,58,55,14.73,Reduced Variability (2-5)
B,61,54,13.44,Reduced Variability (2-5)
B,59,46,13.43,Reduced Variability (2-5)
B,61,49,13.48,Reduced Variability (2-5)
B,61,49,13.52,Reduced Variability (2-5)
B,57,49,14.71,Reduced Variability (2-5)
B,61,55,14.44,Reduced Variability (2-5)
B,58,49,14.86,Reduced Variability (2-5)
B,60,47,13.88,Reduced Variability (2-5)
B,61,42,12.64,Reduced Variability (2-5)
B,62,42,12.04,Reduced Variability (2-5)
B,61,41,12.64,Reduced Variability (2-5)
B,60,47,14.25,Reduced Variability (2-5)
B,62,45,13.62,Reduced Variability (2-5)
B,59,43,13.96,Reduced Variability (2-5)
B,60,32,13.25,Reduced Variability (2-5)
B,60,47,14.42,Reduced Variability (2-5)
B,62,42,13.0,Reduced Variability (2-5)
B,59,48,12.96,Reduced Variability (2-5)
B,55,50,14.16,Reduced Variability (2-5)
B,59,57,14.26,Reduced Variability (2-5)
B,58,42,13.36,Reduced Variability (2-5)
B,55,49,15.0,Reduced Variability (2-5)
B,59,43,12.61,Reduced Variability (2-5)
B,62,52,13.46,Reduced Variability (2-5)
B,58,55,14.32,Reduced Variability (2-5)
B,60,33,11.58,Reduced Variability (2-5)
B,59,49,13.57,Reduced Variability (2-5)
B,60,37,12.54,Reduced Variability (2-5)
B,61,45,13.36,Reduced Variability (2-5)
B,56,40,13.9,Reduced Variability (2-5)
B,60,38,14.12,Reduced Variability (2-5)
B,58,42,13.5,Reduced Variability (2-5)
B,56,51,14.75,Reduced Variability (2-5)
B,60,43,14.96,Reduced Variability (2-5)
B,58,47,12.82,Reduced Variability (2-5)
B,57,54,13.76,Reduced Variability (2-5)
B,59,46,13.26,Reduced Variability (2-5)
B,59,46,13.22,Reduced Variability (2-5)
B,55,42,14.53,Reduced Variability (2-5)
B,59,46,12.0,Reduced Variability (2-5)
B,61,50,14.84,Reduced Variability (2-5)
B,58,51,14.14,Reduced Variability (2-5)
B,59,46,13.74,Reduced Variability (2-5)
B,60,44,12.5,Reduced Variability (2-5)
B,57,47,14.76,Reduced Variability (2-5)
B,63,37,13.59,Reduced Variability (2-5)
B,59,53,14.43,Reduced Variability (2-5)
B,61,49,13.32,Reduced Variability (2-5)
B,58,46,13.36,Reduced Variability (2-5)
B,59,42,13.74,Reduced Variability (2-5)
B,59,44,13.87,Reduced Variability (2-5)
B,61,45,13.04,Reduced Variability (2-5)
B,62,44,13.12,Reduced Variability (2-5)
B,59,58,13.78,Reduced Variability (2-5)
B,57,52,14.86,Reduced Variability (2-5)
B,58,52,13.59,Reduced Variability (2-5)
B,55,55,14.79,Reduced Variability (2-5)
B,57,56,14.29,Reduced Variability (2-5)
B,62,44,13.35,Reduced Variability (2-5)
B,61,41,12.48,Reduced Variability (2-5)
B,56,50,14.95,Reduced Variability (2-5)
B,57,54,13.05,Reduced Variability (2-5)
B,58,45,13.45,Reduced Variability (2-5)
B,59,40,11.87,Reduced Variability (2-5)
B,60,36,12.42,Reduced Variability (2-5)
B,59,46,13.65,Reduced Variability (2-5)
B,53,48,14.65,Reduced Variability (2-5)
B,62,43,12.15,Reduced Variability (2-5)
B,59,40,13.83,Reduced Variability (2-5)
B,59,47,13.48,Reduced Variability (2-5)
B,63,29,12.0,Reduced Variability (2-5)
B,59,55,13.48,Reduced Variability (2-5)
B,58,44,14.18,Reduced Variability (2-5)
B,59,53,13.65,Reduced Variability (2-5)
B,59,45,14.22,Reduced Variability (2-5)
B,60,31,12.25,Reduced Variability (2-5)
B,62,41,13.73,Reduced Variability (2-5)
B,62,39,12.42,Reduced Variability (2-5)
B,58,49,13.91,Reduced Variability (2-5)
B,58,52,14.09,Reduced Variability (2-5)
B,59,39,12.74,Reduced Variability (2-5)
B,63,34,12.67,Reduced Variability (2-5)
B,57,45,13.52,Reduced Variability (2-5)
B,61,44,13.6,Reduced Variability (2-5)
B,59,44,13.96,Reduced Variability (2-5)
B,54,51,14.67,Reduced Variability (2-5)
B,60,42,13.46,Reduced Variability (2-5)
B,57,45,13.38,Reduced Variability (2-5)
B,58,38,14.45,Reduced Variability (2-5)
B,56,51,13.7,Reduced Variability (2-5)
B,60,39,13.75,Reduced Variability (2-5)
B,63,50,13.22,Reduced Variability (2-5)
B,60,50,13.54,Reduced Variability (2-5)
B,56,46,14.35,Reduced Variability (2-5)
B,58,52,14.14,Reduced Variability (2-5)
B,59,45,13.61,Reduced Variability (2-5)
B,58,46,12.77,Reduced Variability (2-5)
B,60,46,13.29,Reduced Variability (2-5)
B,59,45,13.22,Reduced Variability (2-5)
B,59,50,13.35,Reduced Variability (2-5)
B,61,45,13.88,Reduced Variability (2-5)
B,63,40,12.41,Reduced Variability (2-5)
B,59,56,14.13,Reduced Variability (2-5)
B,61,43,14.72,Reduced Variability (2-5)
B,59,52,14.17,Reduced Variability (2-5)
B,60,43,13.29,Reduced Variability (2-5)
B,56,48,13.65,Reduced Variability (2-5)
B,56,43,14.2,Reduced Variability (2-5)
B,61,52,13.64,Reduced Variability (2-5)
B,61,39,13.04,Reduced Variability (2-5)
B,60,44,12.38,Reduced Variability (2-5)
B,62,40,13.08,Reduced Variability (2-5)
B,62,45,12.81,Reduced Variability (2-5)
B,62,43,12.88,Reduced Variability (2-5)
B,62,44,12.96,Reduced Variability (2-5)
B,57,49,13.95,Reduced Variability (2-5)
B,60,42,12.46,Reduced Variability (2-5)
B,60,47,13.62,Reduced Variability (2-5)
B,60,44,13.58,Reduced Variability (2-5)
B,61,49,13.64,Reduced Variability (2-5)
B,60,46,12.75,Reduced Variability (2-5)
B,61,39,13.04,Reduced Variability (2-5)
B,57,56,15.67,Reduced Variability (2-5)
B,57,56,14.14,Reduced Variability (2-5)
B,60,52,13.42,Reduced Variability (2-5)
B,62,37,13.46,Reduced Variability (2-5)
B,58,55,14.0,Reduced Variability (2-5)
B,59,59,14.61,Reduced Variability (2-5)
B,62,50,14.12,Reduced Variability (2-5)
B,61,43,13.36,Reduced Variability (2-5)
B,63,51,12.85,Reduced Variability (2-5)
B,63,39,13.04,Reduced Variability (2-5)
B,59,37,12.83,Reduced Variability (2-5)
B,59,56,13.3,Reduced Variability (2-5)
B,58,47,13.86,Reduced Variability (2-5)
B,60,43,13.58,Reduced Variability (2-5)
B,59,43,13.57,Reduced Variability (2-5)
B,55,51,15.05,Reduced Variability (2-5)
B,59,51,14.52,Reduced Variability (2-5)
B,60,49,12.92,Reduced Variability (2-5)
B,60,49,13.58,Reduced Variability (2-5)
B,61,47,14.24,Reduced Variability (2-5)
B,59,39,12.39,Reduced Variability (2-5)
B,59,51,14.61,Reduced Variability (2-5)
B,60,46,12.92,Reduced Variability (2-5)
B,59,46,13.39,Reduced Variability (2-5)
B,59,55,14.48,Reduced Variability (2-5)
B,62,43,14.08,Reduced Variability (2-5)
B,60,53,14.21,Reduced Variability (2-5)
B,61,46,13.48,Reduced Variability (2-5)
B,57,42,13.24,Reduced Variability (2-5)
B,60,48,13.12,Reduced Variability (2-5)
B,62,37,13.35,Reduced Variability (2-5)
B,57,50,13.57,Reduced Variability (2-5)
B,53,58,13.94,Reduced Variability (2-5)
B,56,53,13.7,Reduced Variability (2-5)
B,61,40,12.52,Reduced Variability (2-5)
B,57,47,14.19,Reduced Variability (2-5)
B,59,50,14.22,Reduced Variability (2-5)
B,61,44,13.28,Reduced Variability (2-5)
B,60,49,13.17,Reduced Variability (2-5)
B,62,43,12.73,Reduced Variability (2-5)
B,62,40,12.62,Reduced Variability (2-5)
B,60,52,14.33,Reduced Variability (2-5)
B,57,53,13.14,Reduced Variability (2-5)
B,63,50,13.89,Reduced Variability (2-5)
B,60,45,14.29,Reduced Variability (2-5)
B,58,55,13.36,Reduced Variability (2-5)
B,64,31,11.61,Reduced Variability (2-5)
B,60,49,14.38,Reduced Variability (2-5)
B,61,29,11.64,Reduced Variability (2-5)
B,56,46,13.9,Reduced Variability (2-5)
B,57,49,13.14,Reduced Variability (2-5)
B,61,42,12.88,Reduced Variability (2-5)
B,63,44,13.04,Reduced Variability (2-5)
B,60,53,13.25,Reduced Variability (2-5)
B,62,47,13.12,Reduced Variability (2-5)
B,56,56,14.5,Reduced Variability (2-5)
B,62,50,13.88,Reduced Variability (2-5)
B,62,48,13.54,Reduced Variability (2-5)
B,61,44,14.2,Reduced Variability (2-5)
B,61,39,14.32,Reduced Variability (2-5)
B,63,47,13.78,Reduced Variability (2-5)
B,61,36,12.56,Reduced Variability (2-5)
B,59,51,13.57,Reduced Variability (2-5)
B,58,51,14.18,Reduced Variability (2-5)
B,62,43,12.85,Reduced Variability (2-5)
B,58,57,14.45,Reduced Variability (2-5)
B,59,54,13.87,Reduced Variability (2-5)
B,59,49,14.13,Reduced Variability (2-5)
B,57,56,14.86,Reduced Variability (2-5)
B,59,49,13.74,Reduced Variability (2-5)
B,57,43,13.33,Reduced Variability (2-5)
B,61,42,11.88,Reduced Variability (2-5)
B,57,50,14.0,Reduced Variability (2-5)
B,59,53,13.39,Reduced Variability (2-5)
B,58,53,14.68,Reduced Variability (2-5)
B,61,44,13.0,Reduced Variability (2-5)
B,62,39,13.0,Reduced Variability (2-5)
B,57,52,14.19,Reduced Variability (2-5)
B,58,46,14.64,Reduced Variability (2-5)
B,56,52,14.85,Reduced Variability (2-5)
B,55,47,14.26,Reduced Variability (2-5)
B,60,42,13.12,Reduced Variability (2-5)
B,58,54,13.64,Reduced Variability (2-5)
B,61,45,12.36,Reduced Variability (2-5)
B,57,50,13.86,Reduced Variability (2-5)
B,61,46,13.32,Reduced Variability (2-5)
B,57,52,14.29,Reduced Variability (2-5)
B,56,50,14.05,Reduced Variability (2-5)
B,59,52,13.17,Reduced Variability (2-5)
B,62,52,13.54,Reduced Variability (2-5)
B,60,41,12.17,Reduced Variability (2-5)
B,56,43,13.55,Reduced Variability (2-5)
B,59,43,13.83,Reduced Variability (2-5)
B,61,47,14.12,Reduced Variability (2-5)
B,61,49,14.16,Reduced Variability (2-5)
B,62,39,12.15,Reduced Variability (2-5)
B,60,45,12.71,Reduced Variability (2-5)
B,62,44,12.81,Reduced Variability (2-5)
B,59,46,12.91,Reduced Variability (2-5)
B,60,54,13.71,Reduced Variability (2-5)
B,60,46,13.62,Reduced Variability (2-5)
B,60,53,12.5,Reduced Variability (2-5)
B,58,50,14.0,Reduced Variability (2-5)
B,58,46,12.77,Reduced Variability (2-5)
B,61,44,12.48,Reduced Variability (2-5)
B,60,48,13.12,Reduced Variability (2-5)
B,62,41,12.58,Reduced Variability (2-5)
B,58,44,13.77,Reduced Variability (2-5)
B,56,57,14.95,Reduced Variability (2-5)
B,62,43,12.0,Reduced Variability (2-5)
B,61,41,13.56,Reduced Variability (2-5)
B,61,34,13.08,Reduced Variability (2-5)
B,58,35,12.41,Reduced Variability (2-5)
B,60,55,13.96,Reduced Variability (2-5)
B,62,37,12.65,Reduced Variability (2-5)
B,61,39,13.08,Reduced Variability (2-5)
B,59,43,13.0,Reduced Variability (2-5)
B,59,45,14.09,Reduced Variability (2-5)
B,59,38,13.17,Reduced Variability (2-5)
B,59,39,13.48,Reduced Variability (2-5)
B,63,38,13.67,Reduced Variability (2-5)
B,59,53,14.83,Reduced Variability (2-5)
B,61,40,12.8,Reduced Variability (2-5)
B,63,45,12.67,Reduced Variability (2-5)
B,57,49,13.9,Reduced Variability (2-5)
B,62,42,14.08,Reduced Variability (2-5)
B,58,56,14.0,Reduced Variability (2-5)
B,61,47,14.0,Reduced Variability (2-5)
B,57,54,14.67,Reduced Variability (2-5)
B,61,44,13.44,Reduced Variability (2-5)
B,61,43,12.68,Reduced Variability (2-5)
B,56,56,15.1,Reduced Variability (2-5)
B,61,40,13.72,Reduced Variability (2-5)
B,59,45,14.39,Reduced Variability (2-5)
B,57,55,14.76,Reduced Variability (2-5)
B,63,44,13.37,Reduced Variability (2-5)
B,59,54,13.87,Reduced Variability (2-5)
B,62,43,13.27,Reduced Variability (2-5)
B,58,51,14.09,Reduced Variability (2-5)
B,62,42,14.27,Reduced Variability (2-5)
B,62,54,13.92,Reduced Variability (2-5)
B,59,56,14.04,Reduced Variability (2-5)
B,57,46,14.05,Reduced Variability (2-5)
B,55,42,13.84,Reduced Variability (2-5)
B,57,57,14.19,Reduced Variability (2-5)
B,62,41,14.27,Reduced Variability (2-5)
B,56,56,14.25,Reduced Variability (2-5)
B,61,38,13.6,Reduced Variability (2-5)
B,60,43,13.58,Reduced Variability (2-5)
B,63,44,12.85,Reduced Variability (2-5)
B,59,45,14.22,Reduced Variability (2-5)
B,59,47,11.87,Reduced Variability (2-5)
B,61,44,13.36,Reduced Variability (2-5)
B,59,45,13.0,Reduced Variability (2-5)
B,60,50,13.0,Reduced Variability (2-5)
B,54,51,14.0,Reduced Variability (2-5)
B,57,48,14.52,Reduced Variability (2-5)
B,60,41,13.0,Reduced Variability (2-5)
B,57,45,13.57,Reduced Variability (2-5)
B,61,48,13.64,Reduced Variability (2-5)
B,55,52,14.63,Reduced Variability (2-5)
B,54,58,14.61,Reduced Variability (2-5)
B,60,42,12.58,Reduced Variability (2-5)
B,58,45,13.09,Reduced Variability (2-5)
B,54,58,14.72,Reduced Variability (2-5)
B,59,46,13.96,Reduced Variability (2-5)
B,63,50,12.93,Reduced Variability (2-5)
B,60,32,12.12,Reduced Variability (2-5)
B,57,46,13.52,Reduced Variability (2-5)
B,60,47,13.12,Reduced Variability (2-5)
B,64,38,12.61,Reduced Variability (2-5)
B,60,50,14.33,Reduced Variability (2-5)
B,57,46,14.1,Reduced Variability (2-5)
B,62,48,13.0,Reduced Variability (2-5)
B,57,49,14.81,Reduced Variability (2-5)
B,62,42,13.58,Reduced Variability (2-5)
B,60,48,13.75,Reduced Variability (2-5)
B,58,49,14.73,Reduced Variability (2-5)
B,59,52,13.52,Reduced Variability (2-5)
B,62,35,12.38,Reduced Variability (2-5)
B,62,44,12.19,Reduced Variability (2-5)
B,63,42,12.52,Reduced Variability (2-5)
B,59,48,12.96,Reduced Variability (2-5)
B,61,53,13.44,Reduced Variability (2-5)
B,62,49,14.35,Reduced Variability (2-5)
B,57,42,13.52,Reduced Variability (2-5)
B,62,35,12.12,Reduced Variability (2-5)
B,63,46,14.22,Reduced Variability (2-5)
B,63,44,13.48,Reduced Variability (2-5)
B,59,57,13.0,Reduced Variability (2-5)
B,60,45,14.38,Reduced Variability (2-5)
B,62,38,12.92,Reduced Variability (2-5)
B,64,39,12.25,Reduced Variability (2-5)
B,63,37,13.78,Reduced Variability (2-5)
B,55,51,14.11,Reduced Variability (2-5)
B,59,44,13.35,Reduced Variability (2-5)
B,61,47,13.12,Reduced Variability (2-5)
B,65,38,12.66,Reduced Variability (2-5)
B,59,49,13.13,Reduced Variability (2-5)
B,59,53,14.43,Reduced Variability (2-5)
B,60,41,12.88,Reduced Variability (2-5)
B,61,49,12.6,Reduced Variability (2-5)
B,59,55,14.17,Reduced Variability (2-5)
B,58,48,13.55,Reduced Variability (2-5)
B,62,50,12.88,Reduced Variability (2-5)
B,66,34,13.07,Reduced Variability (2-5)
B,60,50,14.25,Reduced Variability (2-5)
B,61,38,12.28,Reduced Variability (2-5)
B,59,46,14.57,Reduced Variability (2-5)
B,61,46,13.2,Reduced Variability (2-5)
B,59,51,14.04,Reduced Variability (2-5)
B,54,48,14.22,Reduced Variability (2-5)
B,60,46,11.38,Reduced Variability (2-5)
B,60,45,14.21,Reduced Variability (2-5)
B,59,42,12.48,Reduced Variability (2-5)
B,66,37,11.93,Reduced Variability (2-5)
B,59,43,11.91,Reduced Variability (2-5)
B,60,53,12.52,Reduced Variability (2-5)
B,58,47,14.0,Reduced Variability (2-5)
B,56,45,14.3,Reduced Variability (2-5)
B,59,53,14.96,Reduced Variability (2-5)
B,64,43,12.96,Reduced Variability (2-5)
B,59,50,13.35,Reduced Variability (2-5)
B,62,45,13.31,Reduced Variability (2-5)
B,61,44,13.16,Reduced Variability (2-5)
B,57,50,13.14,Reduced Variability (2-5)
B,56,45,14.4,Reduced Variability (2-5)
B,61,49,13.8,Reduced Variability (2-5)
B,59,52,14.09,Reduced Variability (2-5)
B,58,35,12.91,Reduced Variability (2-5)
B,60,45,14.33,Reduced Variability (2-5)
B,58,40,13.82,Reduced Variability (2-5)
B,62,41,13.96,Reduced Variability (2-5)
B,61,45,14.44,Reduced Variability (2-5)
B,59,55,13.65,Reduced Variability (2-5)
B,60,42,13.5,Reduced Variability (2-5)
B,57,48,14.05,Reduced Variability (2-5)
B,60,37,11.92,Reduced Variability (2-5)
B,59,51,13.35,Reduced Variability (2-5)
B,62,31,11.31,Reduced Variability (2-5)
B,58,42,12.95,Reduced Variability (2-5)
B,58,49,14.18,Reduced Variability (2-5)
B,61,42,12.92,Reduced Variability (2-5)
B,59,47,14.04,Reduced Variability (2-5)
B,63,44,13.0,Reduced Variability (2-5)
B,59,46,14.7,Reduced Variability (2-5)
B,62,51,13.62,Reduced Variability (2-5)
B,63,50,12.63,Reduced Variability (2-5)
B,59,41,14.0,Reduced Variability (2-5)
B,59,52,14.35,Reduced Variability (2-5)
B,59,44,13.87,Reduced Variability (2-5)
B,60,48,14.12,Reduced Variability (2-5)
B,64,45,12.68,Reduced Variability (2-5)
B,59,46,13.96,Reduced Variability (2-5)
B,55,52,15.0,Reduced Variability (2-5)
B,59,46,13.17,Reduced Variability (2-5)
B,62,37,11.85,Reduced Variability (2-5)
B,59,43,11.0,Reduced Variability (2-5)
B,62,42,12.46,Reduced Variability (2-5)
B,63,47,13.11,Reduced Variability (2-5)
B,63,40,12.37,Reduced Variability (2-5)
B,61,48,13.76,Reduced Variability (2-5)
B,60,47,13.29,Reduced Variability (2-5)
B,57,47,13.48,Reduced Variability (2-5)
B,62,43,12.69,Reduced Variability (2-5)
B,59,41,13.26,Reduced Variability (2-5)
B,62,39,13.46,Reduced Variability (2-5)
B,62,46,13.96,Reduced Variability (2-5)
B,64,40,12.25,Reduced Variability (2-5)
B,53,61,15.65,Reduced Variability (2-5)
B,64,38,12.54,Reduced Variability (2-5)
B,58,43,13.23,Reduced Variability (2-5)
B,58,39,13.09,Reduced Variability (2-5)
B,56,52,13.95,Reduced Variability (2-5)
B,59,47,13.74,Reduced Variability (2-5)
B,59,42,14.0,Reduced Variability (2-5)
B,61,49,13.2,Reduced Variability (2-5)
B,61,43,12.12,Reduced Variability (2-5)
B,60,44,13.08,Reduced Variability (2-5)
B,55,49,13.84,Reduced Variability (2-5)
B,55,48,13.79,Reduced Variability (2-5)
B,61,53,14.36,Reduced Variability (2-5)
B,63,46,12.78,Reduced Variability (2-5)
B,58,54,13.64,Reduced Variability (2-5)
B,59,57,14.3,Reduced Variability (2-5)
B,59,52,13.61,Reduced Variability (2-5)
B,61,50,13.48,Reduced Variability (2-5)
B,58,52,13.86,Reduced Variability (2-5)
B,61,37,12.24,Reduced Variability (2-5)
B,60,33,12.5,Reduced Variability (2-5)
B,60,47,13.33,Reduced Variability (2-5)
B,63,46,13.3,Reduced Variability (2-5)
B,59,43,13.0,Reduced Variability (2-5)
B,57,41,13.29,Reduced Variability (2-5)
B,64,40,12.43,Reduced Variability (2-5)
B,58,53,14.64,Reduced Variability (2-5)
B,60,51,13.58,Reduced Variability (2-5)
B,61,47,12.52,Reduced Variability (2-5)
B,56,52,15.25,Reduced Variability (2-5)
B,53,57,15.18,Reduced Variability (2-5)
B,58,47,12.55,Reduced Variability (2-5)
B,59,48,13.78,Reduced Variability (2-5)
B,56,46,14.3,Reduced Variability (2-5)
B,64,42,12.79,Reduced Variability (2-5)
B,57,45,14.0,Reduced Variability (2-5)
B,62,52,13.19,Reduced Variability (2-5)
B,59,50,14.7,Reduced Variability (2-5)
B,61,46,12.72,Reduced Variability (2-5)
B,62,49,14.0,Reduced Variability (2-5)
B,60,48,13.54,Reduced Variability (2-5)
B,62,42,13.5,Reduced Variability (2-5)
B,59,44,13.13,Reduced Variability (2-5)
B,61,45,13.2,Reduced Variability (2-5)
B,64,44,14.0,Reduced Variability (2-5)
B,60,52,11.58,Reduced Variability (2-5)
B,57,52,14.52,Reduced Variability (2-5)
B,60,41,14.17,Reduced Variability (2-5)
B,57,46,13.76,Reduced Variability (2-5)
B,60,50,13.71,Reduced Variability (2-5)
B,58,51,14.5,Reduced Variability (2-5)
B,57,50,15.19,Reduced Variability (2-5)
B,61,31,12.44,Reduced Variability (2-5)
B,58,44,14.5,Reduced Variability (2-5)
B,60,50,13.88,Reduced Variability (2-5)
B,60,45,13.96,Reduced Variability (2-5)
B,61,42,12.72,Reduced Variability (2-5)
B,58,44,14.14,Reduced Variability (2-5)
B,55,48,14.53,Reduced Variability (2-5)
B,65,41,12.38,Reduced Variability (2-5)
B,59,35,13.48,Reduced Variability (2-5)
B,59,54,13.57,Reduced Variability (2-5)
B,60,46,13.75,Reduced Variability (2-5)
B,57,55,14.81,Reduced Variability (2-5)
B,59,51,13.91,Reduced Variability (2-5)
B,59,48,13.83,Reduced Variability (2-5)
B,60,46,13.62,Reduced Variability (2-5)
B,56,52,14.5,Reduced Variability (2-5)
B,59,48,12.74,Reduced Variability (2-5)
B,59,37,14.13,Reduced Variability (2-5)
B,57,46,13.62,Reduced Variability (2-5)
B,61,45,11.88,Reduced Variability (2-5)
B,62,46,12.54,Reduced Variability (2-5)
B,62,45,13.42,Reduced Variability (2-5)
B,60,34,12.38,Reduced Variability (2-5)
B,59,47,14.3,Reduced Variability (2-5)
B,57,54,14.19,Reduced Variability (2-5)
B,62,42,13.27,Reduced Variability (2-5)
B,62,44,13.0,Reduced Variability (2-5)
B,60,46,13.21,Reduced Variability (2-5)
B,59,46,13.39,Reduced Variability (2-5)
B,56,49,14.7,Reduced Variability (2-5)
B,57,46,13.14,Reduced Variability (2-5)
B,59,51,13.13,Reduced Variability (2-5)
B,57,50,13.1,Reduced Variability (2-5)
B,59,53,14.74,Reduced Variability (2-5)
B,59,46,13.04,Reduced Variability (2-5)
B,57,53,14.62,Reduced Variability (2-5)
B,60,43,14.25,Reduced Variability (2-5)
B,61,46,13.52,Reduced Variability (2-5)
B,59,44,12.7,Reduced Variability (2-5)
B,58,44,13.55,Reduced Variability (2-5)
B,60,46,13.46,Reduced Variability (2-5)
B,58,46,14.05,Reduced Variability (2-5)
B,62,39,12.31,Reduced Variability (2-5)
B,58,37,13.0,Reduced Variability (2-5)
B,59,44,13.61,Reduced Variability (2-5)
B,61,47,13.92,Reduced Variability (2-5)
B,60,50,13.67,Reduced Variability (2-5)
B,62,50,13.58,Reduced Variability (2-5)
B,59,43,13.65,Reduced Variability (2-5)
B,58,57,14.59,Reduced Variability (2-5)
B,64,42,12.79,Reduced Variability (2-5)
B,60,43,14.5,Reduced Variability (2-5)
B,62,46,14.0,Reduced Variability (2-5)
B,59,41,11.83,Reduced Variability (2-5)
B,62,48,14.35,Reduced Variability (2-5)
B,61,46,12.52,Reduced Variability (2-5)
B,58,51,12.64,Reduced Variability (2-5)
B,62,45,13.46,Reduced Variability (2-5)
B,59,51,13.43,Reduced Variability (2-5)
B,57,54,14.81,Reduced Variability (2-5)
B,59,42,14.04,Reduced Variability (2-5)
B,62,35,12.96,Reduced Variability (2-5)
B,61,38,11.36,Reduced Variability (2-5)
B,60,50,14.08,Reduced Variability (2-5)
B,59,41,12.3,Reduced Variability (2-5)
B,59,47,13.74,Reduced Variability (2-5)
B,60,45,13.71,Reduced Variability (2-5)
B,57,38,12.71,Reduced Variability (2-5)
B,55,48,13.95,Reduced Variability (2-5)
B,58,53,14.27,Reduced Variability (2-5)
B,54,51,13.89,Reduced Variability (2-5)
B,59,51,14.35,Reduced Variability (2-5)
B,59,45,12.87,Reduced Variability (2-5)
B,61,50,12.88,Reduced Variability (2-5)
B,65,43,13.66,Reduced Variability (2-5)
B,61,40,13.72,Reduced Variability (2-5)
B,61,48,13.84,Reduced Variability (2-5)
B,58,50,14.5,Reduced Variability (2-5)
B,60,43,13.25,Reduced Variability (2-5)
B,54,52,14.72,Reduced Variability (2-5)
B,65,37,12.45,Reduced Variability (2-5)
B,61,48,13.8,Reduced Variability (2-5)
B,57,54,14.19,Reduced Variability (2-5)
B,57,56,14.43,Reduced Variability (2-5)
B,55,48,13.79,Reduced Variability (2-5)
B,64,41,13.14,Reduced Variability (2-5)
B,62,50,14.08,Reduced Variability (2-5)
B,62,47,13.46,Reduced Variability (2-5)
B,60,41,14.04,Reduced Variability (2-5)
B,59,43,13.39,Reduced Variability (2-5)
B,61,47,13.0,Reduced Variability (2-5)
B,62,44,11.77,Reduced Variability (2-5)
B,60,38,13.96,Reduced Variability (2-5)
B,61,46,14.12,Reduced Variability (2-5)
B,59,41,13.13,Reduced Variability (2-5)
B,61,43,12.64,Reduced Variability (2-5)
B,58,42,12.45,Reduced Variability (2-5)
B,59,44,12.78,Reduced Variability (2-5)
B,58,42,14.41,Reduced Variability (2-5)
B,58,46,13.41,Reduced Variability (2-5)
B,62,45,12.58,Reduced Variability (2-5)
B,53,56,14.88,Reduced Variability (2-5)
B,61,47,13.28,Reduced Variability (2-5)
B,55,53,13.74,Reduced Variability (2-5)
B,58,45,13.55,Reduced Variability (2-5)
B,59,46,13.7,Reduced Variability (2-5)
B,62,40,13.15,Reduced Variability (2-5)
B,60,48,14.0,Reduced Variability (2-5)
B,56,55,14.4,Reduced Variability (2-5)
B,58,49,13.77,Reduced Variability (2-5)
B,62,50,14.54,Reduced Variability (2-5)
B,57,52,14.57,Reduced Variability (2-5)
B,60,41,13.12,Reduced Variability (2-5)
B,57,46,13.43,Reduced Variability (2-5)
B,61,44,11.88,Reduced Variability (2-5)
B,63,51,13.63,Reduced Variability (2-5)
B,62,43,13.15,Reduced Variability (2-5)
B,59,53,13.83,Reduced Variability (2-5)
B,60,60,14.21,Reduced Variability (2-5)
B,60,53,14.54,Reduced Variability (2-5)
B,58,53,13.73,Reduced Variability (2-5)
B,58,48,13.64,Reduced Variability (2-5)
B,59,46,12.39,Reduced Variability (2-5)
B,59,51,13.26,Reduced Variability (2-5)
B,55,52,14.58,Reduced Variability (2-5)
B,60,38,13.25,Reduced Variability (2-5)
B,60,53,14.21,Reduced Variability (2-5)
B,57,54,13.38,Reduced Variability (2-5)
B,58,50,13.73,Reduced Variability (2-5)
B,61,38,11.76,Reduced Variability (2-5)
B,61,39,13.08,Reduced Variability (2-5)
B,61,45,13.92,Reduced Variability (2-5)
B,60,46,12.96,Reduced Variability (2-5)
B,60,43,14.71,Reduced Variability (2-5)
B,59,43,13.83,Reduced Variability (2-5)
B,56,41,13.4,Reduced Variability (2-5)
B,56,53,14.1,Reduced Variability (2-5)
B,60,46,12.96,Reduced Variability (2-5)
B,58,52,14.73,Reduced Variability (2-5)
B,60,45,13.29,Reduced Variability (2-5)
B,61,41,13.4,Reduced Variability (2-5)
B,56,60,14.45,Reduced Variability (2-5)
B,63,39,12.81,Reduced Variability (2-5)
B,55,44,14.42,Reduced Variability (2-5)
B,55,52,14.68,Reduced Variability (2-5)
B,60,49,13.04,Reduced Variability (2-5)
B,57,48,14.05,Reduced Variability (2-5)
B,59,53,13.83,Reduced Variability (2-5)
B,63,44,11.96,Reduced Variability (2-5)
B,60,54,13.33,Reduced Variability (2-5)
B,62,49,12.42,Reduced Variability (2-5)
B,59,37,12.48,Reduced Variability (2-5)
B,59,45,13.09,Reduced Variability (2-5)
B,60,49,13.71,Reduced Variability (2-5)
B,62,46,13.65,Reduced Variability (2-5)
B,63,44,12.89,Reduced Variability (2-5)
B,60,47,13.04,Reduced Variability (2-5)
B,58,45,14.18,Reduced Variability (2-5)
B,57,61,14.57,Reduced Variability (2-5)
B,64,39,13.11,Reduced Variability (2-5)
B,60,49,14.38,Reduced Variability (2-5)
B,57,42,14.05,Reduced Variability (2-5)
B,57,61,14.95,Reduced Variability (2-5)
B,61,47,12.92,Reduced Variability (2-5)
B,61,48,12.92,Reduced Variability (2-5)
B,59,36,13.43,Reduced Variability (2-5)
B,59,48,13.96,Reduced Variability (2-5)
B,65,37,12.45,Reduced Variability (2-5)
B,57,52,14.05,Reduced Variability (2-5)
B,60,43,12.5,Reduced Variability (2-5)
B,64,48,12.96,Reduced Variability (2-5)
B,54,56,14.78,Reduced Variability (2-5)
B,60,42,14.5,Reduced Variability (2-5)
B,58,58,14.59,Reduced Variability (2-5)
B,55,56,15.11,Reduced Variability (2-5)
B,60,40,11.92,Reduced Variability (2-5)
B,63,44,13.59,Reduced Variability (2-5)
B,58,41,14.5,Reduced Variability (2-5)
B,61,38,12.36,Reduced Variability (2-5)
B,61,46,12.96,Reduced Variability (2-5)
B,62,45,13.04,Reduced Variability (2-5)
B,58,44,13.0,Reduced Variability (2-5)
B,58,45,13.91,Reduced Variability (2-5)
B,60,50,13.04,Reduced Variability (2-5)
B,60,54,14.54,Reduced Variability (2-5)
B,57,47,14.14,Reduced Variability (2-5)
B,62,47,13.19,Reduced Variability (2-5)
B,59,47,13.61,Reduced Variability (2-5)
B,64,42,12.29,Reduced Variability (2-5)
B,58,41,13.14,Reduced Variability (2-5)
B,63,43,12.19,Reduced Variability (2-5)
B,57,42,14.33,Reduced Variability (2-5)
B,60,52,13.21,Reduced Variability (2-5)
B,60,49,13.67,Reduced Variability (2-5)
B,58,45,14.36,Reduced Variability (2-5)
B,56,47,13.35,Reduced Variability (2-5)
B,60,52,12.88,Reduced Variability (2-5)
B,59,49,13.83,Reduced Variability (2-5)
B,64,39,12.96,Reduced Variability (2-5)
B,61,47,12.88,Reduced Variability (2-5)
B,61,40,13.36,Reduced Variability (2-5)
B,58,39,13.05,Reduced Variability (2-5)
B,57,51,13.05,Reduced Variability (2-5)
B,65,48,12.38,Reduced Variability (2-5)
B,63,43,12.93,Reduced Variability (2-5)
B,54,53,15.61,Reduced Variability (2-5)
B,60,47,13.62,Reduced Variability (2-5)
B,61,44,12.32,Reduced Variability (2-5)
B,62,34,12.65,Reduced Variability (2-5)
B,60,40,12.21,Reduced Variability (2-5)
B,63,46,13.11,Reduced Variability (2-5)
B,57,44,13.38,Reduced Variability (2-5)
B,60,44,13.04,Reduced Variability (2-5)
B,60,46,13.42,Reduced Variability (2-5)
B,60,44,13.08,Reduced Variability (2-5)
B,53,56,14.82,Reduced Variability (2-5)
B,59,47,14.09,Reduced Variability (2-5)
B,58,48,14.91,Reduced Variability (2-5)
B,62,45,13.85,Reduced Variability (2-5)
B,57,46,14.33,Reduced Variability (2-5)
B,60,47,13.67,Reduced Variability (2-5)
B,62,46,12.54,Reduced Variability (2-5)
B,64,41,13.11,Reduced Variability (2-5)
B,56,43,13.5,Reduced Variability (2-5)
B,63,44,12.67,Reduced Variability (2-5)
B,60,49,14.12,Reduced Variability (2-5)
B,60,48,13.0,Reduced Variability (2-5)
B,62,46,13.23,Reduced Variability (2-5)
B,60,44,12.75,Reduced Variability (2-5)
B,57,48,14.38,Reduced Variability (2-5)
B,58,60,14.36,Reduced Variability (2-5)
B,61,45,12.4,Reduced Variability (2-5)
B,61,44,13.64,Reduced Variability (2-5)
B,60,55,13.42,Reduced Variability (2-5)
B,59,49,13.7,Reduced Variability (2-5)
B,61,42,13.56,Reduced Variability (2-5)
B,60,54,13.54,Reduced Variability (2-5)
B,61,37,11.48,Reduced Variability (2-5)
B,62,38,13.08,Reduced Variability (2-5)
B,59,51,14.65,Reduced Variability (2-5)
B,58,47,13.41,Reduced Variability (2-5)
B,60,50,14.92,Reduced Variability (2-5)
B,60,47,12.33,Reduced Variability (2-5)
B,59,46,14.22,Reduced Variability (2-5)
B,56,55,13.85,Reduced Variability (2-5)
B,60,40,13.62,Reduced Variability (2-5)
B,58,40,13.73,Reduced Variability (2-5)
B,59,54,14.17,Reduced Variability (2-5)
B,58,45,12.05,Reduced Variability (2-5)
B,55,46,14.74,Reduced Variability (2-5)
B,61,41,11.96,Reduced Variability (2-5)
B,60,44,13.04,Reduced Variability (2-5)
B,62,42,12.81,Reduced Variability (2-5)
B,58,46,13.64,Reduced Variability (2-5)
B,61,39,13.28,Reduced Variability (2-5)
B,56,49,15.15,Reduced Variability (2-5)
B,59,48,14.04,Reduced Variability (2-5)
B,61,48,13.12,Reduced Variability (2-5)
B,60,49,13.79,Reduced Variability (2-5)
B,62,48,13.12,Reduced Variability (2-5)
B,59,46,14.39,Reduced Variability (2-5)
B,58,55,14.45,Reduced Variability (2-5)
B,62,38,12.68,Reduced Variability (2-5)
B,59,48,13.43,Reduced Variability (2-5)
B,60,40,14.46,Reduced Variability (2-5)
B,59,42,14.3,Reduced Variability (2-5)
B,58,61,14.5,Reduced Variability (2-5)
B,61,42,12.68,Reduced Variability (2-5)
B,57,50,14.05,Reduced Variability (2-5)
B,60,56,13.54,Reduced Variability (2-5)
B,61,48,12.8,Reduced Variability (2-5)
B,58,51,14.05,Reduced Variability (2-5)
B,57,47,14.24,Reduced Variability (2-5)
B,60,50,13.33,Reduced Variability (2-5)
B,60,45,13.96,Reduced Variability (2-5)
B,62,31,12.08,Reduced Variability (2-5)
B,61,45,12.04,Reduced Variability (2-5)
B,61,33,11.84,Reduced Variability (2-5)
B,60,48,12.42,Reduced Variability (2-5)
B,58,44,13.14,Reduced Variability (2-5)
B,60,56,13.83,Reduced Variability (2-5)
B,61,45,11.96,Reduced Variability (2-5)
B,62,32,12.31,Reduced Variability (2-5)
B,56,53,14.6,Reduced Variability (2-5)
B,62,43,13.62,Reduced Variability (2-5)
B,61,54,12.96,Reduced Variability (2-5)
B,56,52,13.2,Reduced Variability (2-5)
B,60,53,13.92,Reduced Variability (2-5)
B,55,45,14.0,Reduced Variability (2-5)
B,59,52,13.3,Reduced Variability (2-5)
B,58,54,13.55,Reduced Variability (2-5)
B,59,48,13.74,Reduced Variability (2-5)
B,62,45,12.04,Reduced Variability (2-5)
B,60,52,13.58,Reduced Variability (2-5)
B,58,58,14.23,Reduced Variability (2-5)
B,60,47,13.25,Reduced Variability (2-5)
B,60,35,12.92,Reduced Variability (2-5)
B,60,47,12.75,Reduced Variability (2-5)
B,62,41,12.58,Reduced Variability (2-5)
B,58,51,12.86,Reduced Variability (2-5)
B,60,52,13.33,Reduced Variability (2-5)
B,56,50,14.65,Reduced Variability (2-5)
B,58,44,13.55,Reduced Variability (2-5)
B,59,50,13.83,Reduced Variability (2-5)
B,60,51,13.38,Reduced Variability (2-5)
B,62,40,12.81,Reduced Variability (2-5)
B,58,49,14.09,Reduced Variability (2-5)
B,58,47,13.27,Reduced Variability (2-5)
B,60,51,13.79,Reduced Variability (2-5)
B,59,53,14.13,Reduced Variability (2-5)
B,62,39,12.31,Reduced Variability (2-5)
B,57,45,13.71,Reduced Variability (2-5)
B,60,46,13.33,Reduced Variability (2-5)
B,60,46,13.67,Reduced Variability (2-5)
B,61,41,13.44,Reduced Variability (2-5)
B,60,39,14.29,Reduced Variability (2-5)
B,58,45,13.86,Reduced Variability (2-5)
B,61,42,14.32,Reduced Variability (2-5)
B,62,48,12.69,Reduced Variability (2-5)
B,57,42,13.24,Reduced Variability (2-5)
B,57,42,14.62,Reduced Variability (2-5)
B,62,42,12.92,Reduced Variability (2-5)
B,61,38,14.52,Reduced Variability (2-5)
B,61,43,13.16,Reduced Variability (2-5)
B,62,44,11.38,Reduced Variability (2-5)
B,59,54,14.87,Reduced Variability (2-5)
B,61,39,13.88,Reduced Variability (2-5)
B,60,51,13.62,Reduced Variability (2-5)
B,58,55,13.82,Reduced Variability (2-5)
B,54,55,13.72,Reduced Variability (2-5)
B,57,41,14.57,Reduced Variability (2-5)
B,61,32,12.6,Reduced Variability (2-5)
B,61,45,12.44,Reduced Variability (2-5)
B,61,40,12.72,Reduced Variability (2-5)
B,56,53,14.95,Reduced Variability (2-5)
B,62,52,13.5,Reduced Variability (2-5)
B,60,48,12.38,Reduced Variability (2-5)
B,57,44,14.38,Reduced Variability (2-5)
B,58,42,13.5,Reduced Variability (2-5)
B,58,45,13.5,Reduced Variability (2-5)
B,61,52,13.56,Reduced Variability (2-5)
B,59,53,14.39,Reduced Variability (2-5)
B,60,39,14.08,Reduced Variability (2-5)
B,61,46,13.64,Reduced Variability (2-5)
B,57,48,13.38,Reduced Variability (2-5)
B,62,50,12.92,Reduced Variability (2-5)
B,57,48,14.0,Reduced Variability (2-5)
B,58,38,13.27,Reduced Variability (2-5)
B,58,50,13.32,Reduced Variability (2-5)
B,57,56,13.62,Reduced Variability (2-5)
B,60,45,12.96,Reduced Variability (2-5)
B,58,42,13.36,Reduced Variability (2-5)
B,60,51,13.08,Reduced Variability (2-5)
B,59,53,13.96,Reduced Variability (2-5)
B,62,46,13.81,Reduced Variability (2-5)
B,55,56,14.47,Reduced Variability (2-5)
B,60,43,12.92,Reduced Variability (2-5)
B,62,44,13.12,Reduced Variability (2-5)
B,58,39,12.36,Reduced Variability (2-5)
B,56,41,12.5,Reduced Variability (2-5)
B,63,49,13.89,Reduced Variability (2-5)
B,62,37,13.42,Reduced Variability (2-5)
B,59,44,13.52,Reduced Variability (2-5)
B,58,55,13.27,Reduced Variability (2-5)
B,54,50,13.56,Reduced Variability (2-5)
B,62,46,13.69,Reduced Variability (2-5)
B,65,39,11.69,Reduced Variability (2-5)
B,57,42,13.71,Reduced Variability (2-5)
B,53,55,15.29,Reduced Variability (2-5)
B,65,39,12.34,Reduced Variability (2-5)
B,64,48,12.43,Reduced Variability (2-5)
B,56,60,15.55,Reduced Variability (2-5)
B,63,40,13.26,Reduced Variability (2-5)
B,61,39,13.12,Reduced Variability (2-5)
B,64,41,13.0,Reduced Variability (2-5)
B,65,39,13.24,Reduced Variability (2-5)
B,59,40,14.17,Reduced Variability (2-5)
B,56,47,14.1,Reduced Variability (2-5)
B,60,50,12.58,Reduced Variability (2-5)
B,59,47,13.57,Reduced Variability (2-5)
B,57,54,14.43,Reduced Variability (2-5)
B,57,47,14.33,Reduced Variability (2-5)
B,61,41,11.64,Reduced Variability (2-5)
B,55,50,15.21,Reduced Variability (2-5)
B,62,46,13.54,Reduced Variability (2-5)
B,61,44,14.08,Reduced Variability (2-5)
B,58,51,13.86,Reduced Variability (2-5)
B,59,51,13.7,Reduced Variability (2-5)
B,62,48,13.77,Reduced Variability (2-5)
B,60,50,13.46,Reduced Variability (2-5)
B,61,50,13.32,Reduced Variability (2-5)
B,56,47,14.65,Reduced Variability (2-5)
B,60,39,14.25,Reduced Variability (2-5)
B,65,44,12.76,Reduced Variability (2-5)
B,58,51,13.18,Reduced Variability (2-5)
B,58,40,13.27,Reduced Variability (2-5)
B,56,60,14.3,Reduced Variability (2-5)
B,60,42,12.21,Reduced Variability (2-5)
B,63,45,12.74,Reduced Variability (2-5)
B,60,52,14.42,Reduced Variability (2-5)
B,60,42,12.46,Reduced Variability (2-5)
B,62,45,13.38,Reduced Variability (2-5)
B,61,37,13.12,Reduced Variability (2-5)
B,56,50,14.45,Reduced Variability (2-5)
B,61,56,14.4,Reduced Variability (2-5)
B,60,52,13.12,Reduced Variability (2-5)
B,63,41,12.89,Reduced Variability (2-5)
B,59,41,13.65,Reduced Variability (2-5)
B,60,40,13.21,Reduced Variability (2-5)
B,61,39,11.96,Reduced Variability (2-5)
B,61,37,14.24,Reduced Variability (2-5)
B,59,41,13.09,Reduced Variability (2-5)
B,61,50,13.08,Reduced Variability (2-5)
B,59,55,13.39,Reduced Variability (2-5)
B,65,49,13.9,Reduced Variability (2-5)
B,65,38,12.14,Reduced Variability (2-5)
B,59,54,14.52,Reduced Variability (2-5)
B,62,45,13.42,Reduced Variability (2-5)
B,59,49,14.04,Reduced Variability (2-5)
B,58,45,13.5,Reduced Variability (2-5)
B,59,50,13.87,Reduced Variability (2-5)
B,50,62,15.57,Reduced Variability (2-5)
B,60,44,12.46,Reduced Variability (2-5)
B,58,53,13.95,Reduced Variability (2-5)
B,62,39,12.62,Reduced Variability (2-5)
B,62,46,12.69,Reduced Variability (2-5)
B,58,54,14.77,Reduced Variability (2-5)
B,62,38,12.73,Reduced Variability (2-5)
B,59,45,12.26,Reduced Variability (2-5)
B,59,47,13.13,Reduced Variability (2-5)
B,57,50,14.86,Reduced Variability (2-5)
B,60,40,12.62,Reduced Variability (2-5)
B,59,48,12.57,Reduced Variability (2-5)
B,60,40,12.42,Reduced Variability (2-5)
B,65,33,12.1,Reduced Variability (2-5)
B,59,48,14.13,Reduced Variability (2-5)
B,59,41,12.7,Reduced Variability (2-5)
B,56,56,14.25,Reduced Variability (2-5)
B,57,51,13.9,Reduced Variability (2-5)
B,61,50,13.0,Reduced Variability (2-5)
B,62,40,12.81,Reduced Variability (2-5)
B,61,41,13.56,Reduced Variability (2-5)
B,61,51,13.52,Reduced Variability (2-5)
B,63,44,13.41,Reduced Variability (2-5)
B,57,42,13.67,Reduced Variability (2-5)
B,61,42,12.96,Reduced Variability (2-5)
B,60,37,13.04,Reduced Variability (2-5)
B,61,38,14.04,Reduced Variability (2-5)
B,57,41,12.95,Reduced Variability (2-5)
B,55,58,15.21,Reduced Variability (2-5)
B,55,46,14.37,Reduced Variability (2-5)
B,55,54,15.47,Reduced Variability (2-5)
B,62,51,13.04,Reduced Variability (2-5)
B,59,49,13.83,Reduced Variability (2-5)
B,57,46,15.52,Reduced Variability (2-5)
B,60,40,12.78,Reduced Variability (2-5)
B,59,54,14.04,Reduced Variability (2-5)
B,60,43,12.92,Reduced Variability (2-5)
B,63,42,12.37,Reduced Variability (2-5)
B,59,37,13.3,Reduced Variability (2-5)
B,61,45,12.48,Reduced Variability (2-5)
B,59,46,12.22,Reduced Variability (2-5)
B,58,52,13.86,Reduced Variability (2-5)
B,61,50,12.44,Reduced Variability (2-5)
B,60,46,13.33,Reduced Variability (2-5)
B,63,44,13.52,Reduced Variability (2-5)
B,61,53,14.6,Reduced Variability (2-5)
B,55,48,14.84,Reduced Variability (2-5)
B,61,41,12.04,Reduced Variability (2-5)
B,60,48,13.75,Reduced Variability (2-5)
B,64,47,13.71,Reduced Variability (2-5)
B,57,55,14.48,Reduced Variability (2-5)
B,61,38,12.76,Reduced Variability (2-5)
B,55,54,14.05,Reduced Variability (2-5)
B,60,38,13.0,Reduced Variability (2-5)
B,59,52,14.04,Reduced Variability (2-5)
B,56,41,14.4,Reduced Variability (2-5)
B,56,50,13.95,Reduced Variability (2-5)
B,59,48,14.83,Reduced Variability (2-5)
B,57,52,14.05,Reduced Variability (2-5)
B,60,36,12.5,Reduced Variability (2-5)
B,62,36,11.96,Reduced Variability (2-5)
B,57,49,14.24,Reduced Variability (2-5)
B,62,43,12.69,Reduced Variability (2-5)
B,63,40,12.78,Reduced Variability (2-5)
B,54,54,15.61,Reduced Variability (2-5)
B,60,48,14.29,Reduced Variability (2-5)
B,61,46,12.72,Reduced Variability (2-5)
B,57,50,14.0,Reduced Variability (2-5)
B,54,47,14.67,Reduced Variability (2-5)
B,60,40,13.17,Reduced Variability (2-5)
B,56,49,14.3,Reduced Variability (2-5)
B,60,52,13.83,Reduced Variability (2-5)
B,60,55,14.33,Reduced Variability (2-5)
B,63,46,12.96,Reduced Variability (2-5)
B,55,45,14.0,Reduced Variability (2-5)
B,63,42,13.3,Reduced Variability (2-5)
B,59,56,13.65,Reduced Variability (2-5)
B,59,46,13.91,Reduced Variability (2-5)
B,62,50,13.65,Reduced Variability (2-5)
B,60,42,13.12,Reduced Variability (2-5)
B,59,42,13.09,Reduced Variability (2-5)
B,63,37,13.56,Reduced Variability (2-5)
B,59,48,13.83,Reduced Variability (2-5)
B,62,55,13.69,Reduced Variability (2-5)
B,63,48,13.33,Reduced Variability (2-5)
B,59,52,14.17,Reduced Variability (2-5)
B,61,44,13.16,Reduced Variability (2-5)
B,62,45,12.65,Reduced Variability (2-5)
B,60,43,12.92,Reduced Variability (2-5)
B,58,50,14.0,Reduced Variability (2-5)
B,56,53,14.7,Reduced Variability (2-5)
B,64,43,12.86,Reduced Variability (2-5)
B,55,53,15.0,Reduced Variability (2-5)
B,59,46,12.74,Reduced Variability (2-5)
B,59,46,14.0,Reduced Variability (2-5)
B,59,47,14.48,Reduced Variability (2-5)
B,58,49,14.27,Reduced Variability (2-5)
B,62,43,12.85,Reduced Variability (2-5)
B,60,48,11.71,Reduced Variability (2-5)
B,61,49,14.12,Reduced Variability (2-5)
B,64,44,13.21,Reduced Variability (2-5)
B,57,53,13.86,Reduced Variability (2-5)
B,59,46,13.35,Reduced Variability (2-5)
B,59,38,14.0,Reduced Variability (2-5)
B,61,45,12.2,Reduced Variability (2-5)
B,58,43,12.5,Reduced Variability (2-5)
B,60,43,13.5,Reduced Variability (2-5)
B,59,55,14.0,Reduced Variability (2-5)
B,58,49,13.5,Reduced Variability (2-5)
B,60,45,13.42,Reduced Variability (2-5)
B,63,46,12.33,Reduced Variability (2-5)
B,56,54,14.0,Reduced Variability (2-5)
B,56,50,13.55,Reduced Variability (2-5)
B,61,49,13.12,Reduced Variability (2-5)
B,59,50,14.65,Reduced Variability (2-5)
B,62,38,12.81,Reduced Variability (2-5)
B,61,43,13.48,Reduced Variability (2-5)
B,58,51,13.45,Reduced Variability (2-5)
B,57,47,13.9,Reduced Variability (2-5)
B,58,43,13.14,Reduced Variability (2-5)
B,62,46,12.46,Reduced Variability (2-5)
B,58,52,14.09,Reduced Variability (2-5)
B,60,46,13.54,Reduced Variability (2-5)
B,59,48,13.43,Reduced Variability (2-5)
B,59,41,11.83,Reduced Variability (2-5)
B,62,40,11.77,Reduced Variability (2-5)
B,63,44,12.48,Reduced Variability (2-5)
B,57,44,13.1,Reduced Variability (2-5)
B,58,35,12.5,Reduced Variability (2-5)
B,58,51,15.19,Reduced Variability (2-5)
B,61,40,13.88,Reduced Variability (2-5)
B,58,38,12.95,Reduced Variability (2-5)
B,59,46,13.17,Reduced Variability (2-5)
B,60,39,13.0,Reduced Variability (2-5)
B,62,49,13.38,Reduced Variability (2-5)
B,58,56,14.59,Reduced Variability (2-5)
B,63,28,11.74,Reduced Variability (2-5)
B,59,41,13.74,Reduced Variability (2-5)
B,62,49,13.88,Reduced Variability (2-5)
B,62,38,11.54,Reduced Variability (2-5)
B,60,52,13.33,Reduced Variability (2-5)
B,61,45,14.24,Reduced Variability (2-5)
B,63,41,13.04,Reduced Variability (2-5)
B,61,40,12.2,Reduced Variability (2-5)
B,60,44,13.75,Reduced Variability (2-5)
B,60,43,13.62,Reduced Variability (2-5)
B,57,49,13.71,Reduced Variability (2-5)
B,61,42,12.32,Reduced Variability (2-5)
B,61,49,13.24,Reduced Variability (2-5)
B,59,49,13.61,Reduced Variability (2-5)
B,58,51,14.36,Reduced Variability (2-5)
B,60,43,13.75,Reduced Variability (2-5)
B,62,46,12.81,Reduced Variability (2-5)
B,58,48,12.82,Reduced Variability (2-5)
B,56,48,14.15,Reduced Variability (2-5)
B,56,51,14.1,Reduced Variability (2-5)
B,62,44,13.15,Reduced Variability (2-5)
B,60,48,14.33,Reduced Variability (2-5)
B,55,52,13.53,Reduced Variability (2-5)
B,62,49,13.08,Reduced Variability (2-5)
B,64,42,13.75,Reduced Variability (2-5)
B,57,43,12.57,Reduced Variability (2-5)
B,57,45,13.0,Reduced Variability (2-5)
B,61,34,13.2,Reduced Variability (2-5)
B,57,50,15.0,Reduced Variability (2-5)
B,54,56,15.33,Reduced Variability (2-5)
B,58,53,13.64,Reduced Variability (2-5)
B,60,61,14.04,Reduced Variability (2-5)
B,54,50,14.28,Reduced Variability (2-5)
B,57,41,14.05,Reduced Variability (2-5)
B,59,50,13.43,Reduced Variability (2-5)
B,56,49,13.6,Reduced Variability (2-5)
B,56,43,13.2,Reduced Variability (2-5)
B,62,40,13.12,Reduced Variability (2-5)
B,60,52,13.88,Reduced Variability (2-5)
B,64,49,13.86,Reduced Variability (2-5)
B,60,40,12.5,Reduced Variability (2-5)
B,58,50,12.77,Reduced Variability (2-5)
B,57,55,14.1,Reduced Variability (2-5)
B,62,47,13.62,Reduced Variability (2-5)
B,61,50,12.28,Reduced Variability (2-5)
B,63,47,13.04,Reduced Variability (2-5)
B,60,48,13.46,Reduced Variability (2-5)
B,59,49,13.43,Reduced Variability (2-5)
B,58,56,13.36,Reduced Variability (2-5)
B,56,49,13.65,Reduced Variability (2-5)
B,61,45,12.72,Reduced Variability (2-5)
B,55,52,13.95,Reduced Variability (2-5)
B,60,37,13.21,Reduced Variability (2-5)
B,63,44,12.33,Reduced Variability (2-5)
B,58,46,13.73,Reduced Variability (2-5)
B,62,42,13.15,Reduced Variability (2-5)
B,58,48,12.73,Reduced Variability (2-5)
B,53,61,15.06,Reduced Variability (2-5)
B,64,44,13.04,Reduced Variability (2-5)
B,57,53,14.38,Reduced Variability (2-5)
B,56,49,14.0,Reduced Variability (2-5)
B,57,62,15.1,Reduced Variability (2-5)
B,61,46,13.48,Reduced Variability (2-5)
B,60,46,14.17,Reduced Variability (2-5)
B,61,41,13.72,Reduced Variability (2-5)
B,60,37,12.5,Reduced Variability (2-5)
B,61,55,14.6,Reduced Variability (2-5)
B,58,46,13.68,Reduced Variability (2-5)
B,61,47,13.76,Reduced Variability (2-5)
B,56,44,14.2,Reduced Variability (2-5)
B,59,55,13.57,Reduced Variability (2-5)
B,62,54,13.27,Reduced Variability (2-5)
B,64,38,12.96,Reduced Variability (2-5)
B,58,43,12.1,Reduced Variability (2-5)
B,58,43,14.18,Reduced Variability (2-5)
B,60,58,13.96,Reduced Variability (2-5)
B,57,48,13.57,Reduced Variability (2-5)
B,57,49,13.48,Reduced Variability (2-5)
B,60,55,12.88,Reduced Variability (2-5)
B,57,48,14.38,Reduced Variability (2-5)
B,64,40,12.54,Reduced Variability (2-5)
B,60,54,14.12,Reduced Variability (2-5)
B,61,41,13.8,Reduced Variability (2-5)
B,55,50,14.05,Reduced Variability (2-5)
B,62,48,12.73,Reduced Variability (2-5)
B,56,55,14.75,Reduced Variability (2-5)
B,58,50,14.68,Reduced Variability (2-5)
B,60,41,13.42,Reduced Variability (2-5)
B,58,36,12.77,Reduced Variability (2-5)
B,62,39,13.58,Reduced Variability (2-5)
B,58,40,13.55,Reduced Variability (2-5)
B,60,41,12.54,Reduced Variability (2-5)
B,56,54,14.3,Reduced Variability (2-5)
B,58,47,14.27,Reduced Variability (2-5)
B,58,51,13.86,Reduced Variability (2-5)
B,61,40,13.0,Reduced Variability (2-5)
B,58,54,13.77,Reduced Variability (2-5)
B,62,50,13.35,Reduced Variability (2-5)
B,59,45,13.65,Reduced Variability (2-5)
B,56,50,13.1,Reduced Variability (2-5)
B,59,48,14.48,Reduced Variability (2-5)
B,60,53,13.38,Reduced Variability (2-5)
B,59,46,13.52,Reduced Variability (2-5)
B,57,51,13.62,Reduced Variability (2-5)
B,59,47,13.17,Reduced Variability (2-5)
B,62,40,13.31,Reduced Variability (2-5)
B,61,57,13.68,Reduced Variability (2-5)
B,53,60,15.24,Reduced Variability (2-5)
B,60,49,12.83,Reduced Variability (2-5)
B,53,50,15.06,Reduced Variability (2-5)
B,60,42,12.88,Reduced Variability (2-5)
B,62,47,13.12,Reduced Variability (2-5)
B,59,42,13.64,Reduced Variability (2-5)
B,59,47,13.52,Reduced Variability (2-5)
B,60,52,13.08,Reduced Variability (2-5)
B,61,49,13.96,Reduced Variability (2-5)
B,63,47,12.96,Reduced Variability (2-5)
B,57,48,13.38,Reduced Variability (2-5)
B,59,51,14.3,Reduced Variability (2-5)
B,64,36,13.14,Reduced Variability (2-5)
B,62,53,13.58,Reduced Variability (2-5)
B,60,51,13.54,Reduced Variability (2-5)
B,60,44,13.25,Reduced Variability (2-5)
B,60,49,13.96,Reduced Variability (2-5)
B,58,50,15.0,Reduced Variability (2-5)
B,57,51,14.14,Reduced Variability (2-5)
B,61,47,12.88,Reduced Variability (2-5)
B,60,44,14.17,Reduced Variability (2-5)
B,59,39,13.83,Reduced Variability (2-5)
B,63,44,13.33,Reduced Variability (2-5)
B,60,43,13.88,Reduced Variability (2-5)
B,57,51,13.76,Reduced Variability (2-5)
B,57,46,13.05,Reduced Variability (2-5)
B,60,46,13.21,Reduced Variability (2-5)
B,56,52,13.2,Reduced Variability (2-5)
B,59,46,13.57,Reduced Variability (2-5)
B,60,44,12.75,Reduced Variability (2-5)
B,62,40,12.0,Reduced Variability (2-5)
B,60,45,13.5,Reduced Variability (2-5)
B,60,39,12.42,Reduced Variability (2-5)
B,59,47,14.35,Reduced Variability (2-5)
B,63,45,12.96,Reduced Variability (2-5)
B,62,42,13.19,Reduced Variability (2-5)
B,61,55,13.76,Reduced Variability (2-5)
B,55,62,15.68,Reduced Variability (2-5)
B,62,36,12.54,Reduced Variability (2-5)
B,54,48,14.39,Reduced Variability (2-5)
B,59,40,13.78,Reduced Variability (2-5)
B,58,37,12.55,Reduced Variability (2-5)
B,63,49,13.26,Reduced Variability (2-5)
B,60,47,13.71,Reduced Variability (2-5)
B,60,48,12.75,Reduced Variability (2-5)
B,54,53,15.39,Reduced Variability (2-5)
B,60,41,13.29,Reduced Variability (2-5)
B,59,44,14.57,Reduced Variability (2-5)
B,56,49,14.45,Reduced Variability (2-5)
B,58,54,14.5,Reduced Variability (2-5)
B,61,56,14.36,Reduced Variability (2-5)
B,60,48,14.21,Reduced Variability (2-5)
B,59,45,13.96,Reduced Variability (2-5)
B,58,47,13.5,Reduced Variability (2-5)
B,59,55,14.26,Reduced Variability (2-5)
B,59,50,14.52,Reduced Variability (2-5)
B,59,48,12.96,Reduced Variability (2-5)
B,58,38,12.91,Reduced Variability (2-5)
B,61,47,13.48,Reduced Variability (2-5)
B,59,47,14.48,Reduced Variability (2-5)
B,58,49,14.14,Reduced Variability (2-5)
B,58,59,15.05,Reduced Variability (2-5)
B,59,55,13.35,Reduced Variability (2-5)
B,58,42,13.45,Reduced Variability (2-5)
B,56,55,13.5,Reduced Variability (2-5)
B,63,37,12.0,Reduced Variability (2-5)
B,63,37,12.04,Reduced Variability (2-5)
B,60,46,12.88,Reduced Variability (2-5)
B,56,51,13.65,Reduced Variability (2-5)
B,60,46,14.42,Reduced Variability (2-5)
B,60,37,12.67,Reduced Variability (2-5)
B,61,40,12.48,Reduced Variability (2-5)
B,59,47,14.26,Reduced Variability (2-5)
B,59,42,11.87,Reduced Variability (2-5)
B,60,48,13.25,Reduced Variability (2-5)
B,58,48,13.82,Reduced Variability (2-5)
B,58,45,13.5,Reduced Variability (2-5)
B,60,48,13.12,Reduced Variability (2-5)
B,56,48,14.05,Reduced Variability (2-5)
B,60,49,13.58,Reduced Variability (2-5)
B,61,44,13.92,Reduced Variability (2-5)
B,63,34,11.56,Reduced Variability (2-5)
B,63,42,12.85,Reduced Variability (2-5)
B,60,44,13.58,Reduced Variability (2-5)
B,62,39,12.15,Reduced Variability (2-5)
B,58,49,14.32,Reduced Variability (2-5)
B,60,41,12.83,Reduced Variability (2-5)
B,63,47,13.15,Reduced Variability (2-5)
B,56,50,12.45,Reduced Variability (2-5)
B,60,51,12.67,Reduced Variability (2-5)
B,61,48,12.32,Reduced Variability (2-5)
B,60,42,13.17,Reduced Variability (2-5)
B,60,50,14.17,Reduced Variability (2-5)
B,57,48,13.43,Reduced Variability (2-5)
B,61,54,14.0,Reduced Variability (2-5)
B,60,57,13.67,Reduced Variability (2-5)
B,60,43,12.88,Reduced Variability (2-5)
B,56,47,14.75,Reduced Variability (2-5)
B,60,36,12.79,Reduced Variability (2-5)
B,62,49,13.58,Reduced Variability (2-5)
B,60,42,12.79,Reduced Variability (2-5)
B,58,45,13.32,Reduced Variability (2-5)
B,61,42,13.88,Reduced Variability (2-5)
B,60,47,12.38,Reduced Variability (2-5)
B,59,43,13.52,Reduced Variability (2-5)
B,60,49,13.33,Reduced Variability (2-5)
B,58,43,13.86,Reduced Variability (2-5)
B,58,39,13.45,Reduced Variability (2-5)
B,59,51,13.83,Reduced Variability (2-5)
B,60,42,13.54,Reduced Variability (2-5)
B,58,55,14.55,Reduced Variability (2-5)
B,56,51,14.8,Reduced Variability (2-5)
B,62,41,12.69,Reduced Variability (2-5)
B,58,53,13.77,Reduced Variability (2-5)
B,63,48,13.7,Reduced Variability (2-5)
B,60,40,12.12,Reduced Variability (2-5)
B,62,48,13.23,Reduced Variability (2-5)
B,61,48,13.28,Reduced Variability (2-5)
B,59,42,13.39,Reduced Variability (2-5)
B,61,47,13.56,Reduced Variability (2-5)
B,56,43,13.85,Reduced Variability (2-5)
B,59,49,12.96,Reduced Variability (2-5)
B,56,46,13.85,Reduced Variability (2-5)
B,59,42,13.35,Reduced Variability (2-5)
B,59,42,13.0,Reduced Variability (2-5)
B,59,60,14.3,Reduced Variability (2-5)
B,63,40,12.85,Reduced Variability (2-5)
B,59,48,13.74,Reduced Variability (2-5)
B,58,48,13.41,Reduced Variability (2-5)
B,58,53,14.77,Reduced Variability (2-5)
B,60,40,12.79,Reduced Variability (2-5)
B,58,48,14.18,Reduced Variability (2-5)
B,58,44,13.0,Reduced Variability (2-5)
B,56,57,15.2,Reduced Variability (2-5)
B,62,45,13.35,Reduced Variability (2-5)
B,60,49,13.79,Reduced Variability (2-5)
B,61,48,13.8,Reduced Variability (2-5)
B,59,47,13.57,Reduced Variability (2-5)
B,60,45,13.17,Reduced Variability (2-5)
B,60,46,13.04,Reduced Variability (2-5)
B,60,45,13.54,Reduced Variability (2-5)
B,59,48,14.61,Reduced Variability (2-5)
B,60,49,13.75,Reduced Variability (2-5)
B,63,42,13.74,Reduced Variability (2-5)
B,58,48,13.82,Reduced Variability (2-5)
B,64,41,13.07,Reduced Variability (2-5)
B,63,50,13.19,Reduced Variability (2-5)
B,61,38,12.32,Reduced Variability (2-5)
B,59,46,13.52,Reduced Variability (2-5)
B,55,55,14.26,Reduced Variability (2-5)
B,58,46,13.59,Reduced Variability (2-5)
B,60,51,14.33,Reduced Variability (2-5)
B,59,55,13.52,Reduced Variability (2-5)
B,62,37,12.88,Reduced Variability (2-5)
B,58,57,14.05,Reduced Variability (2-5)
B,62,48,13.96,Reduced Variability (2-5)
B,61,46,13.64,Reduced Variability (2-5)
B,55,43,14.79,Reduced Variability (2-5)
B,59,47,13.22,Reduced Variability (2-5)
B,60,46,13.62,Reduced Variability (2-5)
B,58,54,14.55,Reduced Variability (2-5)
B,56,56,14.8,Reduced Variability (2-5)
B,62,40,12.92,Reduced Variability (2-5)
B,61,44,13.08,Reduced Variability (2-5)
B,59,43,13.0,Reduced Variability (2-5)
B,59,51,13.26,Reduced Variability (2-5)
B,57,54,14.48,Reduced Variability (2-5)
B,63,45,13.3,Reduced Variability (2-5)
B,60,47,13.08,Reduced Variability (2-5)
B,61,48,13.68,Reduced Variability (2-5)
B,64,49,12.96,Reduced Variability (2-5)
B,60,38,12.54,Reduced Variability (2-5)
B,60,45,14.25,Reduced Variability (2-5)
B,54,50,14.5,Reduced Variability (2-5)
B,59,45,13.96,Reduced Variability (2-5)
B,53,51,15.29,Reduced Variability (2-5)
B,64,44,12.36,Reduced Variability (2-5)
B,62,46,13.35,Reduced Variability (2-5)
B,61,50,13.8,Reduced Variability (2-5)
B,63,42,14.07,Reduced Variability (2-5)
B,59,35,13.22,Reduced Variability (2-5)
B,61,39,13.16,Reduced Variability (2-5)
B,56,52,14.0,Reduced Variability (2-5)
B,64,42,13.36,Reduced Variability (2-5)
B,58,45,14.55,Reduced Variability (2-5)
B,64,41,12.64,Reduced Variability (2-5)
B,62,42,13.0,Reduced Variability (2-5)
B,58,47,14.0,Reduced Variability (2-5)
B,60,40,14.17,Reduced Variability (2-5)
B,62,43,13.08,Reduced Variability (2-5)
B,57,52,12.57,Reduced Variability (2-5)
B,56,45,13.1,Reduced Variability (2-5)
B,59,42,12.3,Reduced Variability (2-5)
B,64,37,11.89,Reduced Variability (2-5)
B,55,44,14.37,Reduced Variability (2-5)
B,61,45,12.8,Reduced Variability (2-5)
B,58,53,13.77,Reduced Variability (2-5)
B,59,53,14.87,Reduced Variability (2-5)
B,63,35,11.78,Reduced Variability (2-5)
B,59,46,13.52,Reduced Variability (2-5)
B,60,40,12.88,Reduced Variability (2-5)
B,59,50,13.91,Reduced Variability (2-5)
B,55,49,14.68,Reduced Variability (2-5)
B,60,36,13.0,Reduced Variability (2-5)
B,54,61,14.78,Reduced Variability (2-5)
B,58,53,14.14,Reduced Variability (2-5)
B,55,57,14.26,Reduced Variability (2-5)
B,61,51,14.24,Reduced Variability (2-5)
B,60,49,13.71,Reduced Variability (2-5)
B,57,42,12.29,Reduced Variability (2-5)
B,60,44,13.17,Reduced Variability (2-5)
B,58,48,14.36,Reduced Variability (2-5)
B,61,52,13.72,Reduced Variability (2-5)
B,61,31,12.28,Reduced Variability (2-5)
B,63,39,13.15,Reduced Variability (2-5)
B,59,48,12.96,Reduced Variability (2-5)
B,64,49,13.21,Reduced Variability (2-5)
B,58,46,14.05,Reduced Variability (2-5)
B,62,39,12.92,Reduced Variability (2-5)
B,61,44,13.92,Reduced Variability (2-5)
B,59,48,13.65,Reduced Variability (2-5)
B,57,43,14.0,Reduced Variability (2-5)
B,52,49,14.94,Reduced Variability (2-5)
B,56,41,14.5,Reduced Variability (2-5)
B,58,48,14.14,Reduced Variability (2-5)
B,60,43,12.67,Reduced Variability (2-5)
B,60,39,12.67,Reduced Variability (2-5)
B,57,47,13.33,Reduced Variability (2-5)
B,61,49,12.68,Reduced Variability (2-5)
B,61,43,13.68,Reduced Variability (2-5)
B,59,43,13.57,Reduced Variability (2-5)
B,62,44,13.35,Reduced Variability (2-5)
B,55,53,14.16,Reduced Variability (2-5)
B,61,39,13.44,Reduced Variability (2-5)
B,60,48,12.71,Reduced Variability (2-5)
B,57,49,14.24,Reduced Variability (2-5)
B,63,39,14.63,Reduced Variability (2-5)
B,60,46,13.5,Reduced Variability (2-5)
B,62,44,12.62,Reduced Variability (2-5)
B,57,47,13.9,Reduced Variability (2-5)
B,60,48,13.62,Reduced Variability (2-5)
B,60,47,12.46,Reduced Variability (2-5)
B,61,50,13.48,Reduced Variability (2-5)
B,63,44,13.11,Reduced Variability (2-5)
B,63,43,12.93,Reduced Variability (2-5)
B,58,46,13.05,Reduced Variability (2-5)
B,63,33,12.89,Reduced Variability (2-5)
B,61,44,12.52,Reduced Variability (2-5)
B,59,52,14.57,Reduced Variability (2-5)
B,59,52,13.17,Reduced Variability (2-5)
B,60,55,14.12,Reduced Variability (2-5)
B,59,53,14.22,Reduced Variability (2-5)
B,54,51,15.67,Reduced Variability (2-5)
B,61,49,12.92,Reduced Variability (2-5)
B,59,49,14.09,Reduced Variability (2-5)
B,59,58,14.13,Reduced Variability (2-5)
B,60,46,13.38,Reduced Variability (2-5)
B,57,49,14.19,Reduced Variability (2-5)
B,64,49,14.25,Reduced Variability (2-5)
B,58,52,12.86,Reduced Variability (2-5)
B,58,53,14.05,Reduced Variability (2-5)
B,62,47,12.31,Reduced Variability (2-5)
B,55,48,15.37,Reduced Variability (2-5)
B,57,51,13.81,Reduced Variability (2-5)
B,59,43,14.09,Reduced Variability (2-5)
B,54,47,13.94,Reduced Variability (2-5)
B,62,34,11.65,Reduced Variability (2-5)
B,62,43,14.15,Reduced Variability (2-5)
B,61,37,12.36,Reduced Variability (2-5)
B,61,42,14.16,Reduced Variability (2-5)
B,58,52,13.09,Reduced Variability (2-5)
B,58,44,13.55,Reduced Variability (2-5)
B,62,54,13.38,Reduced Variability (2-5)
B,62,40,12.96,Reduced Variability (2-5)
B,61,50,14.76,Reduced Variability (2-5)
B,63,45,13.04,Reduced Variability (2-5)
B,60,43,13.92,Reduced Variability (2-5)
B,64,44,13.14,Reduced Variability (2-5)
B,59,55,13.39,Reduced Variability (2-5)
B,60,42,13.54,Reduced Variability (2-5)
B,62,57,14.54,Reduced Variability (2-5)
B,58,56,14.77,Reduced Variability (2-5)
B,57,48,14.67,Reduced Variability (2-5)
B,58,50,13.77,Reduced Variability (2-5)
B,63,53,13.96,Reduced Variability (2-5)
B,60,36,12.46,Reduced Variability (2-5)
B,62,49,13.85,Reduced Variability (2-5)
B,60,47,13.62,Reduced Variability (2-5)
B,56,53,13.7,Reduced Variability (2-5)
B,58,45,14.73,Reduced Variability (2-5)
B,54,54,14.06,Reduced Variability (2-5)
B,64,36,12.29,Reduced Variability (2-5)
B,60,44,12.96,Reduced Variability (2-5)
B,63,47,12.41,Reduced Variability (2-5)
B,61,41,12.83,Reduced Variability (2-5)
B,55,54,14.16,Reduced Variability (2-5)
B,63,46,13.26,Reduced Variability (2-5)
B,58,41,13.45,Reduced Variability (2-5)
B,59,36,12.22,Reduced Variability (2-5)
B,57,45,13.76,Reduced Variability (2-5)
B,63,45,12.85,Reduced Variability (2-5)
B,63,42,13.41,Reduced Variability (2-5)
B,59,53,14.83,Reduced Variability (2-5)
B,63,47,12.89,Reduced Variability (2-5)
B,64,47,13.86,Reduced Variability (2-5)
B,60,46,13.75,Reduced Variability (2-5)
B,62,46,13.35,Reduced Variability (2-5)
B,57,55,14.62,Reduced Variability (2-5)
B,62,41,13.54,Reduced Variability (2-5)
B,58,51,14.23,Reduced Variability (2-5)
B,59,63,13.78,Reduced Variability (2-5)
B,57,49,15.0,Reduced Variability (2-5)
B,62,44,12.81,Reduced Variability (2-5)
B,60,39,13.21,Reduced Variability (2-5)
B,58,53,14.05,Reduced Variability (2-5)
B,64,38,12.21,Reduced Variability (2-5)
B,58,40,14.45,Reduced Variability (2-5)
B,62,44,12.73,Reduced Variability (2-5)
B,60,44,12.79,Reduced Variability (2-5)
B,57,50,14.57,Reduced Variability (2-5)
B,61,42,14.0,Reduced Variability (2-5)
B,61,54,13.28,Reduced Variability (2-5)
B,60,42,13.04,Reduced Variability (2-5)
B,60,47,13.67,Reduced Variability (2-5)
B,62,52,13.08,Reduced Variability (2-5)
B,62,52,12.65,Reduced Variability (2-5)
B,58,51,14.45,Reduced Variability (2-5)
B,61,41,13.44,Reduced Variability (2-5)
B,62,42,12.73,Reduced Variability (2-5)
B,61,42,12.88,Reduced Variability (2-5)
B,58,48,13.77,Reduced Variability (2-5)
B,60,42,14.25,Reduced Variability (2-5)
B,58,52,14.91,Reduced Variability (2-5)
B,59,48,13.74,Reduced Variability (2-5)
B,59,54,13.39,Reduced Variability (2-5)
B,59,42,13.22,Reduced Variability (2-5)
B,59,39,13.48,Reduced Variability (2-5)
B,56,54,14.0,Reduced Variability (2-5)
B,59,50,13.22,Reduced Variability (2-5)
B,60,42,12.83,Reduced Variability (2-5)
B,62,41,12.69,Reduced Variability (2-5)
B,58,40,13.52,Reduced Variability (2-5)
B,64,37,12.29,Reduced Variability (2-5)
B,59,47,13.13,Reduced Variability (2-5)
B,58,41,13.77,Reduced Variability (2-5)
B,55,43,13.84,Reduced Variability (2-5)
B,59,49,12.17,Reduced Variability (2-5)
B,59,41,13.39,Reduced Variability (2-5)
B,54,59,15.89,Reduced Variability (2-5)
B,60,46,13.0,Reduced Variability (2-5)
B,59,49,13.57,Reduced Variability (2-5)
B,62,43,12.65,Reduced Variability (2-5)
B,59,38,12.0,Reduced Variability (2-5)
B,62,45,12.81,Reduced Variability (2-5)
B,60,51,13.67,Reduced Variability (2-5)
B,59,44,12.91,Reduced Variability (2-5)
B,64,50,13.46,Reduced Variability (2-5)
B,63,40,13.26,Reduced Variability (2-5)
B,60,44,13.12,Reduced Variability (2-5)
B,61,33,14.0,Reduced Variability (2-5)
B,57,46,13.1,Reduced Variability (2-5)
B,60,49,13.04,Reduced Variability (2-5)
B,55,52,14.89,Reduced Variability (2-5)
B,59,41,12.04,Reduced Variability (2-5)
B,58,50,14.45,Reduced Variability (2-5)
B,61,40,12.92,Reduced Variability (2-5)
B,59,49,12.7,Reduced Variability (2-5)
B,56,53,14.45,Reduced Variability (2-5)
B,58,49,14.05,Reduced Variability (2-5)
B,63,42,13.41,Reduced Variability (2-5)
B,59,42,13.17,Reduced Variability (2-5)
B,57,46,13.19,Reduced Variability (2-5)
B,60,36,12.38,Reduced Variability (2-5)
B,60,47,12.92,Reduced Variability (2-5)
B,60,46,13.42,Reduced Variability (2-5)
B,59,50,14.22,Reduced Variability (2-5)
B,58,50,13.41,Reduced Variability (2-5)
B,60,49,12.67,Reduced Variability (2-5)
B,59,43,13.48,Reduced Variability (2-5)
B,59,42,12.65,Reduced Variability (2-5)
B,57,47,13.19,Reduced Variability (2-5)
B,59,52,13.3,Reduced Variability (2-5)
B,59,46,13.83,Reduced Variability (2-5)
B,62,43,13.31,Reduced Variability (2-5)
B,55,44,14.63,Reduced Variability (2-5)
B,59,48,13.91,Reduced Variability (2-5)
B,58,47,14.05,Reduced Variability (2-5)
B,56,57,14.95,Reduced Variability (2-5)
B,62,48,13.5,Reduced Variability (2-5)
B,62,35,13.04,Reduced Variability (2-5)
B,61,46,13.76,Reduced Variability (2-5)
B,59,42,13.3,Reduced Variability (2-5)
B,59,44,12.7,Reduced Variability (2-5)
B,58,40,13.82,Reduced Variability (2-5)
B,56,60,14.4,Reduced Variability (2-5)
B,57,52,13.62,Reduced Variability (2-5)
B,60,49,13.08,Reduced Variability (2-5)
B,61,51,14.52,Reduced Variability (2-5)
B,64,44,12.39,Reduced Variability (2-5)
B,61,46,13.16,Reduced Variability (2-5)
B,58,50,13.55,Reduced Variability (2-5)
B,54,53,15.72,Reduced Variability (2-5)
B,57,47,14.1,Reduced Variability (2-5)
B,57,48,14.81,Reduced Variability (2-5)
B,61,47,13.68,Reduced Variability (2-5)
B,58,47,14.0,Reduced Variability (2-5)
B,63,44,13.37,Reduced Variability (2-5)
B,58,46,13.59,Reduced Variability (2-5)
B,59,47,13.74,Reduced Variability (2-5)
B,60,48,13.62,Reduced Variability (2-5)
B,59,47,14.04,Reduced Variability (2-5)
B,58,51,13.36,Reduced Variability (2-5)
B,61,42,13.56,Reduced Variability (2-5)
B,60,50,13.04,Reduced Variability (2-5)
B,65,45,12.03,Reduced Variability (2-5)
B,58,59,13.64,Reduced Variability (2-5)
B,57,48,14.71,Reduced Variability (2-5)
B,61,49,13.4,Reduced Variability (2-5)
B,61,41,13.84,Reduced Variability (2-5)
B,63,46,12.74,Reduced Variability (2-5)
B,59,42,13.91,Reduced Variability (2-5)
B,60,45,13.04,Reduced Variability (2-5)
B,59,50,14.78,Reduced Variability (2-5)
B,58,57,14.0,Reduced Variability (2-5)
B,57,45,14.57,Reduced Variability (2-5)
B,56,49,14.3,Reduced Variability (2-5)
B,57,52,14.1,Reduced Variability (2-5)
B,57,56,14.14,Reduced Variability (2-5)
B,58,44,13.45,Reduced Variability (2-5)
B,56,44,12.85,Reduced Variability (2-5)
B,57,53,13.38,Reduced Variability (2-5)
B,62,36,13.31,Reduced Variability (2-5)
B,61,52,13.48,Reduced Variability (2-5)
B,61,49,12.84,Reduced Variability (2-5)
B,57,49,14.29,Reduced Variability (2-5)
B,60,50,14.83,Reduced Variability (2-5)
B,61,48,14.72,Reduced Variability (2-5)
B,61,42,12.76,Reduced Variability (2-5)
B,60,47,13.25,Reduced Variability (2-5)
B,59,49,13.22,Reduced Variability (2-5)
B,60,51,13.58,Reduced Variability (2-5)
B,59,46,13.35,Reduced Variability (2-5)
B,59,45,13.35,Reduced Variability (2-5)
B,59,50,14.65,Reduced Variability (2-5)
B,58,46,14.32,Reduced Variability (2-5)
B,60,46,13.54,Reduced Variability (2-5)
B,52,53,15.75,Reduced Variability (2-5)
B,57,57,13.81,Reduced Variability (2-5)
B,60,49,13.33,Reduced Variability (2-5)
B,58,42,13.45,Reduced Variability (2-5)
B,59,56,14.83,Reduced Variability (2-5)
B,60,54,13.96,Reduced Variability (2-5)
B,59,54,14.78,Reduced Variability (2-5)
B,62,37,13.27,Reduced Variability (2-5)
B,56,43,12.95,Reduced Variability (2-5)
B,59,41,13.43,Reduced Variability (2-5)
B,61,42,12.64,Reduced Variability (2-5)
B,60,51,14.33,Reduced Variability (2-5)
B,59,47,13.0,Reduced Variability (2-5)
B,64,42,12.64,Reduced Variability (2-5)
B,62,43,13.42,Reduced Variability (2-5)
B,58,45,13.45,Reduced Variability (2-5)
B,58,49,14.14,Reduced Variability (2-5)
B,62,39,12.31,Reduced Variability (2-5)
B,62,47,13.73,Reduced Variability (2-5)
B,57,50,14.62,Reduced Variability (2-5)
B,53,54,15.24,Reduced Variability (2-5)
B,57,49,13.71,Reduced Variability (2-5)
B,59,42,13.09,Reduced Variability (2-5)
B,61,38,13.04,Reduced Variability (2-5)
B,63,45,12.48,Reduced Variability (2-5)
B,62,47,12.69,Reduced Variability (2-5)
B,56,45,13.75,Reduced Variability (2-5)
B,61,38,13.2,Reduced Variability (2-5)
B,60,42,12.88,Reduced Variability (2-5)
B,58,50,14.91,Reduced Variability (2-5)
B,60,47,13.46,Reduced Variability (2-5)
B,60,36,13.04,Reduced Variability (2-5)
B,58,52,13.41,Reduced Variability (2-5)
B,59,50,14.61,Reduced Variability (2-5)
B,55,56,13.95,Reduced Variability (2-5)
B,62,40,11.77,Reduced Variability (2-5)
B,60,43,12.88,Reduced Variability (2-5)
B,57,44,13.76,Reduced Variability (2-5)
B,56,58,15.05,Reduced Variability (2-5)
B,57,43,13.14,Reduced Variability (2-5)
B,56,46,13.4,Reduced Variability (2-5)
B,61,48,13.2,Reduced Variability (2-5)
B,59,51,14.09,Reduced Variability (2-5)
B,59,43,12.48,Reduced Variability (2-5)
B,62,43,13.23,Reduced Variability (2-5)
B,59,50,13.61,Reduced Variability (2-5)
B,62,36,13.23,Reduced Variability (2-5)
B,58,45,14.73,Reduced Variability (2-5)
B,58,53,14.5,Reduced Variability (2-5)
B,60,41,13.29,Reduced Variability (2-5)
B,53,53,15.29,Reduced Variability (2-5)
B,63,40,12.41,Reduced Variability (2-5)
B,59,44,13.43,Reduced Variability (2-5)
B,61,41,13.28,Reduced Variability (2-5)
B,60,45,13.92,Reduced Variability (2-5)
B,60,50,14.12,Reduced Variability (2-5)
B,60,47,13.79,Reduced Variability (2-5)
B,59,46,13.09,Reduced Variability (2-5)
B,59,49,13.04,Reduced Variability (2-5)
B,60,50,14.42,Reduced Variability (2-5)
B,59,54,13.96,Reduced Variability (2-5)
B,60,62,13.12,Reduced Variability (2-5)
B,61,38,12.96,Reduced Variability (2-5)
B,61,55,13.24,Reduced Variability (2-5)
B,60,45,14.0,Reduced Variability (2-5)
B,60,45,13.71,Reduced Variability (2-5)
B,57,49,13.52,Reduced Variability (2-5)
B,59,44,13.61,Reduced Variability (2-5)
B,61,58,13.84,Reduced Variability (2-5)
B,64,39,13.0,Reduced Variability (2-5)
B,62,51,13.65,Reduced Variability (2-5)
B,60,59,14.29,Reduced Variability (2-5)
B,61,34,14.12,Reduced Variability (2-5)
B,57,46,13.33,Reduced Variability (2-5)
B,58,49,13.68,Reduced Variability (2-5)
B,60,46,13.12,Reduced Variability (2-5)
B,64,40,13.39,Reduced Variability (2-5)
B,60,51,13.71,Reduced Variability (2-5)
B,56,53,14.4,Reduced Variability (2-5)
B,59,52,14.13,Reduced Variability (2-5)
B,57,49,13.9,Reduced Variability (2-5)
B,59,48,13.22,Reduced Variability (2-5)
B,64,36,12.71,Reduced Variability (2-5)
B,62,45,13.2,Reduced Variability (2-5)
B,60,52,14.29,Reduced Variability (2-5)
B,61,42,13.32,Reduced Variability (2-5)
B,60,48,13.79,Reduced Variability (2-5)
B,59,43,14.57,Reduced Variability (2-5)
B,60,43,13.29,Reduced Variability (2-5)
B,60,51,14.12,Reduced Variability (2-5)
B,58,40,13.91,Reduced Variability (2-5)
B,59,49,13.78,Reduced Variability (2-5)
B,61,42,13.4,Reduced Variability (2-5)
B,58,49,13.55,Reduced Variability (2-5)
B,65,40,12.1,Reduced Variability (2-5)
B,57,50,14.76,Reduced Variability (2-5)
B,60,49,13.29,Reduced Variability (2-5)
B,62,42,13.62,Reduced Variability (2-5)
B,58,47,13.68,Reduced Variability (2-5)
B,60,45,13.46,Reduced Variability (2-5)
B,55,43,15.21,Reduced Variability (2-5)
B,62,43,12.38,Reduced Variability (2-5)
B,60,41,13.42,Reduced Variability (2-5)
B,57,54,13.86,Reduced Variability (2-5)
B,61,45,13.28,Reduced Variability (2-5)
B,60,41,13.75,Reduced Variability (2-5)
B,61,50,14.6,Reduced Variability (2-5)
B,55,46,14.58,Reduced Variability (2-5)
B,61,42,12.76,Reduced Variability (2-5)
B,63,49,13.04,Reduced Variability (2-5)
B,55,48,14.11,Reduced Variability (2-5)
B,60,47,13.12,Reduced Variability (2-5)
B,57,46,14.1,Reduced Variability (2-5)
B,59,52,13.87,Reduced Variability (2-5)
B,58,49,14.27,Reduced Variability (2-5)
B,59,51,13.7,Reduced Variability (2-5)
B,56,58,14.35,Reduced Variability (2-5)
B,62,43,13.46,Reduced Variability (2-5)
B,58,47,12.86,Reduced Variability (2-5)
B,58,36,13.36,Reduced Variability (2-5)
B,61,47,13.8,Reduced Variability (2-5)
B,60,41,12.33,Reduced Variability (2-5)
B,63,37,12.04,Reduced Variability (2-5)
B,59,53,15.13,Reduced Variability (2-5)
B,62,34,11.96,Reduced Variability (2-5)
B,63,50,13.19,Reduced Variability (2-5)
B,63,47,12.63,Reduced Variability (2-5)
B,59,53,13.91,Reduced Variability (2-5)
B,58,49,14.23,Reduced Variability (2-5)
B,62,43,13.42,Reduced Variability (2-5)
B,62,52,13.73,Reduced Variability (2-5)
B,62,46,12.77,Reduced Variability (2-5)
B,58,50,13.82,Reduced Variability (2-5)
B,61,42,13.16,Reduced Variability (2-5)
B,61,48,12.92,Reduced Variability (2-5)
B,57,45,14.38,Reduced Variability (2-5)
B,57,56,14.33,Reduced Variability (2-5)
B,62,44,13.65,Reduced Variability (2-5)
B,59,49,13.77,Reduced Variability (2-5)
B,62,38,13.46,Reduced Variability (2-5)
B,55,42,13.42,Reduced Variability (2-5)
B,61,43,14.12,Reduced Variability (2-5)
B,56,49,13.95,Reduced Variability (2-5)
B,62,45,13.15,Reduced Variability (2-5)
B,59,63,14.96,Reduced Variability (2-5)
B,60,46,13.5,Reduced Variability (2-5)
B,59,48,13.57,Reduced Variability (2-5)
B,53,57,14.76,Reduced Variability (2-5)
B,62,48,13.23,Reduced Variability (2-5)
B,59,45,12.35,Reduced Variability (2-5)
B,58,48,14.68,Reduced Variability (2-5)
B,64,46,13.18,Reduced Variability (2-5)
B,58,46,13.64,Reduced Variability (2-5)
B,62,41,12.73,Reduced Variability (2-5)
B,60,41,13.33,Reduced Variability (2-5)
B,63,39,13.15,Reduced Variability (2-5)
B,62,45,14.19,Reduced Variability (2-5)
B,62,46,12.69,Reduced Variability (2-5)
B,63,46,12.74,Reduced Variability (2-5)
B,58,44,13.41,Reduced Variability (2-5)
B,61,42,12.72,Reduced Variability (2-5)
B,60,44,12.92,Reduced Variability (2-5)
B,55,54,15.0,Reduced Variability (2-5)
B,58,47,14.18,Reduced Variability (2-5)
B,59,46,13.39,Reduced Variability (2-5)
B,54,55,14.17,Reduced Variability (2-5)
B,58,47,12.86,Reduced Variability (2-5)
B,63,36,12.41,Reduced Variability (2-5)
B,55,54,14.32,Reduced Variability (2-5)
B,59,43,13.35,Reduced Variability (2-5)
B,61,53,13.2,Reduced Variability (2-5)
B,59,49,12.87,Reduced Variability (2-5)
B,57,55,15.1,Reduced Variability (2-5)
B,64,40,12.5,Reduced Variability (2-5)
B,59,45,12.43,Reduced Variability (2-5)
B,57,47,13.24,Reduced Variability (2-5)
B,59,44,12.83,Reduced Variability (2-5)
B,59,46,13.17,Reduced Variability (2-5)
B,60,54,12.88,Reduced Variability (2-5)
B,61,54,13.8,Reduced Variability (2-5)
B,58,41,13.27,Reduced Variability (2-5)
B,59,42,12.35,Reduced Variability (2-5)
B,63,50,12.67,Reduced Variability (2-5)
B,59,48,13.83,Reduced Variability (2-5)
B,59,48,13.57,Reduced Variability (2-5)
B,61,46,13.8,Reduced Variability (2-5)
B,64,46,13.39,Reduced Variability (2-5)
B,60,47,13.96,Reduced Variability (2-5)
B,60,57,13.67,Reduced Variability (2-5)
B,59,44,14.3,Reduced Variability (2-5)
B,56,58,14.9,Reduced Variability (2-5)
B,55,42,14.68,Reduced Variability (2-5)
B,54,56,14.17,Reduced Variability (2-5)
B,59,38,13.35,Reduced Variability (2-5)
B,58,55,14.18,Reduced Variability (2-5)
B,59,58,13.43,Reduced Variability (2-5)
B,60,37,13.42,Reduced Variability (2-5)
B,62,49,12.31,Reduced Variability (2-5)
B,59,49,13.61,Reduced Variability (2-5)
B,61,41,14.0,Reduced Variability (2-5)
B,61,42,13.92,Reduced Variability (2-5)
B,58,45,14.18,Reduced Variability (2-5)
B,60,43,13.25,Reduced Variability (2-5)
B,60,49,14.04,Reduced Variability (2-5)
B,65,45,12.79,Reduced Variability (2-5)
B,61,32,13.76,Reduced Variability (2-5)
B,61,48,14.08,Reduced Variability (2-5)
B,58,45,13.55,Reduced Variability (2-5)
B,58,37,14.0,Reduced Variability (2-5)
B,59,44,12.74,Reduced Variability (2-5)
B,62,35,12.27,Reduced Variability (2-5)
B,63,34,12.33,Reduced Variability (2-5)
B,64,42,13.32,Reduced Variability (2-5)
B,62,50,12.23,Reduced Variability (2-5)
B,58,49,12.0,Reduced Variability (2-5)
B,63,43,14.11,Reduced Variability (2-5)
B,59,45,13.57,Reduced Variability (2-5)
B,63,45,12.59,Reduced Variability (2-5)
B,62,47,14.04,Reduced Variability (2-5)
B,61,48,13.72,Reduced Variability (2-5)
B,62,51,14.12,Reduced Variability (2-5)
B,56,49,14.1,Reduced Variability (2-5)
B,56,49,13.4,Reduced Variability (2-5)
B,58,49,13.05,Reduced Variability (2-5)
B,66,38,12.93,Reduced Variability (2-5)
B,59,45,13.57,Reduced Variability (2-5)
B,59,52,13.87,Reduced Variability (2-5)
B,65,36,11.69,Reduced Variability (2-5)
B,58,46,14.05,Reduced Variability (2-5)
B,61,43,13.32,Reduced Variability (2-5)
B,64,41,12.79,Reduced Variability (2-5)
B,57,51,14.05,Reduced Variability (2-5)
B,62,40,13.58,Reduced Variability (2-5)
B,61,42,13.36,Reduced Variability (2-5)
B,59,38,14.57,Reduced Variability (2-5)
B,58,53,14.23,Reduced Variability (2-5)
B,59,40,13.57,Reduced Variability (2-5)
B,60,40,13.79,Reduced Variability (2-5)
B,61,38,13.6,Reduced Variability (2-5)
B,58,49,13.64,Reduced Variability (2-5)
B,60,46,13.75,Reduced Variability (2-5)
B,59,54,14.43,Reduced Variability (2-5)
B,64,50,12.29,Reduced Variability (2-5)
B,59,46,13.78,Reduced Variability (2-5)
B,61,45,12.4,Reduced Variability (2-5)
B,58,45,13.68,Reduced Variability (2-5)
B,58,44,13.91,Reduced Variability (2-5)
B,57,52,13.76,Reduced Variability (2-5)
B,60,43,12.92,Reduced Variability (2-5)
B,62,38,14.5,Reduced Variability (2-5)
B,57,48,13.75,Reduced Variability (2-5)
B,61,48,12.92,Reduced Variability (2-5)
B,60,46,13.92,Reduced Variability (2-5)
B,59,54,13.57,Reduced Variability (2-5)
B,57,52,14.62,Reduced Variability (2-5)
B,59,52,14.61,Reduced Variability (2-5)
B,59,51,13.17,Reduced Variability (2-5)
B,58,54,13.73,Reduced Variability (2-5)
B,61,51,14.8,Reduced Variability (2-5)
B,59,44,14.39,Reduced Variability (2-5)
B,58,44,13.64,Reduced Variability (2-5)
B,59,48,14.39,Reduced Variability (2-5)
B,57,54,15.05,Reduced Variability (2-5)
B,59,45,14.13,Reduced Variability (2-5)
B,58,42,13.18,Reduced Variability (2-5)
B,62,36,12.31,Reduced Variability (2-5)
B,62,48,13.65,Reduced Variability (2-5)
B,62,36,13.12,Reduced Variability (2-5)
B,61,46,14.12,Reduced Variability (2-5)
B,62,52,13.54,Reduced Variability (2-5)
B,62,49,12.88,Reduced Variability (2-5)
B,60,51,13.92,Reduced Variability (2-5)
B,59,54,13.83,Reduced Variability (2-5)
B,61,53,13.68,Reduced Variability (2-5)
B,64,44,13.39,Reduced Variability (2-5)
B,58,42,12.5,Reduced Variability (2-5)
B,57,48,14.05,Reduced Variability (2-5)
B,61,49,13.32,Reduced Variability (2-5)
B,58,37,12.55,Reduced Variability (2-5)
B,58,52,13.73,Reduced Variability (2-5)
B,57,47,13.57,Reduced Variability (2-5)
B,60,48,12.71,Reduced Variability (2-5)
B,59,47,13.57,Reduced Variability (2-5)
B,61,43,13.24,Reduced Variability (2-5)
B,60,39,13.54,Reduced Variability (2-5)
B,60,44,13.0,Reduced Variability (2-5)
B,64,39,11.89,Reduced Variability (2-5)
B,63,40,13.44,Reduced Variability (2-5)
B,59,47,13.91,Reduced Variability (2-5)
B,56,55,14.55,Reduced Variability (2-5)
B,58,45,13.5,Reduced Variability (2-5)
B,60,46,14.21,Reduced Variability (2-5)
B,57,42,14.33,Reduced Variability (2-5)
B,62,53,12.31,Reduced Variability (2-5)
B,58,49,13.82,Reduced Variability (2-5)
B,61,42,13.16,Reduced Variability (2-5)
B,59,45,13.43,Reduced Variability (2-5)
B,59,51,14.48,Reduced Variability (2-5)
B,56,51,15.45,Reduced Variability (2-5)
B,60,42,13.42,Reduced Variability (2-5)
B,62,43,13.19,Reduced Variability (2-5)
B,62,45,13.42,Reduced Variability (2-5)
B,62,42,12.54,Reduced Variability (2-5)
B,61,51,13.16,Reduced Variability (2-5)
B,63,40,12.59,Reduced Variability (2-5)
B,62,45,12.92,Reduced Variability (2-5)
B,54,45,14.39,Reduced Variability (2-5)
B,64,46,13.0,Reduced Variability (2-5)
B,60,41,13.54,Reduced Variability (2-5)
B,60,32,13.0,Reduced Variability (2-5)
B,58,46,13.0,Reduced Variability (2-5)
B,57,46,13.9,Reduced Variability (2-5)
B,58,53,13.05,Reduced Variability (2-5)
B,58,38,13.27,Reduced Variability (2-5)
B,61,44,12.08,Reduced Variability (2-5)
B,57,54,14.1,Reduced Variability (2-5)
B,60,42,12.67,Reduced Variability (2-5)
B,62,43,13.54,Reduced Variability (2-5)
B,62,47,12.85,Reduced Variability (2-5)
B,61,43,12.48,Reduced Variability (2-5)
B,61,49,13.24,Reduced Variability (2-5)
B,60,52,14.0,Reduced Variability (2-5)
B,59,43,13.87,Reduced Variability (2-5)
B,62,46,12.46,Reduced Variability (2-5)
B,63,36,11.3,Reduced Variability (2-5)
B,60,39,12.88,Reduced Variability (2-5)
B,62,45,12.54,Reduced Variability (2-5)
B,58,53,14.0,Reduced Variability (2-5)
B,59,50,14.39,Reduced Variability (2-5)
B,62,48,12.46,Reduced Variability (2-5)
B,59,38,12.09,Reduced Variability (2-5)
B,56,54,14.75,Reduced Variability (2-5)
B,64,42,12.79,Reduced Variability (2-5)
B,57,53,14.67,Reduced Variability (2-5)
B,59,48,13.48,Reduced Variability (2-5)
B,59,39,12.83,Reduced Variability (2-5)
B,63,40,12.93,Reduced Variability (2-5)
B,59,50,14.74,Reduced Variability (2-5)
B,63,44,13.33,Reduced Variability (2-5)
B,61,54,12.92,Reduced Variability (2-5)
B,59,45,13.91,Reduced Variability (2-5)
B,64,36,11.5,Reduced Variability (2-5)
B,62,49,13.31,Reduced Variability (2-5)
B,57,50,13.62,Reduced Variability (2-5)
B,60,49,13.5,Reduced Variability (2-5)
B,59,47,14.91,Reduced Variability (2-5)
B,61,37,12.2,Reduced Variability (2-5)
B,58,46,14.23,Reduced Variability (2-5)
B,58,43,13.36,Reduced Variability (2-5)
B,64,43,13.29,Reduced Variability (2-5)
B,61,52,12.52,Reduced Variability (2-5)
B,64,49,13.75,Reduced Variability (2-5)
B,58,46,13.68,Reduced Variability (2-5)
B,60,42,13.25,Reduced Variability (2-5)
B,62,38,12.31,Reduced Variability (2-5)
B,58,48,13.09,Reduced Variability (2-5)
B,58,45,14.41,Reduced Variability (2-5)
B,62,40,11.73,Reduced Variability (2-5)
B,62,41,13.08,Reduced Variability (2-5)
B,63,40,12.81,Reduced Variability (2-5)
B,61,45,13.16,Reduced Variability (2-5)
B,53,52,15.06,Reduced Variability (2-5)
B,64,41,13.04,Reduced Variability (2-5)
B,60,49,12.92,Reduced Variability (2-5)
B,55,53,14.11,Reduced Variability (2-5)
B,60,49,13.88,Reduced Variability (2-5)
B,62,41,13.5,Reduced Variability (2-5)
B,59,46,13.96,Reduced Variability (2-5)
B,64,44,12.57,Reduced Variability (2-5)
B,61,42,12.6,Reduced Variability (2-5)
B,60,45,14.08,Reduced Variability (2-5)
B,59,47,13.13,Reduced Variability (2-5)
B,60,49,13.0,Reduced Variability (2-5)
B,62,42,13.58,Reduced Variability (2-5)
B,57,49,13.86,Reduced Variability (2-5)
B,58,47,14.27,Reduced Variability (2-5)
B,55,42,14.79,Reduced Variability (2-5)
B,60,47,13.67,Reduced Variability (2-5)
B,57,47,14.52,Reduced Variability (2-5)
B,50,56,16.07,Reduced Variability (2-5)
B,62,36,12.35,Reduced Variability (2-5)
B,57,41,13.52,Reduced Variability (2-5)
B,60,48,14.08,Reduced Variability (2-5)
B,63,49,13.22,Reduced Variability (2-5)
B,65,41,12.55,Reduced Variability (2-5)
B,56,45,13.8,Reduced Variability (2-5)
B,62,40,12.65,Reduced Variability (2-5)
B,61,53,14.52,Reduced Variability (2-5)
B,61,35,12.0,Reduced Variability (2-5)
B,60,42,14.58,Reduced Variability (2-5)
B,61,43,12.72,Reduced Variability (2-5)
B,60,42,13.75,Reduced Variability (2-5)
B,60,42,13.25,Reduced Variability (2-5)
B,60,47,13.46,Reduced Variability (2-5)
B,59,55,14.3,Reduced Variability (2-5)
B,60,47,13.25,Reduced Variability (2-5)
B,61,48,13.36,Reduced Variability (2-5)
B,60,47,13.21,Reduced Variability (2-5)
B,61,40,14.68,Reduced Variability (2-5)
B,60,45,12.96,Reduced Variability (2-5)
B,60,42,13.42,Reduced Variability (2-5)
B,62,40,13.31,Reduced Variability (2-5)
B,57,45,14.05,Reduced Variability (2-5)
B,57,54,14.0,Reduced Variability (2-5)
B,63,41,13.41,Reduced Variability (2-5)
B,62,45,13.08,Reduced Variability (2-5)
B,61,41,13.04,Reduced Variability (2-5)
B,63,42,12.67,Reduced Variability (2-5)
B,60,43,13.42,Reduced Variability (2-5)
B,61,45,13.68,Reduced Variability (2-5)
B,60,47,13.08,Reduced Variability (2-5)
B,58,48,13.05,Reduced Variability (2-5)
B,60,45,13.25,Reduced Variability (2-5)
B,62,43,13.54,Reduced Variability (2-5)
B,59,50,13.3,Reduced Variability (2-5)
B,56,43,13.45,Reduced Variability (2-5)
B,56,54,13.9,Reduced Variability (2-5)
B,60,47,13.92,Reduced Variability (2-5)
B,58,43,13.27,Reduced Variability (2-5)
B,59,56,14.0,Reduced Variability (2-5)
B,61,49,13.48,Reduced Variability (2-5)
B,60,50,13.12,Reduced Variability (2-5)
B,60,55,13.75,Reduced Variability (2-5)
B,59,38,12.43,Reduced Variability (2-5)
B,58,44,13.59,Reduced Variability (2-5)
B,62,47,13.24,Reduced Variability (2-5)
B,62,48,13.38,Reduced Variability (2-5)
B,58,47,13.59,Reduced Variability (2-5)
B,60,47,13.29,Reduced Variability (2-5)
B,60,47,13.5,Reduced Variability (2-5)
B,59,45,13.35,Reduced Variability (2-5)
B,59,51,13.87,Reduced Variability (2-5)
B,60,55,14.46,Reduced Variability (2-5)
B,59,56,12.87,Reduced Variability (2-5)
B,59,45,12.96,Reduced Variability (2-5)
B,59,48,12.65,Reduced Variability (2-5)
B,59,48,14.43,Reduced Variability (2-5)
B,58,50,14.82,Reduced Variability (2-5)
B,60,52,13.96,Reduced Variability (2-5)
B,56,49,14.3,Reduced Variability (2-5)
B,59,57,13.7,Reduced Variability (2-5)
B,55,45,15.16,Reduced Variability (2-5)
B,61,41,13.44,Reduced Variability (2-5)
B,59,42,13.61,Reduced Variability (2-5)
B,58,50,14.27,Reduced Variability (2-5)
B,58,46,14.0,Reduced Variability (2-5)
B,60,43,12.67,Reduced Variability (2-5)
B,58,46,13.32,Reduced Variability (2-5)
B,60,46,13.42,Reduced Variability (2-5)
B,58,51,13.73,Reduced Variability (2-5)
B,59,49,14.3,Reduced Variability (2-5)
B,60,44,13.38,Reduced Variability (2-5)
B,58,47,12.91,Reduced Variability (2-5)
B,63,37,12.3,Reduced Variability (2-5)
B,57,46,13.38,Reduced Variability (2-5)
B,57,52,13.71,Reduced Variability (2-5)
B,60,58,14.0,Reduced Variability (2-5)
B,57,47,14.0,Reduced Variability (2-5)
B,60,46,14.25,Reduced Variability (2-5)
B,62,35,12.04,Reduced Variability (2-5)
B,57,42,13.38,Reduced Variability (2-5)
B,61,48,13.76,Reduced Variability (2-5)
B,60,43,13.75,Reduced Variability (2-5)
B,61,47,14.04,Reduced Variability (2-5)
B,59,50,14.13,Reduced Variability (2-5)
B,62,47,12.58,Reduced Variability (2-5)
B,58,43,14.14,Reduced Variability (2-5)
B,61,46,14.12,Reduced Variability (2-5)
B,57,49,14.71,Reduced Variability (2-5)
B,57,50,14.62,Reduced Variability (2-5)
B,59,44,15.13,Reduced Variability (2-5)
B,62,41,13.27,Reduced Variability (2-5)
B,60,48,13.88,Reduced Variability (2-5)
B,60,48,14.29,Reduced Variability (2-5)
B,60,40,13.17,Reduced Variability (2-5)
B,64,45,12.39,Reduced Variability (2-5)
B,60,54,13.33,Reduced Variability (2-5)
B,57,42,14.05,Reduced Variability (2-5)
B,61,49,14.16,Reduced Variability (2-5)
B,62,46,13.15,Reduced Variability (2-5)
B,57,50,13.9,Reduced Variability (2-5)
B,57,55,14.48,Reduced Variability (2-5)
B,62,51,13.96,Reduced Variability (2-5)
B,60,43,13.12,Reduced Variability (2-5)
B,64,43,11.61,Reduced Variability (2-5)
B,63,43,13.37,Reduced Variability (2-5)
B,60,55,14.04,Reduced Variability (2-5)
B,62,55,13.0,Reduced Variability (2-5)
B,64,45,12.68,Reduced Variability (2-5)
B,57,46,15.05,Reduced Variability (2-5)
B,56,45,14.25,Reduced Variability (2-5)
B,59,45,13.43,Reduced Variability (2-5)
B,58,47,13.55,Reduced Variability (2-5)
B,64,39,13.07,Reduced Variability (2-5)
B,58,53,13.91,Reduced Variability (2-5)
B,60,49,12.96,Reduced Variability (2-5)
B,63,49,13.15,Reduced Variability (2-5)
B,58,46,14.27,Reduced Variability (2-5)
B,53,42,15.0,Reduced Variability (2-5)
B,57,44,14.81,Reduced Variability (2-5)
B,58,58,14.5,Reduced Variability (2-5)
B,59,45,14.87,Reduced Variability (2-5)
B,59,38,13.52,Reduced Variability (2-5)
B,59,52,14.13,Reduced Variability (2-5)
B,60,51,12.92,Reduced Variability (2-5)
B,60,57,13.88,Reduced Variability (2-5)
B,60,39,12.92,Reduced Variability (2-5)
B,56,50,13.75,Reduced Variability (2-5)
B,62,44,13.46,Reduced Variability (2-5)
B,63,46,13.07,Reduced Variability (2-5)
B,62,45,13.15,Reduced Variability (2-5)
B,64,34,12.18,Reduced Variability (2-5)
B,60,44,13.08,Reduced Variability (2-5)
B,60,49,13.71,Reduced Variability (2-5)
B,61,33,12.08,Reduced Variability (2-5)
B,61,46,13.04,Reduced Variability (2-5)
B,58,43,13.32,Reduced Variability (2-5)
B,59,41,12.96,Reduced Variability (2-5)
B,55,52,15.26,Reduced Variability (2-5)
B,60,50,13.71,Reduced Variability (2-5)
B,56,54,15.05,Reduced Variability (2-5)
B,62,56,13.58,Reduced Variability (2-5)
B,59,44,13.3,Reduced Variability (2-5)
B,54,45,15.61,Reduced Variability (2-5)
B,61,46,13.12,Reduced Variability (2-5)
B,57,48,14.81,Reduced Variability (2-5)
B,60,52,13.79,Reduced Variability (2-5)
B,60,50,13.88,Reduced Variability (2-5)
B,60,46,12.79,Reduced Variability (2-5)
B,56,55,13.35,Reduced Variability (2-5)
B,60,37,13.29,Reduced Variability (2-5)
B,61,43,13.04,Reduced Variability (2-5)
B,59,47,13.57,Reduced Variability (2-5)
B,60,45,13.12,Reduced Variability (2-5)
B,62,42,13.5,Reduced Variability (2-5)
B,62,41,12.38,Reduced Variability (2-5)
B,60,50,14.58,Reduced Variability (2-5)
B,59,47,13.39,Reduced Variability (2-5)
B,57,46,13.24,Reduced Variability (2-5)
B,59,41,14.22,Reduced Variability (2-5)
B,61,47,13.52,Reduced Variability (2-5)
B,57,55,14.24,Reduced Variability (2-5)
B,55,44,15.05,Reduced Variability (2-5)
B,57,54,13.86,Reduced Variability (2-5)
B,53,47,14.29,Reduced Variability (2-5)
B,58,55,13.73,Reduced Variability (2-5)
B,60,43,13.25,Reduced Variability (2-5)
B,59,48,13.52,Reduced Variability (2-5)
B,55,44,13.0,Reduced Variability (2-5)
B,59,52,14.48,Reduced Variability (2-5)
B,57,43,12.95,Reduced Variability (2-5)
B,60,53,13.5,Reduced Variability (2-5)
B,61,48,13.88,Reduced Variability (2-5)
B,58,52,15.36,Reduced Variability (2-5)
B,57,36,13.19,Reduced Variability (2-5)
B,61,44,13.16,Reduced Variability (2-5)
B,60,50,13.29,Reduced Variability (2-5)
B,61,45,12.76,Reduced Variability (2-5)
B,65,44,13.07,Reduced Variability (2-5)
B,56,51,14.15,Reduced Variability (2-5)
B,60,48,13.71,Reduced Variability (2-5)
B,63,42,12.81,Reduced Variability (2-5)
B,61,36,13.32,Reduced Variability (2-5)
B,60,46,13.42,Reduced Variability (2-5)
B,63,46,12.93,Reduced Variability (2-5)
B,62,43,12.46,Reduced Variability (2-5)
B,62,43,12.92,Reduced Variability (2-5)
B,61,50,13.28,Reduced Variability (2-5)
B,63,50,13.26,Reduced Variability (2-5)
B,59,51,14.0,Reduced Variability (2-5)
B,58,50,14.09,Reduced Variability (2-5)
B,59,48,14.26,Reduced Variability (2-5)
B,62,49,12.85,Reduced Variability (2-5)
B,62,43,14.04,Reduced Variability (2-5)
B,59,45,13.3,Reduced Variability (2-5)
B,60,47,13.83,Reduced Variability (2-5)
B,57,41,12.86,Reduced Variability (2-5)
B,60,38,13.67,Reduced Variability (2-5)
B,60,41,13.04,Reduced Variability (2-5)
B,57,54,13.57,Reduced Variability (2-5)
B,60,34,11.88,Reduced Variability (2-5)
B,60,42,14.0,Reduced Variability (2-5)
B,63,48,12.85,Reduced Variability (2-5)
B,56,42,14.05,Reduced Variability (2-5)
B,63,42,12.81,Reduced Variability (2-5)
B,61,47,13.24,Reduced Variability (2-5)
B,60,49,13.29,Reduced Variability (2-5)
B,59,46,13.35,Reduced Variability (2-5)
B,60,51,13.92,Reduced Variability (2-5)
B,56,48,14.55,Reduced Variability (2-5)
B,59,49,13.87,Reduced Variability (2-5)
B,59,52,13.61,Reduced Variability (2-5)
B,56,52,14.05,Reduced Variability (2-5)
B,61,46,13.28,Reduced Variability (2-5)
B,60,56,13.75,Reduced Variability (2-5)
B,56,48,14.05,Reduced Variability (2-5)
B,60,36,13.29,Reduced Variability (2-5)
B,62,48,13.85,Reduced Variability (2-5)
B,60,50,13.92,Reduced Variability (2-5)
B,62,42,13.81,Reduced Variability (2-5)
B,62,44,13.54,Reduced Variability (2-5)
B,58,57,13.59,Reduced Variability (2-5)
B,58,48,15.18,Reduced Variability (2-5)
B,56,51,14.35,Reduced Variability (2-5)
B,58,45,13.59,Reduced Variability (2-5)
B,55,56,15.37,Reduced Variability (2-5)
B,59,50,15.04,Reduced Variability (2-5)
B,58,41,14.14,Reduced Variability (2-5)
B,58,53,13.45,Reduced Variability (2-5)
B,57,49,13.9,Reduced Variability (2-5)
B,58,43,14.36,Reduced Variability (2-5)
B,55,53,14.16,Reduced Variability (2-5)
B,58,53,14.91,Reduced Variability (2-5)
B,59,48,13.04,Reduced Variability (2-5)
B,61,46,13.48,Reduced Variability (2-5)
B,61,41,13.24,Reduced Variability (2-5)
B,63,48,12.85,Reduced Variability (2-5)
B,62,44,13.27,Reduced Variability (2-5)
B,60,47,13.88,Reduced Variability (2-5)
B,56,48,14.1,Reduced Variability (2-5)
B,59,53,14.74,Reduced Variability (2-5)
B,61,50,12.96,Reduced Variability (2-5)
B,61,47,13.32,Reduced Variability (2-5)
B,59,47,14.52,Reduced Variability (2-5)
B,59,42,14.43,Reduced Variability (2-5)
B,57,55,14.62,Reduced Variability (2-5)
B,55,52,14.68,Reduced Variability (2-5)
B,58,51,14.5,Reduced Variability (2-5)
B,59,44,13.09,Reduced Variability (2-5)
B,61,36,12.88,Reduced Variability (2-5)
B,61,48,12.68,Reduced Variability (2-5)
B,60,41,12.46,Reduced Variability (2-5)
B,53,46,15.12,Reduced Variability (2-5)
B,57,51,13.52,Reduced Variability (2-5)
B,58,45,13.86,Reduced Variability (2-5)
B,60,43,13.42,Reduced Variability (2-5)
B,57,49,14.62,Reduced Variability (2-5)
B,59,47,13.74,Reduced Variability (2-5)
B,62,45,12.31,Reduced Variability (2-5)
B,61,45,12.68,Reduced Variability (2-5)
B,59,43,13.7,Reduced Variability (2-5)
B,56,50,13.85,Reduced Variability (2-5)
B,58,41,12.59,Reduced Variability (2-5)
B,59,51,14.13,Reduced Variability (2-5)
B,62,41,12.54,Reduced Variability (2-5)
B,60,52,12.92,Reduced Variability (2-5)
B,57,40,13.62,Reduced Variability (2-5)
B,61,50,12.72,Reduced Variability (2-5)
B,55,51,14.79,Reduced Variability (2-5)
B,61,48,13.0,Reduced Variability (2-5)
B,58,49,13.73,Reduced Variability (2-5)
B,61,48,12.92,Reduced Variability (2-5)
B,59,44,13.0,Reduced Variability (2-5)
B,57,50,13.57,Reduced Variability (2-5)
B,61,49,12.84,Reduced Variability (2-5)
B,61,47,13.56,Reduced Variability (2-5)
B,61,42,12.4,Reduced Variability (2-5)
B,62,43,12.69,Reduced Variability (2-5)
B,59,54,13.78,Reduced Variability (2-5)
B,59,57,14.09,Reduced Variability (2-5)
B,62,47,12.88,Reduced Variability (2-5)
B,64,35,12.61,Reduced Variability (2-5)
B,58,45,13.55,Reduced Variability (2-5)
B,61,52,13.8,Reduced Variability (2-5)
B,64,45,13.71,Reduced Variability (2-5)
B,61,49,13.92,Reduced Variability (2-5)
B,60,51,13.71,Reduced Variability (2-5)
B,59,50,15.04,Reduced Variability (2-5)
B,56,51,14.95,Reduced Variability (2-5)
B,58,52,12.95,Reduced Variability (2-5)
B,60,39,12.5,Reduced Variability (2-5)
B,61,45,13.68,Reduced Variability (2-5)
B,59,49,13.35,Reduced Variability (2-5)
B,58,46,13.68,Reduced Variability (2-5)
B,62,35,13.12,Reduced Variability (2-5)
B,61,51,13.92,Reduced Variability (2-5)
B,61,45,13.64,Reduced Variability (2-5)
B,59,36,12.83,Reduced Variability (2-5)
B,59,46,13.26,Reduced Variability (2-5)
B,60,46,13.21,Reduced Variability (2-5)
B,60,44,14.04,Reduced Variability (2-5)
B,58,52,12.91,Reduced Variability (2-5)
B,64,41,12.54,Reduced Variability (2-5)
B,58,47,13.45,Reduced Variability (2-5)
B,58,57,14.0,Reduced Variability (2-5)
B,63,39,12.52,Reduced Variability (2-5)
B,62,49,13.42,Reduced Variability (2-5)
B,58,46,13.59,Reduced Variability (2-5)
B,58,48,13.73,Reduced Variability (2-5)
B,57,58,14.48,Reduced Variability (2-5)
B,58,47,14.27,Reduced Variability (2-5)
B,59,53,12.7,Reduced Variability (2-5)
B,58,49,14.36,Reduced Variability (2-5)
B,60,46,13.42,Reduced Variability (2-5)
B,58,53,14.23,Reduced Variability (2-5)
B,62,39,13.96,Reduced Variability (2-5)
B,58,55,15.0,Reduced Variability (2-5)
B,61,48,13.44,Reduced Variability (2-5)
B,61,47,13.36,Reduced Variability (2-5)
B,56,46,13.55,Reduced Variability (2-5)
B,61,37,14.04,Reduced Variability (2-5)
B,62,53,14.0,Reduced Variability (2-5)
B,60,51,14.04,Reduced Variability (2-5)
B,62,39,12.65,Reduced Variability (2-5)
B,62,46,13.08,Reduced Variability (2-5)
B,60,46,14.96,Reduced Variability (2-5)
B,58,49,14.91,Reduced Variability (2-5)
B,59,52,13.78,Reduced Variability (2-5)
B,58,51,14.18,Reduced Variability (2-5)
B,62,42,13.35,Reduced Variability (2-5)
B,61,44,13.8,Reduced Variability (2-5)
B,58,44,13.59,Reduced Variability (2-5)
B,64,40,12.21,Reduced Variability (2-5)
B,58,49,15.0,Reduced Variability (2-5)
B,58,43,13.36,Reduced Variability (2-5)
B,54,42,14.0,Reduced Variability (2-5)
B,58,51,13.0,Reduced Variability (2-5)
B,56,53,14.6,Reduced Variability (2-5)
B,56,49,13.6,Reduced Variability (2-5)
B,60,44,12.54,Reduced Variability (2-5)
B,56,49,14.0,Reduced Variability (2-5)
B,62,53,13.54,Reduced Variability (2-5)
B,59,47,13.3,Reduced Variability (2-5)
B,57,41,14.19,Reduced Variability (2-5)
B,60,44,13.04,Reduced Variability (2-5)
B,60,46,13.17,Reduced Variability (2-5)
B,62,46,12.46,Reduced Variability (2-5)
B,58,47,13.05,Reduced Variability (2-5)
B,61,51,14.12,Reduced Variability (2-5)
B,59,42,12.61,Reduced Variability (2-5)
B,58,48,13.59,Reduced Variability (2-5)
B,63,49,12.89,Reduced Variability (2-5)
B,54,55,15.06,Reduced Variability (2-5)
B,62,50,13.96,Reduced Variability (2-5)
B,63,44,13.48,Reduced Variability (2-5)
B,60,45,13.42,Reduced Variability (2-5)
B,59,54,14.22,Reduced Variability (2-5)
B,61,38,12.56,Reduced Variability (2-5)
B,60,52,12.29,Reduced Variability (2-5)
B,58,51,14.05,Reduced Variability (2-5)
B,61,33,13.04,Reduced Variability (2-5)
B,64,41,13.71,Reduced Variability (2-5)
B,52,55,16.12,Reduced Variability (2-5)
B,59,44,13.22,Reduced Variability (2-5)
B,59,56,13.7,Reduced Variability (2-5)
B,57,51,14.81,Reduced Variability (2-5)
B,58,54,12.91,Reduced Variability (2-5)
B,62,44,12.65,Reduced Variability (2-5)
B,60,42,12.92,Reduced Variability (2-5)
B,62,47,12.88,Reduced Variability (2-5)
B,57,57,13.76,Reduced Variability (2-5)
B,59,52,14.22,Reduced Variability (2-5)
B,60,51,14.33,Reduced Variability (2-5)
B,60,48,13.75,Reduced Variability (2-5)
B,60,48,14.62,Reduced Variability (2-5)
B,58,49,13.05,Reduced Variability (2-5)
B,61,42,12.12,Reduced Variability (2-5)
B,57,48,14.1,Reduced Variability (2-5)
B,56,44,14.0,Reduced Variability (2-5)
B,62,41,12.81,Reduced Variability (2-5)
B,59,49,13.35,Reduced Variability (2-5)
B,58,47,13.64,Reduced Variability (2-5)
B,57,58,15.1,Reduced Variability (2-5)
B,62,35,12.0,Reduced Variability (2-5)
B,60,50,14.0,Reduced Variability (2-5)
B,58,51,13.23,Reduced Variability (2-5)
B,59,44,13.87,Reduced Variability (2-5)
B,58,57,13.91,Reduced Variability (2-5)
B,63,41,12.85,Reduced Variability (2-5)
B,61,43,13.6,Reduced Variability (2-5)
B,56,50,14.45,Reduced Variability (2-5)
B,58,56,13.23,Reduced Variability (2-5)
B,60,49,14.33,Reduced Variability (2-5)
B,62,40,12.58,Reduced Variability (2-5)
B,61,38,12.72,Reduced Variability (2-5)
B,60,48,12.08,Reduced Variability (2-5)
B,59,41,12.7,Reduced Variability (2-5)
B,60,47,13.67,Reduced Variability (2-5)
B,62,43,13.12,Reduced Variability (2-5)
B,61,53,13.36,Reduced Variability (2-5)
B,56,39,14.15,Reduced Variability (2-5)
B,59,54,14.0,Reduced Variability (2-5)
B,59,44,13.74,Reduced Variability (2-5)
B,57,47,13.33,Reduced Variability (2-5)
B,57,51,13.95,Reduced Variability (2-5)
B,58,46,15.09,Reduced Variability (2-5)
B,60,56,13.46,Reduced Variability (2-5)
B,64,47,13.75,Reduced Variability (2-5)
B,60,50,12.88,Reduced Variability (2-5)
B,61,40,13.6,Reduced Variability (2-5)
B,57,57,14.1,Reduced Variability (2-5)
B,63,45,13.19,Reduced Variability (2-5)
B,62,45,13.73,Reduced Variability (2-5)
B,60,49,13.12,Reduced Variability (2-5)
B,60,46,14.25,Reduced Variability (2-5)
B,59,45,13.74,Reduced Variability (2-5)
B,61,48,13.4,Reduced Variability (2-5)
B,62,50,13.85,Reduced Variability (2-5)
B,59,44,13.35,Reduced Variability (2-5)
B,55,55,14.26,Reduced Variability (2-5)
B,61,51,13.0,Reduced Variability (2-5)
B,54,46,14.17,Reduced Variability (2-5)
B,61,47,13.64,Reduced Variability (2-5)
B,63,42,13.63,Reduced Variability (2-5)
B,62,42,14.35,Reduced Variability (2-5)
B,54,53,14.83,Reduced Variability (2-5)
B,58,47,14.14,Reduced Variability (2-5)
B,63,38,12.93,Reduced Variability (2-5)
B,63,41,12.63,Reduced Variability (2-5)
B,60,47,12.75,Reduced Variability (2-5)
B,58,56,14.82,Reduced Variability (2-5)
B,63,47,13.37,Reduced Variability (2-5)
B,57,46,13.62,Reduced Variability (2-5)
B,66,42,12.7,Reduced Variability (2-5)
B,60,48,14.17,Reduced Variability (2-5)
B,59,40,13.13,Reduced Variability (2-5)
B,62,43,13.5,Reduced Variability (2-5)
B,60,42,14.12,Reduced Variability (2-5)
B,59,36,11.35,Reduced Variability (2-5)
B,63,52,13.41,Reduced Variability (2-5)
B,61,49,14.12,Reduced Variability (2-5)
B,62,43,12.31,Reduced Variability (2-5)
B,60,40,13.58,Reduced Variability (2-5)
B,57,51,12.38,Reduced Variability (2-5)
B,62,44,14.04,Reduced Variability (2-5)
B,58,49,14.32,Reduced Variability (2-5)
B,57,44,13.52,Reduced Variability (2-5)
B,55,47,14.79,Reduced Variability (2-5)
B,56,47,14.8,Reduced Variability (2-5)
B,58,41,13.59,Reduced Variability (2-5)
B,61,45,12.52,Reduced Variability (2-5)
B,57,53,14.81,Reduced Variability (2-5)
B,58,49,12.86,Reduced Variability (2-5)
B,60,37,12.83,Reduced Variability (2-5)
B,61,38,12.64,Reduced Variability (2-5)
B,63,49,12.41,Reduced Variability (2-5)
B,58,43,13.82,Reduced Variability (2-5)
B,59,45,13.65,Reduced Variability (2-5)
B,63,37,12.59,Reduced Variability (2-5)
B,62,45,12.69,Reduced Variability (2-5)
B,60,43,13.83,Reduced Variability (2-5)
B,60,43,14.29,Reduced Variability (2-5)
B,61,47,13.84,Reduced Variability (2-5)
B,62,40,12.88,Reduced Variability (2-5)
B,63,42,12.26,Reduced Variability (2-5)
B,61,45,13.2,Reduced Variability (2-5)
B,57,50,13.24,Reduced Variability (2-5)
B,61,46,13.8,Reduced Variability (2-5)
B,59,40,13.57,Reduced Variability (2-5)
B,65,42,12.38,Reduced Variability (2-5)
B,59,54,14.87,Reduced Variability (2-5)
B,61,44,13.64,Reduced Variability (2-5)
B,57,57,14.67,Reduced Variability (2-5)
B,60,40,14.42,Reduced Variability (2-5)
B,59,55,14.7,Reduced Variability (2-5)
B,61,40,13.16,Reduced Variability (2-5)
B,61,34,12.2,Reduced Variability (2-5)
B,60,46,14.12,Reduced Variability (2-5)
B,59,47,12.78,Reduced Variability (2-5)
B,62,43,13.5,Reduced Variability (2-5)
B,62,40,12.65,Reduced Variability (2-5)
B,64,41,11.68,Reduced Variability (2-5)
B,56,52,14.5,Reduced Variability (2-5)
B,56,55,14.4,Reduced Variability (2-5)
B,54,60,14.39,Reduced Variability (2-5)
B,64,50,12.86,Reduced Variability (2-5)
B,63,38,13.3,Reduced Variability (2-5)
B,60,47,12.75,Reduced Variability (2-5)
B,62,42,13.42,Reduced Variability (2-5)
B,56,50,14.55,Reduced Variability (2-5)
B,59,52,14.43,Reduced Variability (2-5)
B,58,57,14.77,Reduced Variability (2-5)
B,61,45,13.2,Reduced Variability (2-5)
B,60,45,12.21,Reduced Variability (2-5)
B,58,48,13.23,Reduced Variability (2-5)
B,62,38,12.08,Reduced Variability (2-5)
B,62,42,13.04,Reduced Variability (2-5)
B,58,41,14.05,Reduced Variability (2-5)
B,61,42,12.6,Reduced Variability (2-5)
B,59,45,13.57,Reduced Variability (2-5)
B,57,55,13.9,Reduced Variability (2-5)
B,60,42,13.08,Reduced Variability (2-5)
B,61,49,14.6,Reduced Variability (2-5)
B,62,37,13.0,Reduced Variability (2-5)
B,65,45,11.9,Reduced Variability (2-5)
B,64,47,13.61,Reduced Variability (2-5)
B,58,55,14.09,Reduced Variability (2-5)
B,61,45,13.16,Reduced Variability (2-5)
B,63,38,13.56,Reduced Variability (2-5)
B,65,37,13.38,Reduced Variability (2-5)
B,58,41,13.09,Reduced Variability (2-5)
B,59,50,13.48,Reduced Variability (2-5)
B,62,54,13.27,Reduced Variability (2-5)
B,64,40,13.57,Reduced Variability (2-5)
B,61,44,13.04,Reduced Variability (2-5)
B,57,59,15.14,Reduced Variability (2-5)
B,62,50,13.85,Reduced Variability (2-5)
B,62,45,12.35,Reduced Variability (2-5)
B,55,52,13.37,Reduced Variability (2-5)
B,60,54,13.92,Reduced Variability (2-5)
B,61,45,13.84,Reduced Variability (2-5)
B,59,46,11.74,Reduced Variability (2-5)
B,60,44,12.58,Reduced Variability (2-5)
B,58,46,12.82,Reduced Variability (2-5)
B,60,51,13.67,Reduced Variability (2-5)
B,58,48,13.5,Reduced Variability (2-5)
B,58,47,13.59,Reduced Variability (2-5)
B,61,36,12.56,Reduced Variability (2-5)
B,61,43,13.92,Reduced Variability (2-5)
B,57,53,13.57,Reduced Variability (2-5)
B,56,51,13.65,Reduced Variability (2-5)
B,63,47,13.3,Reduced Variability (2-5)
B,58,48,13.82,Reduced Variability (2-5)
B,58,50,14.05,Reduced Variability (2-5)
B,56,47,14.35,Reduced Variability (2-5)
B,59,39,12.83,Reduced Variability (2-5)
B,60,46,13.75,Reduced Variability (2-5)
B,59,46,13.91,Reduced Variability (2-5)
B,58,42,14.32,Reduced Variability (2-5)
B,60,54,13.12,Reduced Variability (2-5)
B,61,45,13.56,Reduced Variability (2-5)
B,58,41,12.73,Reduced Variability (2-5)
B,60,32,13.21,Reduced Variability (2-5)
B,59,45,14.0,Reduced Variability (2-5)
B,60,38,12.12,Reduced Variability (2-5)
B,59,52,12.52,Reduced Variability (2-5)
B,61,51,12.72,Reduced Variability (2-5)
B,57,47,13.19,Reduced Variability (2-5)
B,56,48,14.6,Reduced Variability (2-5)
B,59,38,12.78,Reduced Variability (2-5)
B,61,48,13.8,Reduced Variability (2-5)
B,59,52,12.48,Reduced Variability (2-5)
B,60,41,13.62,Reduced Variability (2-5)
B,62,51,13.23,Reduced Variability (2-5)
B,58,47,14.32,Reduced Variability (2-5)
B,58,41,12.95,Reduced Variability (2-5)
B,61,48,13.36,Reduced Variability (2-5)
B,61,49,12.92,Reduced Variability (2-5)
B,60,48,13.29,Reduced Variability (2-5)
B,59,53,14.83,Reduced Variability (2-5)
B,59,51,13.78,Reduced Variability (2-5)
B,55,55,14.58,Reduced Variability (2-5)
B,56,51,13.35,Reduced Variability (2-5)
B,56,52,13.2,Reduced Variability (2-5)
B,64,36,12.14,Reduced Variability (2-5)
B,57,51,12.86,Reduced Variability (2-5)
B,59,48,14.61,Reduced Variability (2-5)
B,60,55,14.25,Reduced Variability (2-5)
B,58,45,13.77,Reduced Variability (2-5)
B,57,47,13.24,Reduced Variability (2-5)
B,61,47,13.16,Reduced Variability (2-5)
B,61,54,13.6,Reduced Variability (2-5)
B,61,37,11.92,Reduced Variability (2-5)
B,60,51,14.88,Reduced Variability (2-5)
B,60,47,13.58,Reduced Variability (2-5)
B,63,43,11.78,Reduced Variability (2-5)
B,61,38,13.64,Reduced Variability (2-5)
B,60,55,13.83,Reduced Variability (2-5)
B,59,51,14.39,Reduced Variability (2-5)
B,61,47,13.4,Reduced Variability (2-5)
B,58,42,12.73,Reduced Variability (2-5)
B,57,53,14.48,Reduced Variability (2-5)
B,62,45,14.31,Reduced Variability (2-5)
B,62,45,13.88,Reduced Variability (2-5)
B,58,44,13.18,Reduced Variability (2-5)
B,59,44,13.26,Reduced Variability (2-5)
B,59,49,14.13,Reduced Variability (2-5)
B,60,55,13.67,Reduced Variability (2-5)
B,60,34,13.25,Reduced Variability (2-5)
B,65,39,12.55,Reduced Variability (2-5)
B,59,46,13.04,Reduced Variability (2-5)
B,60,43,12.62,Reduced Variability (2-5)
B,59,44,12.7,Reduced Variability (2-5)
B,60,45,14.21,Reduced Variability (2-5)
B,57,51,15.38,Reduced Variability (2-5)
B,61,44,13.0,Reduced Variability (2-5)
B,61,46,13.96,Reduced Variability (2-5)
B,62,51,13.65,Reduced Variability (2-5)
B,58,55,14.27,Reduced Variability (2-5)
B,58,45,14.05,Reduced Variability (2-5)
B,56,52,13.7,Reduced Variability (2-5)
B,60,46,14.12,Reduced Variability (2-5)
B,55,49,14.32,Reduced Variability (2-5)
B,58,45,13.86,Reduced Variability (2-5)
B,64,46,13.21,Reduced Variability (2-5)
B,61,42,13.04,Reduced Variability (2-5)
B,57,53,14.9,Reduced Variability (2-5)
B,56,51,14.65,Reduced Variability (2-5)
B,58,48,14.05,Reduced Variability (2-5)
B,63,57,13.96,Reduced Variability (2-5)
B,62,47,12.54,Reduced Variability (2-5)
B,63,43,12.33,Reduced Variability (2-5)
B,57,54,13.57,Reduced Variability (2-5)
B,59,53,13.61,Reduced Variability (2-5)
B,57,53,13.71,Reduced Variability (2-5)
B,60,49,14.25,Reduced Variability (2-5)
B,59,46,12.87,Reduced Variability (2-5)
B,61,43,12.68,Reduced Variability (2-5)
B,54,58,14.78,Reduced Variability (2-5)
B,59,51,14.0,Reduced Variability (2-5)
B,60,47,12.88,Reduced Variability (2-5)
B,63,37,11.63,Reduced Variability (2-5)
B,60,41,13.29,Reduced Variability (2-5)
B,56,54,14.15,Reduced Variability (2-5)
B,58,43,13.41,Reduced Variability (2-5)
B,60,42,13.21,Reduced Variability (2-5)
B,62,45,13.31,Reduced Variability (2-5)
B,61,43,14.16,Reduced Variability (2-5)
B,62,41,12.69,Reduced Variability (2-5)
B,63,49,13.15,Reduced Variability (2-5)
B,60,38,13.21,Reduced Variability (2-5)
B,62,41,13.04,Reduced Variability (2-5)
B,57,49,12.76,Reduced Variability (2-5)
B,61,42,12.8,Reduced Variability (2-5)
B,61,53,13.36,Reduced Variability (2-5)
B,60,42,13.46,Reduced Variability (2-5)
B,59,48,13.7,Reduced Variability (2-5)
B,59,56,13.61,Reduced Variability (2-5)
B,56,49,14.75,Reduced Variability (2-5)
B,61,42,12.76,Reduced Variability (2-5)
B,54,47,14.11,Reduced Variability (2-5)
B,58,50,13.09,Reduced Variability (2-5)
B,63,54,13.3,Reduced Variability (2-5)
B,61,45,13.56,Reduced Variability (2-5)
B,62,45,13.15,Reduced Variability (2-5)
B,55,57,14.47,Reduced Variability (2-5)
B,64,39,13.21,Reduced Variability (2-5)
B,59,43,13.57,Reduced Variability (2-5)
B,63,40,11.56,Reduced Variability (2-5)
B,60,42,13.83,Reduced Variability (2-5)
B,59,47,14.83,Reduced Variability (2-5)
B,58,54,13.95,Reduced Variability (2-5)
B,60,53,13.71,Reduced Variability (2-5)
B,59,47,13.09,Reduced Variability (2-5)
B,60,38,13.17,Reduced Variability (2-5)
B,61,45,12.64,Reduced Variability (2-5)
B,58,56,14.27,Reduced Variability (2-5)
B,60,44,13.96,Reduced Variability (2-5)
B,58,43,12.95,Reduced Variability (2-5)
B,60,55,13.79,Reduced Variability (2-5)
B,61,42,13.72,Reduced Variability (2-5)
B,60,53,13.5,Reduced Variability (2-5)
B,58,53,13.18,Reduced Variability (2-5)
B,62,52,13.77,Reduced Variability (2-5)
B,63,37,12.96,Reduced Variability (2-5)
B,59,52,13.48,Reduced Variability (2-5)
B,60,51,13.5,Reduced Variability (2-5)
B,59,56,14.35,Reduced Variability (2-5)
B,59,46,13.39,Reduced Variability (2-5)
B,63,37,12.15,Reduced Variability (2-5)
B,60,42,13.04,Reduced Variability (2-5)
B,61,44,12.24,Reduced Variability (2-5)
B,68,47,12.97,Reduced Variability (2-5)
B,61,51,13.36,Reduced Variability (2-5)
B,59,45,14.26,Reduced Variability (2-5)
B,63,51,13.22,Reduced Variability (2-5)
B,60,32,11.38,Reduced Variability (2-5)
B,60,48,13.29,Reduced Variability (2-5)
B,61,47,13.2,Reduced Variability (2-5)
B,60,45,13.67,Reduced Variability (2-5)
B,62,51,13.31,Reduced Variability (2-5)
B,59,47,13.65,Reduced Variability (2-5)
B,60,43,12.83,Reduced Variability (2-5)
B,56,50,14.75,Reduced Variability (2-5)
B,58,52,14.55,Reduced Variability (2-5)
B,58,47,14.73,Reduced Variability (2-5)
B,60,48,14.0,Reduced Variability (2-5)
B,60,50,13.08,Reduced Variability (2-5)
B,59,49,14.09,Reduced Variability (2-5)
B,60,45,13.54,Reduced Variability (2-5)
B,60,49,12.88,Reduced Variability (2-5)
B,64,41,12.54,Reduced Variability (2-5)
B,64,35,11.64,Reduced Variability (2-5)
B,60,52,14.38,Reduced Variability (2-5)
B,61,41,13.24,Reduced Variability (2-5)
B,59,44,14.09,Reduced Variability (2-5)
B,62,39,13.31,Reduced Variability (2-5)
B,59,47,13.22,Reduced Variability (2-5)
B,54,49,14.44,Reduced Variability (2-5)
B,61,47,13.16,Reduced Variability (2-5)
B,59,38,14.0,Reduced Variability (2-5)
B,63,43,13.56,Reduced Variability (2-5)
B,59,45,13.13,Reduced Variability (2-5)
B,59,46,12.57,Reduced Variability (2-5)
B,61,49,13.2,Reduced Variability (2-5)
B,61,49,13.8,Reduced Variability (2-5)
B,63,43,14.04,Reduced Variability (2-5)
B,59,40,12.52,Reduced Variability (2-5)
B,60,44,13.25,Reduced Variability (2-5)
B,59,38,12.22,Reduced Variability (2-5)
B,58,46,14.55,Reduced Variability (2-5)
B,59,41,13.87,Reduced Variability (2-5)
B,61,47,13.44,Reduced Variability (2-5)
B,62,37,12.46,Reduced Variability (2-5)
B,58,41,14.09,Reduced Variability (2-5)
B,61,49,12.48,Reduced Variability (2-5)
B,56,48,15.1,Reduced Variability (2-5)
B,60,47,13.62,Reduced Variability (2-5)
B,64,42,13.46,Reduced Variability (2-5)
B,57,54,14.57,Reduced Variability (2-5)
B,54,50,15.06,Reduced Variability (2-5)
B,61,39,12.16,Reduced Variability (2-5)
B,59,49,13.09,Reduced Variability (2-5)
B,60,51,13.62,Reduced Variability (2-5)
B,60,48,14.38,Reduced Variability (2-5)
B,58,38,13.0,Reduced Variability (2-5)
B,59,42,14.17,Reduced Variability (2-5)
B,60,55,14.25,Reduced Variability (2-5)
B,57,45,13.19,Reduced Variability (2-5)
B,59,49,14.61,Reduced Variability (2-5)
B,61,47,13.12,Reduced Variability (2-5)
B,63,52,13.7,Reduced Variability (2-5)
B,57,51,14.19,Reduced Variability (2-5)
B,58,52,14.18,Reduced Variability (2-5)
B,61,45,13.64,Reduced Variability (2-5)
B,59,44,13.65,Reduced Variability (2-5)
B,59,41,13.43,Reduced Variability (2-5)
B,60,40,12.62,Reduced Variability (2-5)
B,62,38,12.88,Reduced Variability (2-5)
B,62,43,12.88,Reduced Variability (2-5)
B,60,50,13.08,Reduced Variability (2-5)
B,65,40,13.03,Reduced Variability (2-5)
B,59,43,13.17,Reduced Variability (2-5)
B,58,51,13.18,Reduced Variability (2-5)
B,57,54,14.52,Reduced Variability (2-5)
B,60,40,12.58,Reduced Variability (2-5)
B,62,39,12.73,Reduced Variability (2-5)
B,62,44,13.12,Reduced Variability (2-5)
B,57,52,14.52,Reduced Variability (2-5)
B,61,41,12.8,Reduced Variability (2-5)
B,60,42,13.29,Reduced Variability (2-5)
B,57,43,13.05,Reduced Variability (2-5)
B,63,50,13.26,Reduced Variability (2-5)
B,62,43,13.35,Reduced Variability (2-5)
B,59,49,14.17,Reduced Variability (2-5)
B,59,48,14.04,Reduced Variability (2-5)
B,63,50,12.89,Reduced Variability (2-5)
B,57,50,14.71,Reduced Variability (2-5)
B,61,42,13.52,Reduced Variability (2-5)
B,62,40,13.12,Reduced Variability (2-5)
B,57,49,14.24,Reduced Variability (2-5)
B,60,48,14.38,Reduced Variability (2-5)
B,60,43,13.38,Reduced Variability (2-5)
B,54,51,14.56,Reduced Variability (2-5)
B,61,45,13.52,Reduced Variability (2-5)
B,59,42,13.39,Reduced Variability (2-5)
B,60,49,14.12,Reduced Variability (2-5)
B,63,35,13.11,Reduced Variability (2-5)
B,60,51,14.04,Reduced Variability (2-5)
B,63,45,12.74,Reduced Variability (2-5)
B,59,41,13.09,Reduced Variability (2-5)
B,62,40,13.96,Reduced Variability (2-5)
B,55,41,13.68,Reduced Variability (2-5)
B,60,44,14.21,Reduced Variability (2-5)
B,60,52,14.04,Reduced Variability (2-5)
B,60,45,13.46,Reduced Variability (2-5)
B,62,35,13.54,Reduced Variability (2-5)
B,60,48,13.62,Reduced Variability (2-5)
B,57,44,12.57,Reduced Variability (2-5)
B,61,38,13.64,Reduced Variability (2-5)
B,61,49,13.72,Reduced Variability (2-5)
B,58,42,13.5,Reduced Variability (2-5)
B,57,54,14.95,Reduced Variability (2-5)
B,59,40,13.52,Reduced Variability (2-5)
B,62,49,12.38,Reduced Variability (2-5)
B,56,48,14.45,Reduced Variability (2-5)
B,57,40,12.95,Reduced Variability (2-5)
B,59,41,13.35,Reduced Variability (2-5)
B,60,45,13.08,Reduced Variability (2-5)
B,60,44,13.08,Reduced Variability (2-5)
B,59,58,14.57,Reduced Variability (2-5)
B,61,46,13.8,Reduced Variability (2-5)
B,58,51,13.95,Reduced Variability (2-5)
B,62,34,12.77,Reduced Variability (2-5)
B,59,44,14.74,Reduced Variability (2-5)
B,58,44,14.41,Reduced Variability (2-5)
B,58,41,12.41,Reduced Variability (2-5)
B,59,40,13.57,Reduced Variability (2-5)
B,60,38,14.83,Reduced Variability (2-5)
B,61,42,12.72,Reduced Variability (2-5)
B,57,53,14.81,Reduced Variability (2-5)
B,62,35,13.73,Reduced Variability (2-5)
B,59,46,12.91,Reduced Variability (2-5)
B,57,42,14.38,Reduced Variability (2-5)
B,59,55,14.3,Reduced Variability (2-5)
B,57,50,14.0,Reduced Variability (2-5)
B,60,45,12.54,Reduced Variability (2-5)
B,58,51,14.5,Reduced Variability (2-5)
B,60,42,14.12,Reduced Variability (2-5)
B,58,56,14.55,Reduced Variability (2-5)
B,64,35,11.75,Reduced Variability (2-5)
B,62,50,12.19,Reduced Variability (2-5)
B,56,50,14.25,Reduced Variability (2-5)
B,57,49,13.43,Reduced Variability (2-5)
B,61,41,13.24,Reduced Variability (2-5)
B,62,43,13.0,Reduced Variability (2-5)
B,61,51,13.8,Reduced Variability (2-5)
B,59,50,14.0,Reduced Variability (2-5)
B,59,44,14.52,Reduced Variability (2-5)
B,58,47,13.27,Reduced Variability (2-5)
B,54,59,15.61,Reduced Variability (2-5)
B,61,41,13.24,Reduced Variability (2-5)
B,61,45,12.88,Reduced Variability (2-5)
B,62,46,14.23,Reduced Variability (2-5)
B,61,49,14.12,Reduced Variability (2-5)
B,63,53,13.44,Reduced Variability (2-5)
B,60,47,14.42,Reduced Variability (2-5)
B,58,45,13.95,Reduced Variability (2-5)
B,56,54,14.45,Reduced Variability (2-5)
B,59,49,13.7,Reduced Variability (2-5)
B,58,46,13.41,Reduced Variability (2-5)
B,63,40,14.19,Reduced Variability (2-5)
B,58,52,14.36,Reduced Variability (2-5)
B,62,54,13.58,Reduced Variability (2-5)
B,58,50,13.09,Reduced Variability (2-5)
B,56,49,15.05,Reduced Variability (2-5)
B,56,46,13.15,Reduced Variability (2-5)
B,59,44,13.57,Reduced Variability (2-5)
B,63,43,13.19,Reduced Variability (2-5)
B,57,54,15.14,Reduced Variability (2-5)
B,60,45,12.29,Reduced Variability (2-5)
B,58,46,13.5,Reduced Variability (2-5)
B,65,39,12.9,Reduced Variability (2-5)
B,62,42,13.16,Reduced Variability (2-5)
B,61,46,12.64,Reduced Variability (2-5)
B,57,49,14.57,Reduced Variability (2-5)
B,58,50,14.41,Reduced Variability (2-5)
B,57,43,13.24,Reduced Variability (2-5)
B,61,43,14.36,Reduced Variability (2-5)
B,60,40,12.92,Reduced Variability (2-5)
B,58,49,13.36,Reduced Variability (2-5)
B,59,48,14.09,Reduced Variability (2-5)
B,59,49,13.83,Reduced Variability (2-5)
B,60,39,11.42,Reduced Variability (2-5)
B,61,44,13.44,Reduced Variability (2-5)
B,62,42,12.85,Reduced Variability (2-5)
B,60,44,13.92,Reduced Variability (2-5)
B,60,44,12.83,Reduced Variability (2-5)
B,61,49,12.48,Reduced Variability (2-5)
B,59,45,13.7,Reduced Variability (2-5)
B,56,58,14.25,Reduced Variability (2-5)
B,62,42,13.38,Reduced Variability (2-5)
B,58,46,13.18,Reduced Variability (2-5)
B,60,43,13.12,Reduced Variability (2-5)
B,60,41,13.67,Reduced Variability (2-5)
B,59,47,12.83,Reduced Variability (2-5)
B,58,50,13.32,Reduced Variability (2-5)
B,58,46,14.05,Reduced Variability (2-5)
B,58,52,14.82,Reduced Variability (2-5)
B,59,47,13.04,Reduced Variability (2-5)
B,55,44,13.16,Reduced Variability (2-5)
B,58,44,13.64,Reduced Variability (2-5)
B,61,48,13.76,Reduced Variability (2-5)
B,56,45,13.55,Reduced Variability (2-5)
B,57,51,14.05,Reduced Variability (2-5)
B,64,45,13.43,Reduced Variability (2-5)
B,58,53,13.73,Reduced Variability (2-5)
B,64,39,12.43,Reduced Variability (2-5)
B,62,60,14.23,Reduced Variability (2-5)
B,62,42,12.81,Reduced Variability (2-5)
B,60,49,14.12,Reduced Variability (2-5)
B,59,47,14.35,Reduced Variability (2-5)
B,57,42,13.05,Reduced Variability (2-5)
B,62,50,12.88,Reduced Variability (2-5)
B,57,51,14.57,Reduced Variability (2-5)
B,59,45,13.13,Reduced Variability (2-5)
B,63,44,11.78,Reduced Variability (2-5)
B,63,45,12.11,Reduced Variability (2-5)
B,61,40,12.08,Reduced Variability (2-5)
B,59,51,14.96,Reduced Variability (2-5)
B,58,54,14.14,Reduced Variability (2-5)
B,60,42,13.58,Reduced Variability (2-5)
B,63,41,13.7,Reduced Variability (2-5)
B,61,38,11.88,Reduced Variability (2-5)
B,62,30,11.96,Reduced Variability (2-5)
B,62,36,12.65,Reduced Variability (2-5)
B,61,48,13.12,Reduced Variability (2-5)
B,61,46,13.04,Reduced Variability (2-5)
B,59,45,12.3,Reduced Variability (2-5)
B,60,46,13.54,Reduced Variability (2-5)
B,56,49,14.45,Reduced Variability (2-5)
B,58,54,14.23,Reduced Variability (2-5)
B,58,51,14.27,Reduced Variability (2-5)
B,59,48,13.3,Reduced Variability (2-5)
B,57,51,14.71,Reduced Variability (2-5)
B,57,49,14.33,Reduced Variability (2-5)
B,60,49,14.67,Reduced Variability (2-5)
B,55,49,15.63,Reduced Variability (2-5)
B,58,45,13.68,Reduced Variability (2-5)
B,60,62,14.12,Reduced Variability (2-5)
B,61,50,14.44,Reduced Variability (2-5)
B,61,40,13.24,Reduced Variability (2-5)
B,58,53,14.27,Reduced Variability (2-5)
B,60,42,13.96,Reduced Variability (2-5)
B,60,51,14.38,Reduced Variability (2-5)
B,60,50,13.25,Reduced Variability (2-5)
B,63,41,13.81,Reduced Variability (2-5)
B,57,48,13.9,Reduced Variability (2-5)
B,59,40,13.04,Reduced Variability (2-5)
B,62,39,13.65,Reduced Variability (2-5)
B,58,50,15.32,Reduced Variability (2-5)
B,54,45,14.78,Reduced Variability (2-5)
B,62,52,13.31,Reduced Variability (2-5)
B,64,51,12.82,Reduced Variability (2-5)
B,63,36,12.74,Reduced Variability (2-5)
B,59,52,13.52,Reduced Variability (2-5)
B,62,40,13.31,Reduced Variability (2-5)
B,62,42,13.04,Reduced Variability (2-5)
B,60,50,14.04,Reduced Variability (2-5)
B,64,50,12.71,Reduced Variability (2-5)
B,58,52,12.73,Reduced Variability (2-5)
B,63,38,13.52,Reduced Variability (2-5)
B,56,53,14.9,Reduced Variability (2-5)
B,61,46,12.92,Reduced Variability (2-5)
B,62,35,11.38,Reduced Variability (2-5)
B,59,44,14.26,Reduced Variability (2-5)
B,60,40,12.71,Reduced Variability (2-5)
B,62,42,13.88,Reduced Variability (2-5)
B,61,38,14.24,Reduced Variability (2-5)
B,57,35,12.9,Reduced Variability (2-5)
B,61,49,14.32,Reduced Variability (2-5)
B,58,49,14.18,Reduced Variability (2-5)
B,58,42,12.82,Reduced Variability (2-5)
B,59,46,13.3,Reduced Variability (2-5)
B,56,58,14.55,Reduced Variability (2-5)
B,62,47,13.0,Reduced Variability (2-5)
B,60,47,13.29,Reduced Variability (2-5)
B,57,46,14.62,Reduced Variability (2-5)
B,61,48,14.12,Reduced Variability (2-5)
B,61,40,12.56,Reduced Variability (2-5)
B,61,37,12.56,Reduced Variability (2-5)
C,58,59,17.62,Increased WIP (5)
C,57,61,17.75,Increased WIP (5)
C,61,53,15.12,Increased WIP (5)
C,62,56,15.53,Increased WIP (5)
C,56,74,17.73,Increased WIP (5)
C,60,49,16.87,Increased WIP (5)
C,57,60,15.92,Increased WIP (5)
C,54,63,17.67,Increased WIP (5)
C,51,54,18.0,Increased WIP (5)
C,58,67,18.46,Increased WIP (5)
C,56,65,16.0,Increased WIP (5)
C,65,43,13.65,Increased WIP (5)
C,60,63,15.93,Increased WIP (5)
C,54,51,16.78,Increased WIP (5)
C,59,54,17.5,Increased WIP (5)
C,53,68,17.75,Increased WIP (5)
C,47,75,20.0,Increased WIP (5)
C,63,40,13.94,Increased WIP (5)
C,57,57,16.17,Increased WIP (5)
C,55,58,17.0,Increased WIP (5)
C,54,65,18.0,Increased WIP (5)
C,48,64,19.0,Increased WIP (5)
C,60,57,16.87,Increased WIP (5)
C,59,46,15.43,Increased WIP (5)
C,51,61,18.83,Increased WIP (5)
C,55,65,18.4,Increased WIP (5)
C,56,62,17.09,Increased WIP (5)
C,60,60,16.67,Increased WIP (5)
C,58,64,16.54,Increased WIP (5)
C,55,66,17.8,Increased WIP (5)
C,63,55,13.67,Increased WIP (5)
C,64,38,14.68,Increased WIP (5)
C,50,57,19.6,Increased WIP (5)
C,59,58,17.93,Increased WIP (5)
C,58,51,16.38,Increased WIP (5)
C,57,49,16.08,Increased WIP (5)
C,53,57,16.25,Increased WIP (5)
C,58,63,17.08,Increased WIP (5)
C,52,53,18.71,Increased WIP (5)
C,54,51,17.11,Increased WIP (5)
C,55,70,18.1,Increased WIP (5)
C,58,64,17.0,Increased WIP (5)
C,57,52,15.67,Increased WIP (5)
C,60,44,16.53,Increased WIP (5)
C,58,58,16.23,Increased WIP (5)
C,56,70,17.36,Increased WIP (5)
C,55,59,18.0,Increased WIP (5)
C,61,58,16.69,Increased WIP (5)
C,53,58,18.62,Increased WIP (5)
C,57,72,16.33,Increased WIP (5)
C,57,53,18.0,Increased WIP (5)
C,63,71,16.78,Increased WIP (5)
C,52,73,19.29,Increased WIP (5)
C,58,57,16.92,Increased WIP (5)
C,55,50,17.2,Increased WIP (5)
C,57,61,15.92,Increased WIP (5)
C,58,59,17.85,Increased WIP (5)
C,61,58,15.81,Increased WIP (5)
C,57,64,17.17,Increased WIP (5)
C,59,58,16.14,Increased WIP (5)
C,57,53,18.42,Increased WIP (5)
C,61,41,16.25,Increased WIP (5)
C,60,44,14.33,Increased WIP (5)
C,54,53,17.33,Increased WIP (5)
C,57,69,17.75,Increased WIP (5)
C,60,52,16.27,Increased WIP (5)
C,54,68,16.44,Increased WIP (5)
C,61,65,14.12,Increased WIP (5)
C,58,51,17.46,Increased WIP (5)
C,55,54,17.1,Increased WIP (5)
C,49,50,18.5,Increased WIP (5)
C,60,61,15.53,Increased WIP (5)
C,52,61,19.0,Increased WIP (5)
C,55,55,18.0,Increased WIP (5)
C,58,48,15.31,Increased WIP (5)
C,50,69,19.8,Increased WIP (5)
C,55,73,17.1,Increased WIP (5)
C,57,48,15.0,Increased WIP (5)
C,49,68,19.0,Increased WIP (5)
C,51,65,17.67,Increased WIP (5)
C,59,54,16.14,Increased WIP (5)
C,59,46,17.21,Increased WIP (5)
C,55,61,16.8,Increased WIP (5)
C,57,70,17.33,Increased WIP (5)
C,51,67,18.83,Increased WIP (5)
C,52,55,18.14,Increased WIP (5)
C,56,64,17.09,Increased WIP (5)
C,61,42,14.62,Increased WIP (5)
C,56,64,17.55,Increased WIP (5)
C,63,56,15.67,Increased WIP (5)
C,60,56,16.87,Increased WIP (5)
C,49,68,19.0,Increased WIP (5)
C,53,69,17.38,Increased WIP (5)
C,55,60,17.5,Increased WIP (5)
C,60,54,16.33,Increased WIP (5)
C,62,64,16.41,Increased WIP (5)
C,59,55,15.5,Increased WIP (5)
C,58,54,17.85,Increased WIP (5)
C,60,54,16.87,Increased WIP (5)
C,63,66,14.11,Increased WIP (5)
C,62,53,15.94,Increased WIP (5)
C,56,44,17.55,Increased WIP (5)
C,49,68,19.25,Increased WIP (5)
C,53,54,18.5,Increased WIP (5)
C,57,54,16.67,Increased WIP (5)
C,54,48,18.22,Increased WIP (5)
C,60,75,15.8,Increased WIP (5)
C,64,56,16.21,Increased WIP (5)
C,54,74,17.22,Increased WIP (5)
C,59,44,15.93,Increased WIP (5)
C,64,44,14.16,Increased WIP (5)
C,53,56,17.88,Increased WIP (5)
C,54,57,17.89,Increased WIP (5)
C,58,53,18.15,Increased WIP (5)
C,59,66,16.64,Increased WIP (5)
C,59,63,17.21,Increased WIP (5)
C,60,56,16.33,Increased WIP (5)
C,58,39,15.31,Increased WIP (5)
C,49,73,19.0,Increased WIP (5)
C,53,63,17.75,Increased WIP (5)
C,61,53,16.31,Increased WIP (5)
C,61,49,14.56,Increased WIP (5)
C,51,65,17.5,Increased WIP (5)
C,58,53,17.69,Increased WIP (5)
C,60,58,16.67,Increased WIP (5)
C,49,79,19.5,Increased WIP (5)
C,50,80,19.0,Increased WIP (5)
C,58,70,17.69,Increased WIP (5)
C,57,57,16.0,Increased WIP (5)
C,57,59,16.83,Increased WIP (5)
C,58,64,17.69,Increased WIP (5)
C,62,69,16.24,Increased WIP (5)
C,62,66,14.88,Increased WIP (5)
C,57,55,18.0,Increased WIP (5)
C,56,61,16.36,Increased WIP (5)
C,58,57,17.85,Increased WIP (5)
C,50,68,19.0,Increased WIP (5)
C,58,70,18.23,Increased WIP (5)
C,58,51,16.0,Increased WIP (5)
C,60,55,15.6,Increased WIP (5)
C,59,53,16.93,Increased WIP (5)
C,57,37,16.67,Increased WIP (5)
C,55,56,18.0,Increased WIP (5)
C,57,82,18.08,Increased WIP (5)
C,55,57,18.2,Increased WIP (5)
C,63,57,15.11,Increased WIP (5)
C,65,44,15.7,Increased WIP (5)
C,55,54,18.5,Increased WIP (5)
C,54,72,18.22,Increased WIP (5)
C,59,55,15.93,Increased WIP (5)
C,53,63,19.0,Increased WIP (5)
C,60,57,17.13,Increased WIP (5)
C,59,63,16.43,Increased WIP (5)
C,52,66,18.14,Increased WIP (5)
C,53,69,17.75,Increased WIP (5)
C,66,56,14.86,Increased WIP (5)
C,56,73,18.18,Increased WIP (5)
C,55,69,17.5,Increased WIP (5)
C,57,51,16.83,Increased WIP (5)
C,54,66,18.0,Increased WIP (5)
C,54,65,17.89,Increased WIP (5)
C,46,74,20.0,Increased WIP (5)
C,51,64,19.0,Increased WIP (5)
C,60,53,15.8,Increased WIP (5)
C,60,66,16.4,Increased WIP (5)
C,62,63,17.0,Increased WIP (5)
C,63,41,16.33,Increased WIP (5)
C,65,44,15.55,Increased WIP (5)
C,54,63,16.11,Increased WIP (5)
C,48,68,18.33,Increased WIP (5)
C,60,65,17.0,Increased WIP (5)
C,57,65,17.67,Increased WIP (5)
C,44,64,0.0,Increased WIP (5)
C,59,62,17.64,Increased WIP (5)
C,53,74,17.5,Increased WIP (5)
C,62,45,14.24,Increased WIP (5)
C,65,57,16.65,Increased WIP (5)
C,57,53,17.83,Increased WIP (5)
C,57,54,16.33,Increased WIP (5)
C,62,54,15.24,Increased WIP (5)
C,54,44,17.89,Increased WIP (5)
C,58,55,17.15,Increased WIP (5)
C,53,63,19.38,Increased WIP (5)
C,61,44,15.81,Increased WIP (5)
C,55,68,16.5,Increased WIP (5)
C,56,66,18.09,Increased WIP (5)
C,48,68,20.0,Increased WIP (5)
C,61,38,15.31,Increased WIP (5)
C,63,45,15.0,Increased WIP (5)
C,55,60,17.3,Increased WIP (5)
C,59,59,15.79,Increased WIP (5)
C,61,46,15.12,Increased WIP (5)
C,55,53,17.9,Increased WIP (5)
C,54,59,17.56,Increased WIP (5)
C,55,67,17.0,Increased WIP (5)
C,55,63,17.2,Increased WIP (5)
C,48,74,19.33,Increased WIP (5)
C,59,52,16.21,Increased WIP (5)
C,58,52,17.23,Increased WIP (5)
C,55,67,18.0,Increased WIP (5)
C,58,51,16.08,Increased WIP (5)
C,52,59,17.86,Increased WIP (5)
C,56,66,17.45,Increased WIP (5)
C,52,61,17.71,Increased WIP (5)
C,60,65,16.13,Increased WIP (5)
C,53,60,17.75,Increased WIP (5)
C,60,44,15.2,Increased WIP (5)
C,58,60,16.0,Increased WIP (5)
C,58,61,16.46,Increased WIP (5)
C,61,61,15.38,Increased WIP (5)
C,57,46,17.67,Increased WIP (5)
C,56,64,15.45,Increased WIP (5)
C,61,46,14.12,Increased WIP (5)
C,53,60,16.88,Increased WIP (5)
C,64,32,15.53,Increased WIP (5)
C,59,41,16.07,Increased WIP (5)
C,53,49,18.25,Increased WIP (5)
C,60,56,15.4,Increased WIP (5)
C,49,53,19.25,Increased WIP (5)
C,57,49,16.83,Increased WIP (5)
C,56,55,15.82,Increased WIP (5)
C,57,52,17.5,Increased WIP (5)
C,56,58,16.18,Increased WIP (5)
C,57,64,18.08,Increased WIP (5)
C,61,44,15.62,Increased WIP (5)
C,57,76,17.17,Increased WIP (5)
C,56,63,17.64,Increased WIP (5)
C,51,63,18.67,Increased WIP (5)
C,62,48,14.82,Increased WIP (5)
C,64,49,15.53,Increased WIP (5)
C,55,52,17.9,Increased WIP (5)
C,56,63,17.45,Increased WIP (5)
C,46,59,20.0,Increased WIP (5)
C,58,57,17.23,Increased WIP (5)
C,59,55,16.64,Increased WIP (5)
C,61,58,15.19,Increased WIP (5)
C,61,49,16.12,Increased WIP (5)
C,57,63,17.25,Increased WIP (5)
C,55,61,17.0,Increased WIP (5)
C,54,41,17.11,Increased WIP (5)
C,58,69,17.23,Increased WIP (5)
C,61,65,16.12,Increased WIP (5)
C,58,52,15.62,Increased WIP (5)
C,60,46,12.6,Increased WIP (5)
C,51,72,18.0,Increased WIP (5)
C,55,51,17.5,Increased WIP (5)
C,54,48,18.33,Increased WIP (5)
C,65,48,13.7,Increased WIP (5)
C,60,60,16.73,Increased WIP (5)
C,55,64,17.9,Increased WIP (5)
C,52,67,18.86,Increased WIP (5)
C,54,56,17.67,Increased WIP (5)
C,57,57,15.25,Increased WIP (5)
C,59,41,14.29,Increased WIP (5)
C,57,64,17.42,Increased WIP (5)
C,54,61,17.67,Increased WIP (5)
C,54,62,18.22,Increased WIP (5)
C,62,52,15.24,Increased WIP (5)
C,63,54,15.56,Increased WIP (5)
C,61,69,15.94,Increased WIP (5)
C,62,45,15.82,Increased WIP (5)
C,55,61,17.4,Increased WIP (5)
C,53,57,17.75,Increased WIP (5)
C,54,63,16.67,Increased WIP (5)
C,59,65,17.43,Increased WIP (5)
C,60,64,17.33,Increased WIP (5)
C,59,58,17.43,Increased WIP (5)
C,55,42,17.2,Increased WIP (5)
C,59,62,16.0,Increased WIP (5)
C,56,58,16.91,Increased WIP (5)
C,55,59,18.1,Increased WIP (5)
C,66,53,16.14,Increased WIP (5)
C,52,58,16.86,Increased WIP (5)
C,54,65,18.22,Increased WIP (5)
C,56,57,16.0,Increased WIP (5)
C,50,72,18.6,Increased WIP (5)
C,53,56,18.5,Increased WIP (5)
C,60,60,15.67,Increased WIP (5)
C,58,54,16.62,Increased WIP (5)
C,56,40,16.91,Increased WIP (5)
C,59,36,14.29,Increased WIP (5)
C,57,66,17.25,Increased WIP (5)
C,56,81,17.09,Increased WIP (5)
C,56,50,15.64,Increased WIP (5)
C,60,48,15.47,Increased WIP (5)
C,59,60,15.57,Increased WIP (5)
C,56,62,16.82,Increased WIP (5)
C,58,50,17.38,Increased WIP (5)
C,51,62,17.83,Increased WIP (5)
C,57,64,16.83,Increased WIP (5)
C,60,48,14.87,Increased WIP (5)
C,57,50,16.5,Increased WIP (5)
C,59,54,17.0,Increased WIP (5)
C,63,62,15.56,Increased WIP (5)
C,51,51,18.33,Increased WIP (5)
C,56,65,16.36,Increased WIP (5)
C,63,56,15.89,Increased WIP (5)
C,59,68,16.43,Increased WIP (5)
C,57,56,17.58,Increased WIP (5)
C,61,47,16.31,Increased WIP (5)
C,56,48,17.27,Increased WIP (5)
C,58,62,16.92,Increased WIP (5)
C,57,35,16.67,Increased WIP (5)
C,58,49,16.62,Increased WIP (5)
C,59,66,16.07,Increased WIP (5)
C,58,54,17.23,Increased WIP (5)
C,59,58,16.71,Increased WIP (5)
C,54,58,17.44,Increased WIP (5)
C,57,53,15.75,Increased WIP (5)
C,52,69,18.57,Increased WIP (5)
C,57,62,16.42,Increased WIP (5)
C,54,77,17.56,Increased WIP (5)
C,53,68,16.25,Increased WIP (5)
C,57,63,16.92,Increased WIP (5)
C,57,51,17.33,Increased WIP (5)
C,51,69,19.83,Increased WIP (5)
C,53,51,18.0,Increased WIP (5)
C,58,62,16.62,Increased WIP (5)
C,53,64,18.12,Increased WIP (5)
C,57,62,16.75,Increased WIP (5)
C,54,61,18.44,Increased WIP (5)
C,57,53,17.33,Increased WIP (5)
C,54,62,16.89,Increased WIP (5)
C,54,54,16.67,Increased WIP (5)
C,60,53,16.07,Increased WIP (5)
C,53,53,18.12,Increased WIP (5)
C,57,67,16.58,Increased WIP (5)
C,56,59,17.45,Increased WIP (5)
C,55,75,17.7,Increased WIP (5)
C,61,65,14.88,Increased WIP (5)
C,59,63,16.71,Increased WIP (5)
C,62,51,15.24,Increased WIP (5)
C,52,69,17.43,Increased WIP (5)
C,47,80,19.5,Increased WIP (5)
C,60,64,15.93,Increased WIP (5)
C,59,65,15.21,Increased WIP (5)
C,56,77,16.73,Increased WIP (5)
C,59,59,16.29,Increased WIP (5)
C,63,41,14.22,Increased WIP (5)
C,57,43,15.17,Increased WIP (5)
C,53,53,17.75,Increased WIP (5)
C,53,74,19.0,Increased WIP (5)
C,54,65,17.78,Increased WIP (5)
C,51,70,18.5,Increased WIP (5)
C,51,74,19.67,Increased WIP (5)
C,55,58,17.0,Increased WIP (5)
C,58,53,15.38,Increased WIP (5)
C,57,55,17.75,Increased WIP (5)
C,49,56,17.75,Increased WIP (5)
C,52,60,19.0,Increased WIP (5)
C,45,62,0.0,Increased WIP (5)
C,47,68,19.5,Increased WIP (5)
C,64,42,15.68,Increased WIP (5)
C,60,49,14.2,Increased WIP (5)
C,53,78,17.75,Increased WIP (5)
C,63,61,15.83,Increased WIP (5)
C,53,57,16.88,Increased WIP (5)
C,52,69,18.86,Increased WIP (5)
C,52,63,18.14,Increased WIP (5)
C,60,55,16.0,Increased WIP (5)
C,59,60,15.0,Increased WIP (5)
C,59,64,16.29,Increased WIP (5)
C,58,52,16.85,Increased WIP (5)
C,60,50,16.67,Increased WIP (5)
C,60,70,15.8,Increased WIP (5)
C,65,43,14.95,Increased WIP (5)
C,49,67,19.75,Increased WIP (5)
C,55,45,15.8,Increased WIP (5)
C,61,43,15.19,Increased WIP (5)
C,57,69,17.08,Increased WIP (5)
C,52,52,18.57,Increased WIP (5)
C,51,64,17.67,Increased WIP (5)
C,61,50,16.38,Increased WIP (5)
C,57,49,15.42,Increased WIP (5)
C,53,48,18.0,Increased WIP (5)
C,63,55,15.89,Increased WIP (5)
C,58,58,17.23,Increased WIP (5)
C,56,55,17.18,Increased WIP (5)
C,52,61,19.29,Increased WIP (5)
C,62,58,16.47,Increased WIP (5)
C,58,65,16.08,Increased WIP (5)
C,55,71,17.5,Increased WIP (5)
C,62,66,15.24,Increased WIP (5)
C,54,69,18.11,Increased WIP (5)
C,60,57,16.67,Increased WIP (5)
C,60,47,16.2,Increased WIP (5)
C,52,59,19.43,Increased WIP (5)
C,62,47,15.41,Increased WIP (5)
C,56,64,17.45,Increased WIP (5)
C,61,61,17.25,Increased WIP (5)
C,60,63,16.73,Increased WIP (5)
C,56,49,18.18,Increased WIP (5)
C,61,49,14.88,Increased WIP (5)
C,57,65,17.25,Increased WIP (5)
C,58,63,17.62,Increased WIP (5)
C,61,67,16.75,Increased WIP (5)
C,60,70,16.73,Increased WIP (5)
C,62,45,12.94,Increased WIP (5)
C,60,45,15.07,Increased WIP (5)
C,61,47,14.81,Increased WIP (5)
C,51,65,18.17,Increased WIP (5)
C,59,70,16.64,Increased WIP (5)
C,56,61,16.27,Increased WIP (5)
C,48,54,19.67,Increased WIP (5)
C,54,49,16.78,Increased WIP (5)
C,56,61,17.45,Increased WIP (5)
C,55,47,17.1,Increased WIP (5)
C,61,57,16.88,Increased WIP (5)
C,55,65,17.9,Increased WIP (5)
C,57,54,15.83,Increased WIP (5)
C,63,57,15.89,Increased WIP (5)
C,59,48,14.79,Increased WIP (5)
C,57,52,17.67,Increased WIP (5)
C,58,50,15.23,Increased WIP (5)
C,57,51,16.33,Increased WIP (5)
C,59,61,15.71,Increased WIP (5)
C,50,60,17.0,Increased WIP (5)
C,54,69,17.44,Increased WIP (5)
C,55,74,18.0,Increased WIP (5)
C,55,54,16.1,Increased WIP (5)
C,60,50,14.8,Increased WIP (5)
C,55,61,17.5,Increased WIP (5)
C,58,42,15.62,Increased WIP (5)
C,54,57,17.11,Increased WIP (5)
C,57,48,16.08,Increased WIP (5)
C,48,67,19.0,Increased WIP (5)
C,61,56,15.94,Increased WIP (5)
C,61,50,16.62,Increased WIP (5)
C,58,56,17.0,Increased WIP (5)
C,61,48,16.44,Increased WIP (5)
C,60,66,15.73,Increased WIP (5)
C,54,49,16.33,Increased WIP (5)
C,53,59,16.25,Increased WIP (5)
C,50,48,18.0,Increased WIP (5)
C,61,47,15.56,Increased WIP (5)
C,54,63,17.0,Increased WIP (5)
C,52,68,18.57,Increased WIP (5)
C,54,55,17.11,Increased WIP (5)
C,60,63,17.27,Increased WIP (5)
C,52,61,18.86,Increased WIP (5)
C,53,68,18.62,Increased WIP (5)
C,61,49,16.5,Increased WIP (5)
C,51,62,18.0,Increased WIP (5)
C,52,63,18.71,Increased WIP (5)
C,57,54,14.58,Increased WIP (5)
C,61,64,17.19,Increased WIP (5)
C,53,48,17.62,Increased WIP (5)
C,65,50,15.5,Increased WIP (5)
C,60,54,15.27,Increased WIP (5)
C,57,57,17.58,Increased WIP (5)
C,63,36,15.89,Increased WIP (5)
C,50,71,18.2,Increased WIP (5)
C,56,65,18.18,Increased WIP (5)
C,55,61,18.2,Increased WIP (5)
C,59,56,15.86,Increased WIP (5)
C,65,50,15.6,Increased WIP (5)
C,64,54,15.53,Increased WIP (5)
C,52,58,17.0,Increased WIP (5)
C,45,80,0.0,Increased WIP (5)
C,59,56,16.0,Increased WIP (5)
C,57,55,16.67,Increased WIP (5)
C,60,57,14.67,Increased WIP (5)
C,61,61,16.0,Increased WIP (5)
C,61,64,15.94,Increased WIP (5)
C,60,63,16.47,Increased WIP (5)
C,61,51,16.19,Increased WIP (5)
C,62,47,16.76,Increased WIP (5)
C,61,58,16.25,Increased WIP (5)
C,59,52,15.57,Increased WIP (5)
C,52,55,17.14,Increased WIP (5)
C,57,50,16.82,Increased WIP (5)
C,61,45,14.69,Increased WIP (5)
C,54,62,17.89,Increased WIP (5)
C,64,57,16.68,Increased WIP (5)
C,61,51,14.56,Increased WIP (5)
C,58,57,17.08,Increased WIP (5)
C,56,60,17.18,Increased WIP (5)
C,58,46,17.38,Increased WIP (5)
C,57,51,17.58,Increased WIP (5)
C,57,54,16.25,Increased WIP (5)
C,55,66,17.4,Increased WIP (5)
C,57,68,17.75,Increased WIP (5)
C,59,53,15.07,Increased WIP (5)
C,59,50,15.86,Increased WIP (5)
C,57,79,16.92,Increased WIP (5)
C,60,66,17.13,Increased WIP (5)
C,55,63,18.3,Increased WIP (5)
C,51,57,18.17,Increased WIP (5)
C,56,60,18.73,Increased WIP (5)
C,56,51,16.55,Increased WIP (5)
C,54,71,18.33,Increased WIP (5)
C,58,55,16.69,Increased WIP (5)
C,59,45,17.14,Increased WIP (5)
C,60,64,16.33,Increased WIP (5)
C,60,59,16.07,Increased WIP (5)
C,64,48,15.21,Increased WIP (5)
C,51,59,18.67,Increased WIP (5)
C,54,66,17.67,Increased WIP (5)
C,63,73,15.72,Increased WIP (5)
C,60,61,16.0,Increased WIP (5)
C,55,64,17.4,Increased WIP (5)
C,62,45,14.94,Increased WIP (5)
C,57,54,17.0,Increased WIP (5)
C,51,64,18.5,Increased WIP (5)
C,57,76,17.58,Increased WIP (5)
C,45,65,0.0,Increased WIP (5)
C,54,53,17.78,Increased WIP (5)
C,58,59,16.54,Increased WIP (5)
C,49,63,18.75,Increased WIP (5)
C,58,57,16.85,Increased WIP (5)
C,57,66,17.42,Increased WIP (5)
C,50,57,19.6,Increased WIP (5)
C,61,64,16.94,Increased WIP (5)
C,58,48,14.62,Increased WIP (5)
C,50,73,19.4,Increased WIP (5)
C,58,62,17.0,Increased WIP (5)
C,62,50,14.41,Increased WIP (5)
C,55,57,18.7,Increased WIP (5)
C,64,54,15.53,Increased WIP (5)
C,59,54,16.29,Increased WIP (5)
C,55,52,17.2,Increased WIP (5)
C,63,62,14.78,Increased WIP (5)
C,52,69,18.57,Increased WIP (5)
C,61,53,15.88,Increased WIP (5)
C,60,50,16.33,Increased WIP (5)
C,59,58,16.07,Increased WIP (5)
C,55,60,17.1,Increased WIP (5)
C,46,73,20.0,Increased WIP (5)
C,59,57,16.93,Increased WIP (5)
C,59,40,17.07,Increased WIP (5)
C,62,47,16.41,Increased WIP (5)
C,62,47,17.0,Increased WIP (5)
C,48,72,20.0,Increased WIP (5)
C,47,65,19.5,Increased WIP (5)
C,58,67,17.54,Increased WIP (5)
C,59,62,15.43,Increased WIP (5)
C,62,52,15.88,Increased WIP (5)
C,53,67,17.25,Increased WIP (5)
C,56,54,17.82,Increased WIP (5)
C,62,65,16.88,Increased WIP (5)
C,62,58,17.24,Increased WIP (5)
C,59,54,13.57,Increased WIP (5)
C,56,59,17.55,Increased WIP (5)
C,52,54,17.71,Increased WIP (5)
C,55,65,17.9,Increased WIP (5)
C,56,60,17.09,Increased WIP (5)
C,61,55,16.06,Increased WIP (5)
C,55,65,17.7,Increased WIP (5)
C,60,47,15.67,Increased WIP (5)
C,49,75,19.0,Increased WIP (5)
C,58,59,16.69,Increased WIP (5)
C,56,60,16.45,Increased WIP (5)
C,52,57,17.71,Increased WIP (5)
C,56,58,17.82,Increased WIP (5)
C,62,55,15.41,Increased WIP (5)
C,60,55,15.53,Increased WIP (5)
C,60,52,16.27,Increased WIP (5)
C,56,63,16.73,Increased WIP (5)
C,59,58,15.79,Increased WIP (5)
C,57,63,17.58,Increased WIP (5)
C,49,77,19.0,Increased WIP (5)
C,56,58,17.64,Increased WIP (5)
C,54,49,16.33,Increased WIP (5)
C,46,68,20.0,Increased WIP (5)
C,59,50,16.0,Increased WIP (5)
C,57,65,16.42,Increased WIP (5)
C,57,74,17.0,Increased WIP (5)
C,58,48,17.0,Increased WIP (5)
C,60,58,17.53,Increased WIP (5)
C,62,44,15.47,Increased WIP (5)
C,59,56,16.79,Increased WIP (5)
C,50,59,17.4,Increased WIP (5)
C,60,50,15.93,Increased WIP (5)
C,52,64,19.71,Increased WIP (5)
C,57,50,15.92,Increased WIP (5)
C,55,56,17.4,Increased WIP (5)
C,56,69,18.18,Increased WIP (5)
C,57,68,18.25,Increased WIP (5)
C,58,68,16.08,Increased WIP (5)
C,64,55,15.37,Increased WIP (5)
C,62,49,16.18,Increased WIP (5)
C,54,55,18.0,Increased WIP (5)
C,59,56,16.93,Increased WIP (5)
C,55,53,17.5,Increased WIP (5)
C,60,52,15.07,Increased WIP (5)
C,61,49,15.06,Increased WIP (5)
C,54,65,17.0,Increased WIP (5)
C,55,61,18.3,Increased WIP (5)
C,55,66,17.1,Increased WIP (5)
C,60,56,16.4,Increased WIP (5)
C,60,53,15.4,Increased WIP (5)
C,57,55,15.5,Increased WIP (5)
C,61,45,15.31,Increased WIP (5)
C,56,69,18.0,Increased WIP (5)
C,54,58,17.67,Increased WIP (5)
C,58,62,16.54,Increased WIP (5)
C,66,59,15.57,Increased WIP (5)
C,49,61,19.5,Increased WIP (5)
C,54,61,17.0,Increased WIP (5)
C,57,64,18.75,Increased WIP (5)
C,55,62,17.9,Increased WIP (5)
C,56,43,17.09,Increased WIP (5)
C,52,57,18.14,Increased WIP (5)
C,55,68,17.6,Increased WIP (5)
C,57,47,16.58,Increased WIP (5)
C,56,59,16.82,Increased WIP (5)
C,60,60,15.8,Increased WIP (5)
C,59,53,16.36,Increased WIP (5)
C,57,52,16.17,Increased WIP (5)
C,50,66,19.8,Increased WIP (5)
C,53,53,17.62,Increased WIP (5)
C,59,67,15.5,Increased WIP (5)
C,58,60,16.92,Increased WIP (5)
C,56,59,18.0,Increased WIP (5)
C,57,53,17.33,Increased WIP (5)
C,68,49,14.17,Increased WIP (5)
C,58,45,16.54,Increased WIP (5)
C,60,46,16.73,Increased WIP (5)
C,56,61,16.64,Increased WIP (5)
C,62,58,16.12,Increased WIP (5)
C,63,56,15.11,Increased WIP (5)
C,62,65,16.88,Increased WIP (5)
C,55,60,18.4,Increased WIP (5)
C,62,58,15.12,Increased WIP (5)
C,68,49,15.61,Increased WIP (5)
C,50,69,19.0,Increased WIP (5)
C,61,62,15.69,Increased WIP (5)
C,60,65,16.47,Increased WIP (5)
C,57,58,16.5,Increased WIP (5)
C,61,57,15.94,Increased WIP (5)
C,57,57,17.08,Increased WIP (5)
C,60,62,16.33,Increased WIP (5)
C,53,61,17.12,Increased WIP (5)
C,55,69,17.0,Increased WIP (5)
C,61,45,15.75,Increased WIP (5)
C,63,52,15.33,Increased WIP (5)
C,59,67,16.43,Increased WIP (5)
C,56,57,16.55,Increased WIP (5)
C,56,59,16.09,Increased WIP (5)
C,58,65,16.0,Increased WIP (5)
C,60,61,15.47,Increased WIP (5)
C,56,54,15.82,Increased WIP (5)
C,59,47,15.57,Increased WIP (5)
C,55,65,17.8,Increased WIP (5)
C,66,48,14.05,Increased WIP (5)
C,54,65,17.0,Increased WIP (5)
C,55,57,17.4,Increased WIP (5)
C,61,57,15.56,Increased WIP (5)
C,61,61,15.69,Increased WIP (5)
C,61,51,16.31,Increased WIP (5)
C,61,45,16.31,Increased WIP (5)
C,53,57,17.0,Increased WIP (5)
C,51,68,18.0,Increased WIP (5)
C,59,70,16.79,Increased WIP (5)
C,60,54,15.27,Increased WIP (5)
C,57,59,18.08,Increased WIP (5)
C,60,69,16.4,Increased WIP (5)
C,53,52,18.25,Increased WIP (5)
C,58,65,15.69,Increased WIP (5)
C,54,46,16.56,Increased WIP (5)
C,57,64,16.25,Increased WIP (5)
C,46,68,20.0,Increased WIP (5)
C,60,40,16.33,Increased WIP (5)
C,56,64,18.18,Increased WIP (5)
C,61,59,15.88,Increased WIP (5)
C,61,61,15.0,Increased WIP (5)
C,60,60,16.73,Increased WIP (5)
C,60,54,17.33,Increased WIP (5)
C,60,64,17.07,Increased WIP (5)
C,56,75,18.27,Increased WIP (5)
C,58,62,16.23,Increased WIP (5)
C,52,69,18.29,Increased WIP (5)
C,66,62,16.33,Increased WIP (5)
C,60,63,15.2,Increased WIP (5)
C,67,49,15.05,Increased WIP (5)
C,58,54,15.77,Increased WIP (5)
C,62,61,16.06,Increased WIP (5)
C,63,50,16.11,Increased WIP (5)
C,63,51,16.67,Increased WIP (5)
C,54,46,17.44,Increased WIP (5)
C,61,53,16.69,Increased WIP (5)
C,62,63,15.47,Increased WIP (5)
C,58,42,14.69,Increased WIP (5)
C,60,49,15.53,Increased WIP (5)
C,59,54,15.14,Increased WIP (5)
C,59,54,16.57,Increased WIP (5)
C,59,62,16.36,Increased WIP (5)
C,57,52,16.67,Increased WIP (5)
C,59,59,15.93,Increased WIP (5)
C,51,75,19.5,Increased WIP (5)
C,63,55,15.94,Increased WIP (5)
C,57,57,16.5,Increased WIP (5)
C,59,40,15.79,Increased WIP (5)
C,62,54,15.76,Increased WIP (5)
C,58,45,17.85,Increased WIP (5)
C,58,56,16.77,Increased WIP (5)
C,49,66,18.5,Increased WIP (5)
C,56,50,16.82,Increased WIP (5)
C,57,56,16.25,Increased WIP (5)
C,57,69,16.83,Increased WIP (5)
C,47,73,19.5,Increased WIP (5)
C,63,59,15.28,Increased WIP (5)
C,52,56,18.14,Increased WIP (5)
C,63,59,16.0,Increased WIP (5)
C,50,51,18.6,Increased WIP (5)
C,56,45,15.82,Increased WIP (5)
C,62,58,16.0,Increased WIP (5)
C,59,44,16.64,Increased WIP (5)
C,56,56,16.82,Increased WIP (5)
C,57,57,16.08,Increased WIP (5)
C,58,65,18.08,Increased WIP (5)
C,51,48,17.17,Increased WIP (5)
C,60,62,16.07,Increased WIP (5)
C,53,50,18.0,Increased WIP (5)
C,52,70,17.43,Increased WIP (5)
C,59,63,17.43,Increased WIP (5)
C,56,58,17.18,Increased WIP (5)
C,57,59,16.75,Increased WIP (5)
C,61,61,16.81,Increased WIP (5)
C,59,50,14.57,Increased WIP (5)
C,61,58,16.31,Increased WIP (5)
C,59,52,17.5,Increased WIP (5)
C,61,61,16.44,Increased WIP (5)
C,60,40,13.93,Increased WIP (5)
C,63,57,15.39,Increased WIP (5)
C,56,64,18.09,Increased WIP (5)
C,49,54,19.0,Increased WIP (5)
C,56,71,17.0,Increased WIP (5)
C,54,63,17.67,Increased WIP (5)
C,58,61,14.46,Increased WIP (5)
C,56,76,17.55,Increased WIP (5)
C,58,50,16.08,Increased WIP (5)
C,49,60,20.0,Increased WIP (5)
C,56,71,18.73,Increased WIP (5)
C,61,40,15.94,Increased WIP (5)
C,61,49,14.25,Increased WIP (5)
C,60,42,14.47,Increased WIP (5)
C,55,65,17.2,Increased WIP (5)
C,56,57,16.18,Increased WIP (5)
C,62,47,15.94,Increased WIP (5)
C,65,51,15.05,Increased WIP (5)
C,55,53,18.0,Increased WIP (5)
C,62,54,14.65,Increased WIP (5)
C,60,45,15.4,Increased WIP (5)
C,64,42,15.95,Increased WIP (5)
C,54,74,16.89,Increased WIP (5)
C,59,67,16.86,Increased WIP (5)
C,59,46,15.64,Increased WIP (5)
C,64,40,14.74,Increased WIP (5)
C,57,53,17.75,Increased WIP (5)
C,55,56,16.9,Increased WIP (5)
C,53,69,19.0,Increased WIP (5)
C,60,59,15.13,Increased WIP (5)
C,58,59,16.92,Increased WIP (5)
C,46,74,20.0,Increased WIP (5)
C,51,65,19.33,Increased WIP (5)
C,56,69,16.91,Increased WIP (5)
C,54,58,18.67,Increased WIP (5)
C,56,54,15.0,Increased WIP (5)
C,61,57,16.44,Increased WIP (5)
C,54,68,17.78,Increased WIP (5)
C,61,66,16.12,Increased WIP (5)
C,56,59,17.36,Increased WIP (5)
C,49,69,19.25,Increased WIP (5)
C,49,80,18.0,Increased WIP (5)
C,55,60,16.1,Increased WIP (5)
C,54,66,17.56,Increased WIP (5)
C,53,59,18.38,Increased WIP (5)
C,55,84,17.3,Increased WIP (5)
C,52,73,18.29,Increased WIP (5)
C,59,54,16.36,Increased WIP (5)
C,58,58,17.0,Increased WIP (5)
C,55,64,17.7,Increased WIP (5)
C,53,55,17.25,Increased WIP (5)
C,63,51,15.5,Increased WIP (5)
C,59,58,16.29,Increased WIP (5)
C,59,51,17.07,Increased WIP (5)
C,59,80,17.86,Increased WIP (5)
C,59,71,16.64,Increased WIP (5)
C,58,46,15.46,Increased WIP (5)
C,55,57,18.0,Increased WIP (5)
C,57,62,17.33,Increased WIP (5)
C,65,48,16.05,Increased WIP (5)
C,62,58,15.94,Increased WIP (5)
C,60,50,15.0,Increased WIP (5)
C,58,54,17.0,Increased WIP (5)
C,60,57,16.53,Increased WIP (5)
C,58,40,16.31,Increased WIP (5)
C,64,60,15.47,Increased WIP (5)
C,57,53,16.58,Increased WIP (5)
C,56,76,16.91,Increased WIP (5)
C,52,59,17.14,Increased WIP (5)
C,63,56,15.5,Increased WIP (5)
C,56,60,17.82,Increased WIP (5)
C,58,66,16.54,Increased WIP (5)
C,52,61,18.71,Increased WIP (5)
C,61,47,15.31,Increased WIP (5)
C,62,54,15.82,Increased WIP (5)
C,58,59,14.77,Increased WIP (5)
C,61,61,15.56,Increased WIP (5)
C,57,69,18.08,Increased WIP (5)
C,54,57,18.11,Increased WIP (5)
C,59,56,16.36,Increased WIP (5)
C,57,49,15.33,Increased WIP (5)
C,56,61,17.27,Increased WIP (5)
C,55,54,16.8,Increased WIP (5)
C,66,63,14.95,Increased WIP (5)
C,56,61,17.45,Increased WIP (5)
C,49,57,19.5,Increased WIP (5)
C,61,67,16.06,Increased WIP (5)
C,56,68,17.45,Increased WIP (5)
C,54,55,18.56,Increased WIP (5)
C,57,50,16.5,Increased WIP (5)
C,58,68,17.23,Increased WIP (5)
C,61,56,16.69,Increased WIP (5)
C,53,48,18.12,Increased WIP (5)
C,65,55,16.85,Increased WIP (5)
C,60,48,16.13,Increased WIP (5)
C,57,58,17.17,Increased WIP (5)
C,53,66,18.25,Increased WIP (5)
C,62,47,15.47,Increased WIP (5)
C,60,52,17.0,Increased WIP (5)
C,49,72,18.75,Increased WIP (5)
C,59,61,16.79,Increased WIP (5)
C,53,67,19.12,Increased WIP (5)
C,52,66,18.57,Increased WIP (5)
C,52,50,18.57,Increased WIP (5)
C,59,51,15.43,Increased WIP (5)
C,53,61,16.62,Increased WIP (5)
C,65,36,15.45,Increased WIP (5)
C,61,49,16.38,Increased WIP (5)
C,54,68,16.89,Increased WIP (5)
C,56,54,16.55,Increased WIP (5)
C,56,58,17.18,Increased WIP (5)
C,58,39,15.31,Increased WIP (5)
C,50,69,18.4,Increased WIP (5)
C,59,53,16.57,Increased WIP (5)
C,61,58,16.38,Increased WIP (5)
C,51,62,18.17,Increased WIP (5)
C,55,58,16.1,Increased WIP (5)
C,60,53,15.13,Increased WIP (5)
C,62,51,16.12,Increased WIP (5)
C,58,67,16.62,Increased WIP (5)
C,56,57,16.09,Increased WIP (5)
C,56,46,16.36,Increased WIP (5)
C,55,57,15.1,Increased WIP (5)
C,64,37,13.63,Increased WIP (5)
C,58,51,16.31,Increased WIP (5)
C,60,69,16.27,Increased WIP (5)
C,53,72,16.38,Increased WIP (5)
C,57,61,17.83,Increased WIP (5)
C,58,67,16.92,Increased WIP (5)
C,56,51,16.55,Increased WIP (5)
C,63,60,15.22,Increased WIP (5)
C,60,48,16.87,Increased WIP (5)
C,59,52,16.64,Increased WIP (5)
C,53,54,18.5,Increased WIP (5)
C,52,66,19.43,Increased WIP (5)
C,61,49,14.75,Increased WIP (5)
C,59,55,16.5,Increased WIP (5)
C,58,71,17.38,Increased WIP (5)
C,53,60,17.5,Increased WIP (5)
C,49,53,18.75,Increased WIP (5)
C,57,78,17.5,Increased WIP (5)
C,55,63,17.9,Increased WIP (5)
C,56,63,17.55,Increased WIP (5)
C,56,52,17.27,Increased WIP (5)
C,55,55,15.6,Increased WIP (5)
C,56,57,15.55,Increased WIP (5)
C,54,59,18.0,Increased WIP (5)
C,57,45,16.25,Increased WIP (5)
C,60,51,15.27,Increased WIP (5)
C,50,79,18.0,Increased WIP (5)
C,53,65,17.5,Increased WIP (5)
C,58,44,16.46,Increased WIP (5)
C,59,42,15.14,Increased WIP (5)
C,54,67,17.56,Increased WIP (5)
C,58,37,14.15,Increased WIP (5)
C,48,67,19.0,Increased WIP (5)
C,57,68,17.75,Increased WIP (5)
C,52,61,18.0,Increased WIP (5)
C,61,48,16.0,Increased WIP (5)
C,55,51,16.7,Increased WIP (5)
C,60,45,14.67,Increased WIP (5)
C,55,67,17.1,Increased WIP (5)
C,60,56,16.27,Increased WIP (5)
C,63,24,13.83,Increased WIP (5)
C,59,55,16.0,Increased WIP (5)
C,55,66,18.6,Increased WIP (5)
C,53,61,18.75,Increased WIP (5)
C,54,63,19.11,Increased WIP (5)
C,59,49,17.21,Increased WIP (5)
C,52,64,19.0,Increased WIP (5)
C,59,55,16.43,Increased WIP (5)
C,46,69,20.0,Increased WIP (5)
C,64,51,15.68,Increased WIP (5)
C,54,61,17.22,Increased WIP (5)
C,63,54,15.83,Increased WIP (5)
C,60,62,16.93,Increased WIP (5)
C,65,43,14.05,Increased WIP (5)
C,48,72,20.0,Increased WIP (5)
C,58,51,15.38,Increased WIP (5)
C,56,67,17.64,Increased WIP (5)
C,62,54,15.35,Increased WIP (5)
C,57,78,16.83,Increased WIP (5)
C,53,72,19.12,Increased WIP (5)
C,60,68,16.07,Increased WIP (5)
C,52,67,19.29,Increased WIP (5)
C,56,74,17.55,Increased WIP (5)
C,57,65,15.92,Increased WIP (5)
C,57,61,17.17,Increased WIP (5)
C,62,47,16.76,Increased WIP (5)
C,63,58,16.28,Increased WIP (5)
C,55,69,17.4,Increased WIP (5)
C,60,56,17.6,Increased WIP (5)
C,57,60,17.75,Increased WIP (5)
C,55,63,16.2,Increased WIP (5)
C,60,55,15.73,Increased WIP (5)
C,54,61,15.78,Increased WIP (5)
C,51,83,19.17,Increased WIP (5)
C,60,63,15.4,Increased WIP (5)
C,63,55,15.22,Increased WIP (5)
C,62,69,16.47,Increased WIP (5)
C,62,46,15.41,Increased WIP (5)
C,63,63,15.22,Increased WIP (5)
C,63,56,16.44,Increased WIP (5)
C,57,59,15.67,Increased WIP (5)
C,56,62,17.18,Increased WIP (5)
C,60,42,15.33,Increased WIP (5)
C,62,52,16.12,Increased WIP (5)
C,56,71,17.55,Increased WIP (5)
C,55,58,17.2,Increased WIP (5)
C,61,48,16.75,Increased WIP (5)
C,50,57,19.6,Increased WIP (5)
C,57,57,15.0,Increased WIP (5)
C,63,58,16.72,Increased WIP (5)
C,59,63,17.86,Increased WIP (5)
C,63,50,15.0,Increased WIP (5)
C,54,41,17.33,Increased WIP (5)
C,59,55,14.86,Increased WIP (5)
C,55,68,18.0,Increased WIP (5)
C,56,45,16.45,Increased WIP (5)
C,63,58,16.44,Increased WIP (5)
C,61,58,17.31,Increased WIP (5)
C,54,53,17.11,Increased WIP (5)
C,59,51,15.43,Increased WIP (5)
C,47,53,20.0,Increased WIP (5)
C,51,60,18.67,Increased WIP (5)
C,62,55,16.59,Increased WIP (5)
C,63,65,16.83,Increased WIP (5)
C,57,68,18.17,Increased WIP (5)
C,61,49,16.88,Increased WIP (5)
C,59,49,15.57,Increased WIP (5)
C,54,53,18.33,Increased WIP (5)
C,54,57,16.0,Increased WIP (5)
C,57,55,17.08,Increased WIP (5)
C,59,53,16.57,Increased WIP (5)
C,62,57,16.88,Increased WIP (5)
C,55,68,18.2,Increased WIP (5)
C,62,55,13.88,Increased WIP (5)
C,58,58,17.08,Increased WIP (5)
C,55,50,17.4,Increased WIP (5)
C,52,49,17.14,Increased WIP (5)
C,60,46,15.2,Increased WIP (5)
C,60,51,16.87,Increased WIP (5)
C,62,48,14.35,Increased WIP (5)
C,61,57,16.25,Increased WIP (5)
C,65,43,15.45,Increased WIP (5)
C,57,48,16.33,Increased WIP (5)
C,57,71,17.42,Increased WIP (5)
C,60,58,14.33,Increased WIP (5)
C,60,49,13.87,Increased WIP (5)
C,55,75,18.2,Increased WIP (5)
C,57,62,16.17,Increased WIP (5)
C,48,65,20.0,Increased WIP (5)
C,66,54,16.0,Increased WIP (5)
C,63,58,15.17,Increased WIP (5)
C,54,76,17.78,Increased WIP (5)
C,55,56,15.8,Increased WIP (5)
C,57,70,16.5,Increased WIP (5)
C,57,63,16.42,Increased WIP (5)
C,57,54,17.25,Increased WIP (5)
C,53,58,18.75,Increased WIP (5)
C,55,62,17.9,Increased WIP (5)
C,48,68,18.67,Increased WIP (5)
C,56,55,16.91,Increased WIP (5)
C,58,59,17.31,Increased WIP (5)
C,60,68,17.53,Increased WIP (5)
C,55,50,16.2,Increased WIP (5)
C,52,66,19.43,Increased WIP (5)
C,55,55,16.2,Increased WIP (5)
C,56,59,16.82,Increased WIP (5)
C,50,65,19.8,Increased WIP (5)
C,60,63,17.27,Increased WIP (5)
C,60,60,16.2,Increased WIP (5)
C,63,60,13.83,Increased WIP (5)
C,51,64,18.0,Increased WIP (5)
C,59,57,16.0,Increased WIP (5)
C,60,41,15.87,Increased WIP (5)
C,58,53,16.92,Increased WIP (5)
C,58,70,15.15,Increased WIP (5)
C,49,62,18.5,Increased WIP (5)
C,55,65,17.6,Increased WIP (5)
C,50,63,17.4,Increased WIP (5)
C,56,60,18.0,Increased WIP (5)
C,61,62,16.69,Increased WIP (5)
C,65,48,15.15,Increased WIP (5)
C,49,59,18.25,Increased WIP (5)
C,59,63,16.43,Increased WIP (5)
C,58,54,16.0,Increased WIP (5)
C,56,52,16.55,Increased WIP (5)
C,60,57,16.8,Increased WIP (5)
C,59,62,16.93,Increased WIP (5)
C,52,58,18.14,Increased WIP (5)
C,65,62,15.85,Increased WIP (5)
C,56,56,17.27,Increased WIP (5)
C,65,48,14.1,Increased WIP (5)
C,64,34,14.53,Increased WIP (5)
C,59,57,17.21,Increased WIP (5)
C,55,49,18.4,Increased WIP (5)
C,61,57,15.0,Increased WIP (5)
C,56,59,17.55,Increased WIP (5)
C,60,62,16.07,Increased WIP (5)
C,61,46,15.19,Increased WIP (5)
C,51,62,17.83,Increased WIP (5)
C,60,57,15.93,Increased WIP (5)
C,56,57,16.09,Increased WIP (5)
C,65,45,15.1,Increased WIP (5)
C,61,56,17.25,Increased WIP (5)
C,62,49,15.0,Increased WIP (5)
C,52,47,18.29,Increased WIP (5)
C,60,51,16.47,Increased WIP (5)
C,58,62,16.54,Increased WIP (5)
C,58,55,15.15,Increased WIP (5)
C,55,64,15.9,Increased WIP (5)
C,58,54,16.15,Increased WIP (5)
C,61,54,14.38,Increased WIP (5)
C,55,68,17.9,Increased WIP (5)
C,66,44,15.57,Increased WIP (5)
C,55,67,18.2,Increased WIP (5)
C,61,64,16.5,Increased WIP (5)
C,53,58,18.5,Increased WIP (5)
C,62,62,16.35,Increased WIP (5)
C,55,49,16.1,Increased WIP (5)
C,61,60,15.62,Increased WIP (5)
C,61,47,15.25,Increased WIP (5)
C,54,57,17.67,Increased WIP (5)
C,53,63,17.5,Increased WIP (5)
C,53,56,17.5,Increased WIP (5)
C,55,55,16.4,Increased WIP (5)
C,63,57,16.06,Increased WIP (5)
C,58,63,16.31,Increased WIP (5)
C,55,71,16.7,Increased WIP (5)
C,58,58,17.08,Increased WIP (5)
C,58,66,17.23,Increased WIP (5)
C,56,64,17.64,Increased WIP (5)
C,51,62,19.33,Increased WIP (5)
C,60,64,16.53,Increased WIP (5)
C,62,56,15.82,Increased WIP (5)
C,52,73,19.0,Increased WIP (5)
C,61,63,16.75,Increased WIP (5)
C,60,52,17.13,Increased WIP (5)
C,64,43,14.79,Increased WIP (5)
C,48,74,19.0,Increased WIP (5)
C,64,57,16.74,Increased WIP (5)
C,52,61,18.43,Increased WIP (5)
C,60,42,16.27,Increased WIP (5)
C,57,47,16.75,Increased WIP (5)
C,55,54,17.3,Increased WIP (5)
C,45,70,0.0,Increased WIP (5)
C,57,72,16.92,Increased WIP (5)
C,56,56,18.18,Increased WIP (5)
C,55,72,18.1,Increased WIP (5)
C,56,44,16.64,Increased WIP (5)
C,57,58,15.5,Increased WIP (5)
C,49,82,20.0,Increased WIP (5)
C,52,50,17.0,Increased WIP (5)
C,58,56,17.31,Increased WIP (5)
C,59,61,15.93,Increased WIP (5)
C,57,73,17.25,Increased WIP (5)
C,64,43,16.0,Increased WIP (5)
C,52,68,18.14,Increased WIP (5)
C,54,57,18.33,Increased WIP (5)
C,62,52,14.88,Increased WIP (5)
C,53,67,18.12,Increased WIP (5)
C,67,51,14.55,Increased WIP (5)
C,62,58,16.41,Increased WIP (5)
C,56,60,15.36,Increased WIP (5)
C,59,59,17.0,Increased WIP (5)
C,54,53,18.11,Increased WIP (5)
C,56,51,18.55,Increased WIP (5)
C,53,59,18.25,Increased WIP (5)
C,54,52,17.56,Increased WIP (5)
C,60,55,15.73,Increased WIP (5)
C,58,57,17.31,Increased WIP (5)
C,58,67,17.38,Increased WIP (5)
C,53,65,18.5,Increased WIP (5)
C,53,63,17.5,Increased WIP (5)
C,52,54,18.29,Increased WIP (5)
C,58,38,16.69,Increased WIP (5)
C,58,67,16.54,Increased WIP (5)
C,61,56,14.75,Increased WIP (5)
C,54,56,15.56,Increased WIP (5)
C,56,66,17.18,Increased WIP (5)
C,51,69,18.83,Increased WIP (5)
C,61,42,14.88,Increased WIP (5)
C,56,69,18.55,Increased WIP (5)
C,50,68,17.4,Increased WIP (5)
C,59,58,16.29,Increased WIP (5)
C,55,66,18.4,Increased WIP (5)
C,54,69,17.0,Increased WIP (5)
C,56,71,17.27,Increased WIP (5)
C,56,60,18.0,Increased WIP (5)
C,60,57,14.93,Increased WIP (5)
C,55,71,18.2,Increased WIP (5)
C,57,68,15.92,Increased WIP (5)
C,58,54,16.38,Increased WIP (5)
C,54,66,16.67,Increased WIP (5)
C,46,53,20.0,Increased WIP (5)
C,61,63,15.81,Increased WIP (5)
C,53,76,18.25,Increased WIP (5)
C,68,39,13.57,Increased WIP (5)
C,56,56,16.82,Increased WIP (5)
C,50,62,18.4,Increased WIP (5)
C,53,47,17.5,Increased WIP (5)
C,64,63,16.0,Increased WIP (5)
C,63,55,14.94,Increased WIP (5)
C,57,59,16.33,Increased WIP (5)
C,59,50,17.57,Increased WIP (5)
C,54,60,17.44,Increased WIP (5)
C,53,71,18.0,Increased WIP (5)
C,58,55,17.0,Increased WIP (5)
C,58,62,17.46,Increased WIP (5)
C,63,50,15.78,Increased WIP (5)
C,50,69,19.4,Increased WIP (5)
C,57,47,17.58,Increased WIP (5)
C,56,71,17.64,Increased WIP (5)
C,62,34,13.82,Increased WIP (5)
C,59,61,16.71,Increased WIP (5)
C,60,54,14.93,Increased WIP (5)
C,58,54,15.62,Increased WIP (5)
C,59,44,14.5,Increased WIP (5)
C,51,67,18.67,Increased WIP (5)
C,62,51,15.47,Increased WIP (5)
C,53,65,17.38,Increased WIP (5)
C,59,56,16.29,Increased WIP (5)
C,63,48,15.78,Increased WIP (5)
C,56,66,17.18,Increased WIP (5)
C,58,66,16.62,Increased WIP (5)
C,51,61,18.67,Increased WIP (5)
C,54,63,18.33,Increased WIP (5)
C,49,88,19.0,Increased WIP (5)
C,61,43,15.75,Increased WIP (5)
C,60,56,16.0,Increased WIP (5)
C,60,42,16.13,Increased WIP (5)
C,51,56,18.83,Increased WIP (5)
C,52,67,19.0,Increased WIP (5)
C,56,63,17.73,Increased WIP (5)
C,60,53,15.87,Increased WIP (5)
C,56,64,17.45,Increased WIP (5)
C,59,35,15.93,Increased WIP (5)
C,59,36,14.14,Increased WIP (5)
C,55,43,18.4,Increased WIP (5)
C,57,49,17.08,Increased WIP (5)
C,61,63,15.56,Increased WIP (5)
C,50,65,19.4,Increased WIP (5)
C,58,58,17.77,Increased WIP (5)
C,56,70,17.36,Increased WIP (5)
C,60,69,16.87,Increased WIP (5)
C,57,61,17.75,Increased WIP (5)
C,58,63,17.15,Increased WIP (5)
C,58,56,17.08,Increased WIP (5)
C,55,51,17.1,Increased WIP (5)
C,59,42,14.79,Increased WIP (5)
C,58,70,17.38,Increased WIP (5)
C,61,39,15.75,Increased WIP (5)
C,57,55,16.33,Increased WIP (5)
C,60,73,17.07,Increased WIP (5)
C,59,67,15.79,Increased WIP (5)
C,56,51,16.45,Increased WIP (5)
C,53,66,18.12,Increased WIP (5)
C,64,60,15.53,Increased WIP (5)
C,56,66,15.82,Increased WIP (5)
C,62,42,15.76,Increased WIP (5)
C,59,53,16.71,Increased WIP (5)
C,62,41,13.12,Increased WIP (5)
C,61,69,17.06,Increased WIP (5)
C,60,55,16.2,Increased WIP (5)
C,56,57,17.18,Increased WIP (5)
C,59,63,16.71,Increased WIP (5)
C,56,57,17.91,Increased WIP (5)
C,62,48,14.82,Increased WIP (5)
C,63,47,16.17,Increased WIP (5)
C,61,56,14.38,Increased WIP (5)
C,52,62,18.14,Increased WIP (5)
C,57,61,18.0,Increased WIP (5)
C,57,64,17.33,Increased WIP (5)
C,55,66,16.3,Increased WIP (5)
C,54,69,17.44,Increased WIP (5)
C,58,60,16.69,Increased WIP (5)
C,52,64,17.43,Increased WIP (5)
C,49,67,18.25,Increased WIP (5)
C,56,57,17.09,Increased WIP (5)
C,61,67,15.81,Increased WIP (5)
C,58,58,16.08,Increased WIP (5)
C,54,63,18.44,Increased WIP (5)
C,62,46,14.76,Increased WIP (5)
C,54,70,17.89,Increased WIP (5)
C,60,53,16.27,Increased WIP (5)
C,60,57,16.0,Increased WIP (5)
C,55,60,15.3,Increased WIP (5)
C,57,68,17.17,Increased WIP (5)
C,57,67,17.0,Increased WIP (5)
C,59,51,16.64,Increased WIP (5)
C,53,63,18.0,Increased WIP (5)
C,57,68,16.25,Increased WIP (5)
C,56,60,18.36,Increased WIP (5)
C,50,74,19.4,Increased WIP (5)
C,52,59,17.0,Increased WIP (5)
C,63,48,14.94,Increased WIP (5)
C,59,64,16.86,Increased WIP (5)
C,56,53,16.91,Increased WIP (5)
C,62,47,15.47,Increased WIP (5)
C,52,57,18.29,Increased WIP (5)
C,60,54,15.47,Increased WIP (5)
C,60,54,16.67,Increased WIP (5)
C,58,56,16.69,Increased WIP (5)
C,60,51,15.2,Increased WIP (5)
C,62,47,16.88,Increased WIP (5)
C,60,45,15.47,Increased WIP (5)
C,61,40,16.31,Increased WIP (5)
C,58,56,16.15,Increased WIP (5)
C,56,67,15.55,Increased WIP (5)
C,51,67,19.0,Increased WIP (5)
C,45,79,0.0,Increased WIP (5)
C,61,58,15.25,Increased WIP (5)
C,55,55,16.8,Increased WIP (5)
C,62,51,14.82,Increased WIP (5)
C,58,51,17.08,Increased WIP (5)
C,59,63,16.14,Increased WIP (5)
C,61,57,16.75,Increased WIP (5)
C,60,52,16.27,Increased WIP (5)
C,62,49,15.71,Increased WIP (5)
C,66,48,14.57,Increased WIP (5)
C,63,51,14.89,Increased WIP (5)
C,57,72,17.58,Increased WIP (5)
C,62,56,16.12,Increased WIP (5)
C,60,57,15.13,Increased WIP (5)
C,55,53,16.2,Increased WIP (5)
C,55,55,16.7,Increased WIP (5)
C,62,57,16.06,Increased WIP (5)
C,58,65,16.69,Increased WIP (5)
C,52,65,19.0,Increased WIP (5)
C,56,52,15.45,Increased WIP (5)
C,59,51,16.43,Increased WIP (5)
C,62,50,15.29,Increased WIP (5)
C,61,47,15.56,Increased WIP (5)
C,62,34,13.76,Increased WIP (5)
C,55,63,17.3,Increased WIP (5)
C,56,59,17.36,Increased WIP (5)
C,59,63,16.64,Increased WIP (5)
C,53,60,18.38,Increased WIP (5)
C,60,65,17.33,Increased WIP (5)
C,59,72,15.21,Increased WIP (5)
C,56,55,17.09,Increased WIP (5)
C,56,71,18.18,Increased WIP (5)
C,55,62,18.2,Increased WIP (5)
C,61,48,14.88,Increased WIP (5)
C,65,61,14.75,Increased WIP (5)
C,54,34,17.33,Increased WIP (5)
C,57,63,17.58,Increased WIP (5)
C,60,64,15.27,Increased WIP (5)
C,51,57,18.5,Increased WIP (5)
C,60,52,15.6,Increased WIP (5)
C,56,57,17.18,Increased WIP (5)
C,59,58,16.0,Increased WIP (5)
C,63,27,14.67,Increased WIP (5)
C,57,67,17.92,Increased WIP (5)
C,65,58,16.6,Increased WIP (5)
C,60,52,15.13,Increased WIP (5)
C,63,52,15.11,Increased WIP (5)
C,60,59,16.6,Increased WIP (5)
C,62,49,14.18,Increased WIP (5)
C,57,52,18.08,Increased WIP (5)
C,52,65,18.71,Increased WIP (5)
C,59,63,17.36,Increased WIP (5)
C,63,44,14.72,Increased WIP (5)
C,53,67,18.75,Increased WIP (5)
C,61,48,15.06,Increased WIP (5)
C,58,63,15.92,Increased WIP (5)
C,62,63,15.59,Increased WIP (5)
C,59,58,15.36,Increased WIP (5)
C,63,46,14.83,Increased WIP (5)
C,56,54,16.45,Increased WIP (5)
C,47,67,20.0,Increased WIP (5)
C,55,64,17.4,Increased WIP (5)
C,50,74,18.6,Increased WIP (5)
C,48,59,19.33,Increased WIP (5)
C,60,49,16.73,Increased WIP (5)
C,54,60,18.56,Increased WIP (5)
C,52,46,17.57,Increased WIP (5)
C,58,52,16.46,Increased WIP (5)
C,58,58,16.92,Increased WIP (5)
C,58,56,16.85,Increased WIP (5)
C,59,51,14.14,Increased WIP (5)
C,61,45,15.62,Increased WIP (5)
C,59,68,17.5,Increased WIP (5)
C,56,73,17.0,Increased WIP (5)
C,62,58,14.35,Increased WIP (5)
C,57,44,16.25,Increased WIP (5)
C,61,53,15.75,Increased WIP (5)
C,65,62,15.8,Increased WIP (5)
C,53,59,17.5,Increased WIP (5)
C,61,54,16.88,Increased WIP (5)
C,58,57,16.23,Increased WIP (5)
C,64,56,15.05,Increased WIP (5)
C,57,62,17.08,Increased WIP (5)
C,56,67,17.64,Increased WIP (5)
C,61,66,16.0,Increased WIP (5)
C,57,58,16.33,Increased WIP (5)
C,60,45,14.93,Increased WIP (5)
C,58,53,16.0,Increased WIP (5)
C,66,52,15.14,Increased WIP (5)
C,60,56,17.07,Increased WIP (5)
C,57,63,17.08,Increased WIP (5)
C,54,68,17.78,Increased WIP (5)
C,67,40,14.09,Increased WIP (5)
C,55,58,16.3,Increased WIP (5)
C,58,60,16.69,Increased WIP (5)
C,59,42,16.21,Increased WIP (5)
C,51,65,18.67,Increased WIP (5)
C,57,59,16.0,Increased WIP (5)
C,52,63,18.57,Increased WIP (5)
C,60,70,16.8,Increased WIP (5)
C,44,85,0.0,Increased WIP (5)
C,56,63,17.82,Increased WIP (5)
C,50,69,19.2,Increased WIP (5)
C,51,71,19.5,Increased WIP (5)
C,61,62,17.12,Increased WIP (5)
C,61,41,16.19,Increased WIP (5)
C,55,59,18.2,Increased WIP (5)
C,56,62,18.55,Increased WIP (5)
C,59,44,16.21,Increased WIP (5)
C,57,71,17.83,Increased WIP (5)
C,58,54,16.92,Increased WIP (5)
C,61,37,15.12,Increased WIP (5)
C,57,53,17.58,Increased WIP (5)
C,60,64,14.47,Increased WIP (5)
C,60,62,15.6,Increased WIP (5)
C,56,72,17.36,Increased WIP (5)
C,59,57,17.14,Increased WIP (5)
C,51,80,17.67,Increased WIP (5)
C,57,58,16.58,Increased WIP (5)
C,51,64,18.33,Increased WIP (5)
C,58,69,17.77,Increased WIP (5)
C,54,63,19.0,Increased WIP (5)
C,56,55,16.73,Increased WIP (5)
C,59,50,17.29,Increased WIP (5)
C,50,62,18.2,Increased WIP (5)
C,48,68,19.33,Increased WIP (5)
C,57,73,16.5,Increased WIP (5)
C,64,52,15.89,Increased WIP (5)
C,55,56,16.8,Increased WIP (5)
C,58,61,16.85,Increased WIP (5)
C,57,65,16.42,Increased WIP (5)
C,55,63,17.4,Increased WIP (5)
C,51,60,19.0,Increased WIP (5)
C,60,63,15.33,Increased WIP (5)
C,52,51,17.43,Increased WIP (5)
C,57,61,17.75,Increased WIP (5)
C,58,48,15.69,Increased WIP (5)
C,57,65,17.42,Increased WIP (5)
C,62,61,16.35,Increased WIP (5)
C,48,73,20.0,Increased WIP (5)
C,57,46,15.33,Increased WIP (5)
C,55,67,17.7,Increased WIP (5)
C,55,44,17.6,Increased WIP (5)
C,56,44,15.73,Increased WIP (5)
C,59,52,17.64,Increased WIP (5)
C,58,49,16.23,Increased WIP (5)
C,60,61,16.47,Increased WIP (5)
C,63,60,16.56,Increased WIP (5)
C,54,61,17.89,Increased WIP (5)
C,59,53,16.0,Increased WIP (5)
C,65,48,14.2,Increased WIP (5)
C,61,55,16.88,Increased WIP (5)
C,55,63,17.2,Increased WIP (5)
C,56,50,17.64,Increased WIP (5)
C,61,64,15.81,Increased WIP (5)
C,61,51,16.69,Increased WIP (5)
C,56,55,17.73,Increased WIP (5)
C,62,52,16.94,Increased WIP (5)
C,61,40,15.75,Increased WIP (5)
C,53,61,16.25,Increased WIP (5)
C,61,57,15.75,Increased WIP (5)
C,49,78,19.0,Increased WIP (5)
C,55,65,17.1,Increased WIP (5)
C,47,58,19.0,Increased WIP (5)
C,59,51,16.07,Increased WIP (5)
C,52,59,17.57,Increased WIP (5)
C,63,55,15.83,Increased WIP (5)
C,48,51,19.33,Increased WIP (5)
C,62,52,14.76,Increased WIP (5)
C,61,44,15.56,Increased WIP (5)
C,60,45,15.8,Increased WIP (5)
C,59,55,16.14,Increased WIP (5)
C,57,56,15.67,Increased WIP (5)
C,60,63,16.93,Increased WIP (5)
C,58,42,16.31,Increased WIP (5)
C,59,56,13.86,Increased WIP (5)
C,60,59,17.13,Increased WIP (5)
C,54,55,16.78,Increased WIP (5)
C,56,63,17.09,Increased WIP (5)
C,59,54,17.21,Increased WIP (5)
C,60,55,16.8,Increased WIP (5)
C,60,58,14.47,Increased WIP (5)
C,59,56,15.43,Increased WIP (5)
C,51,66,17.67,Increased WIP (5)
C,56,46,15.18,Increased WIP (5)
C,57,63,16.42,Increased WIP (5)
C,54,56,17.78,Increased WIP (5)
C,56,53,16.36,Increased WIP (5)
C,60,66,16.8,Increased WIP (5)
C,58,47,16.85,Increased WIP (5)
C,57,53,17.67,Increased WIP (5)
C,58,63,16.85,Increased WIP (5)
C,56,46,15.91,Increased WIP (5)
C,57,56,16.67,Increased WIP (5)
C,63,50,15.56,Increased WIP (5)
C,57,46,14.58,Increased WIP (5)
C,56,60,16.36,Increased WIP (5)
C,51,65,18.17,Increased WIP (5)
C,61,57,17.5,Increased WIP (5)
C,57,49,16.58,Increased WIP (5)
C,56,56,17.82,Increased WIP (5)
C,60,48,16.73,Increased WIP (5)
C,58,55,17.15,Increased WIP (5)
C,55,67,18.3,Increased WIP (5)
C,60,57,16.8,Increased WIP (5)
C,57,60,16.75,Increased WIP (5)
C,57,48,16.0,Increased WIP (5)
C,48,61,19.0,Increased WIP (5)
C,52,60,18.14,Increased WIP (5)
C,66,47,15.43,Increased WIP (5)
C,48,61,19.0,Increased WIP (5)
C,57,62,17.67,Increased WIP (5)
C,56,49,18.45,Increased WIP (5)
C,58,58,15.62,Increased WIP (5)
C,60,62,16.13,Increased WIP (5)
C,58,58,16.54,Increased WIP (5)
C,56,50,16.0,Increased WIP (5)
C,61,64,16.38,Increased WIP (5)
C,56,60,17.18,Increased WIP (5)
C,59,62,16.79,Increased WIP (5)
C,60,46,16.27,Increased WIP (5)
C,59,47,16.36,Increased WIP (5)
C,57,64,16.42,Increased WIP (5)
C,54,62,19.11,Increased WIP (5)
C,60,56,15.27,Increased WIP (5)
C,56,60,18.09,Increased WIP (5)
C,58,52,17.92,Increased WIP (5)
C,55,57,15.7,Increased WIP (5)
C,60,61,16.73,Increased WIP (5)
C,59,59,16.64,Increased WIP (5)
C,59,56,17.43,Increased WIP (5)
C,59,50,17.21,Increased WIP (5)
C,53,58,17.62,Increased WIP (5)
C,60,50,14.93,Increased WIP (5)
C,62,52,15.94,Increased WIP (5)
C,59,59,16.36,Increased WIP (5)
C,57,60,17.17,Increased WIP (5)
C,62,54,15.41,Increased WIP (5)
C,55,40,17.6,Increased WIP (5)
C,56,71,18.09,Increased WIP (5)
C,46,78,20.0,Increased WIP (5)
C,55,76,17.8,Increased WIP (5)
C,52,52,18.0,Increased WIP (5)
C,59,63,17.0,Increased WIP (5)
C,57,69,15.5,Increased WIP (5)
C,63,48,16.56,Increased WIP (5)
C,53,53,16.38,Increased WIP (5)
C,59,62,16.14,Increased WIP (5)
C,48,80,18.67,Increased WIP (5)
C,61,57,17.62,Increased WIP (5)
C,58,63,16.08,Increased WIP (5)
C,62,48,15.06,Increased WIP (5)
C,53,59,18.38,Increased WIP (5)
C,50,57,18.6,Increased WIP (5)
C,54,64,18.0,Increased WIP (5)
C,58,53,16.38,Increased WIP (5)
C,59,48,17.5,Increased WIP (5)
C,53,54,17.5,Increased WIP (5)
C,67,52,14.05,Increased WIP (5)
C,60,39,17.13,Increased WIP (5)
C,53,63,18.88,Increased WIP (5)
C,60,55,16.8,Increased WIP (5)
C,58,72,17.92,Increased WIP (5)
C,52,56,19.71,Increased WIP (5)
C,54,48,16.44,Increased WIP (5)
C,57,65,16.67,Increased WIP (5)
C,57,71,16.5,Increased WIP (5)
C,57,60,17.0,Increased WIP (5)
C,58,64,15.77,Increased WIP (5)
C,53,45,17.75,Increased WIP (5)
C,57,64,16.25,Increased WIP (5)
C,61,42,15.44,Increased WIP (5)
C,59,64,17.21,Increased WIP (5)
C,52,59,18.43,Increased WIP (5)
C,57,43,17.5,Increased WIP (5)
C,56,67,16.91,Increased WIP (5)
C,55,52,17.4,Increased WIP (5)
C,57,67,17.67,Increased WIP (5)
C,55,65,17.9,Increased WIP (5)
C,56,61,14.36,Increased WIP (5)
C,62,59,14.88,Increased WIP (5)
C,61,62,17.19,Increased WIP (5)
C,55,52,18.3,Increased WIP (5)
C,64,58,15.47,Increased WIP (5)
C,64,51,15.63,Increased WIP (5)
C,58,55,16.0,Increased WIP (5)
C,59,40,14.0,Increased WIP (5)
C,60,45,15.2,Increased WIP (5)
C,56,66,16.82,Increased WIP (5)
C,56,59,15.82,Increased WIP (5)
C,57,49,15.67,Increased WIP (5)
C,61,68,15.56,Increased WIP (5)
C,59,62,15.64,Increased WIP (5)
C,52,66,17.57,Increased WIP (5)
C,60,53,15.6,Increased WIP (5)
C,60,55,17.2,Increased WIP (5)
C,57,65,18.17,Increased WIP (5)
C,51,62,18.17,Increased WIP (5)
C,54,64,17.44,Increased WIP (5)
C,58,60,16.62,Increased WIP (5)
C,63,55,16.33,Increased WIP (5)
C,59,44,14.14,Increased WIP (5)
C,57,61,18.42,Increased WIP (5)
C,55,51,17.1,Increased WIP (5)
C,60,58,16.27,Increased WIP (5)
C,62,54,15.12,Increased WIP (5)
C,56,45,16.18,Increased WIP (5)
C,55,64,16.8,Increased WIP (5)
C,62,55,15.29,Increased WIP (5)
C,66,42,14.05,Increased WIP (5)
C,59,59,16.64,Increased WIP (5)
C,59,62,16.71,Increased WIP (5)
C,64,38,14.26,Increased WIP (5)
C,53,60,18.5,Increased WIP (5)
C,59,68,17.86,Increased WIP (5)
C,60,58,15.33,Increased WIP (5)
C,66,56,14.38,Increased WIP (5)
C,58,66,17.15,Increased WIP (5)
C,59,45,15.5,Increased WIP (5)
C,59,49,17.21,Increased WIP (5)
C,59,43,16.79,Increased WIP (5)
C,54,66,17.56,Increased WIP (5)
C,54,71,16.67,Increased WIP (5)
C,58,63,17.85,Increased WIP (5)
C,60,51,14.93,Increased WIP (5)
C,59,69,16.43,Increased WIP (5)
C,52,73,18.0,Increased WIP (5)
C,60,59,17.53,Increased WIP (5)
C,55,53,18.0,Increased WIP (5)
C,61,44,16.25,Increased WIP (5)
C,64,61,15.21,Increased WIP (5)
C,52,62,17.14,Increased WIP (5)
C,59,57,15.93,Increased WIP (5)
C,60,67,16.93,Increased WIP (5)
C,54,68,16.89,Increased WIP (5)
C,56,62,17.73,Increased WIP (5)
C,62,47,14.82,Increased WIP (5)
C,53,59,17.62,Increased WIP (5)
C,61,60,16.38,Increased WIP (5)
C,56,64,17.45,Increased WIP (5)
C,59,65,16.43,Increased WIP (5)
C,57,53,15.58,Increased WIP (5)
C,67,51,15.09,Increased WIP (5)
C,58,55,15.15,Increased WIP (5)
C,58,51,17.85,Increased WIP (5)
C,60,62,17.27,Increased WIP (5)
C,62,68,16.0,Increased WIP (5)
C,57,68,17.75,Increased WIP (5)
C,56,59,17.64,Increased WIP (5)
C,56,57,16.91,Increased WIP (5)
C,57,53,15.83,Increased WIP (5)
C,62,48,13.24,Increased WIP (5)
C,57,56,17.17,Increased WIP (5)
C,66,44,15.95,Increased WIP (5)
C,48,61,18.33,Increased WIP (5)
C,63,53,16.28,Increased WIP (5)
C,51,58,18.17,Increased WIP (5)
C,60,44,16.8,Increased WIP (5)
C,56,57,16.55,Increased WIP (5)
C,53,55,17.62,Increased WIP (5)
C,59,44,15.71,Increased WIP (5)
C,51,64,18.0,Increased WIP (5)
C,56,61,17.64,Increased WIP (5)
C,57,58,17.58,Increased WIP (5)
C,58,60,16.23,Increased WIP (5)
C,56,59,18.36,Increased WIP (5)
C,58,52,17.85,Increased WIP (5)
C,55,57,17.7,Increased WIP (5)
C,51,53,18.0,Increased WIP (5)
C,50,70,18.0,Increased WIP (5)
C,60,44,15.73,Increased WIP (5)
C,59,50,15.43,Increased WIP (5)
C,63,41,16.83,Increased WIP (5)
C,58,62,17.15,Increased WIP (5)
C,57,54,15.92,Increased WIP (5)
C,56,53,16.45,Increased WIP (5)
C,56,63,18.0,Increased WIP (5)
C,60,45,16.53,Increased WIP (5)
C,54,71,17.11,Increased WIP (5)
C,60,45,15.07,Increased WIP (5)
C,53,67,17.12,Increased WIP (5)
C,67,47,13.73,Increased WIP (5)
C,53,78,18.0,Increased WIP (5)
C,57,65,17.67,Increased WIP (5)
C,63,42,15.39,Increased WIP (5)
C,57,70,17.33,Increased WIP (5)
C,50,61,18.2,Increased WIP (5)
C,59,54,17.43,Increased WIP (5)
C,56,54,16.91,Increased WIP (5)
C,54,55,18.22,Increased WIP (5)
C,59,71,15.79,Increased WIP (5)
C,64,55,13.79,Increased WIP (5)
C,56,65,16.0,Increased WIP (5)
C,60,48,15.13,Increased WIP (5)
C,54,48,17.67,Increased WIP (5)
C,60,40,15.73,Increased WIP (5)
C,56,57,15.91,Increased WIP (5)
C,59,61,16.14,Increased WIP (5)
C,60,57,16.27,Increased WIP (5)
C,54,53,17.33,Increased WIP (5)
C,58,62,16.69,Increased WIP (5)
C,53,60,19.12,Increased WIP (5)
C,66,47,14.62,Increased WIP (5)
C,54,62,18.0,Increased WIP (5)
C,58,54,16.85,Increased WIP (5)
C,58,62,17.38,Increased WIP (5)
C,56,60,16.91,Increased WIP (5)
C,55,56,17.6,Increased WIP (5)
C,55,56,18.6,Increased WIP (5)
C,58,60,14.46,Increased WIP (5)
C,57,60,16.92,Increased WIP (5)
C,53,58,16.5,Increased WIP (5)
C,56,62,18.0,Increased WIP (5)
C,58,48,17.46,Increased WIP (5)
C,58,62,16.46,Increased WIP (5)
C,60,70,17.07,Increased WIP (5)
C,54,66,18.56,Increased WIP (5)
C,57,43,15.17,Increased WIP (5)
C,65,51,14.55,Increased WIP (5)
C,53,51,17.38,Increased WIP (5)
C,58,63,16.08,Increased WIP (5)
C,55,44,17.4,Increased WIP (5)
C,58,53,16.46,Increased WIP (5)
C,53,61,17.62,Increased WIP (5)
C,63,53,15.33,Increased WIP (5)
C,59,54,17.0,Increased WIP (5)
C,53,44,16.25,Increased WIP (5)
C,61,74,16.56,Increased WIP (5)
C,62,44,16.12,Increased WIP (5)
C,53,70,18.25,Increased WIP (5)
C,59,58,17.5,Increased WIP (5)
C,55,61,15.6,Increased WIP (5)
C,56,66,16.18,Increased WIP (5)
C,57,59,15.75,Increased WIP (5)
C,57,60,17.5,Increased WIP (5)
C,56,53,17.55,Increased WIP (5)
C,57,63,17.67,Increased WIP (5)
C,56,44,16.45,Increased WIP (5)
C,56,61,17.0,Increased WIP (5)
C,55,75,17.1,Increased WIP (5)
C,58,61,16.15,Increased WIP (5)
C,59,53,16.79,Increased WIP (5)
C,60,62,16.73,Increased WIP (5)
C,60,58,16.8,Increased WIP (5)
C,57,47,17.17,Increased WIP (5)
C,57,58,16.67,Increased WIP (5)
C,55,75,18.5,Increased WIP (5)
C,59,70,15.36,Increased WIP (5)
C,55,68,16.6,Increased WIP (5)
C,59,56,17.36,Increased WIP (5)
C,57,61,17.0,Increased WIP (5)
C,51,47,17.67,Increased WIP (5)
C,64,54,13.47,Increased WIP (5)
C,53,74,18.38,Increased WIP (5)
C,54,45,17.44,Increased WIP (5)
C,55,55,16.7,Increased WIP (5)
C,65,41,14.75,Increased WIP (5)
C,61,45,15.69,Increased WIP (5)
C,53,54,17.62,Increased WIP (5)
C,52,58,17.57,Increased WIP (5)
C,58,58,17.54,Increased WIP (5)
C,59,53,16.86,Increased WIP (5)
C,61,50,15.88,Increased WIP (5)
C,62,46,16.94,Increased WIP (5)
C,56,61,16.73,Increased WIP (5)
C,63,45,15.39,Increased WIP (5)
C,54,56,16.78,Increased WIP (5)
C,54,83,18.56,Increased WIP (5)
C,57,58,16.58,Increased WIP (5)
C,51,55,17.0,Increased WIP (5)
C,58,60,18.15,Increased WIP (5)
C,59,46,16.79,Increased WIP (5)
C,55,57,18.5,Increased WIP (5)
C,60,58,17.0,Increased WIP (5)
C,54,48,17.44,Increased WIP (5)
C,56,60,18.55,Increased WIP (5)
C,62,42,16.35,Increased WIP (5)
C,62,60,16.24,Increased WIP (5)
C,59,67,16.0,Increased WIP (5)
C,58,55,17.23,Increased WIP (5)
C,61,54,16.5,Increased WIP (5)
C,61,55,15.75,Increased WIP (5)
C,51,66,18.17,Increased WIP (5)
C,58,64,16.54,Increased WIP (5)
C,53,65,18.0,Increased WIP (5)
C,58,60,16.92,Increased WIP (5)
C,64,50,15.95,Increased WIP (5)
C,58,54,16.92,Increased WIP (5)
C,51,55,17.83,Increased WIP (5)
C,63,50,15.61,Increased WIP (5)
C,59,61,17.07,Increased WIP (5)
C,59,56,17.14,Increased WIP (5)
C,60,67,16.27,Increased WIP (5)
C,61,61,15.56,Increased WIP (5)
C,56,51,18.27,Increased WIP (5)
C,59,61,17.36,Increased WIP (5)
C,44,67,0.0,Increased WIP (5)
C,52,58,18.14,Increased WIP (5)
C,59,55,15.71,Increased WIP (5)
C,53,60,18.25,Increased WIP (5)
C,53,75,17.5,Increased WIP (5)
C,58,51,16.92,Increased WIP (5)
C,47,75,20.0,Increased WIP (5)
C,58,52,15.23,Increased WIP (5)
C,62,45,15.06,Increased WIP (5)
C,59,42,16.21,Increased WIP (5)
C,56,61,17.55,Increased WIP (5)
C,61,47,15.62,Increased WIP (5)
C,57,54,15.58,Increased WIP (5)
C,61,53,15.06,Increased WIP (5)
C,51,62,20.0,Increased WIP (5)
C,61,58,14.12,Increased WIP (5)
C,59,55,15.57,Increased WIP (5)
C,59,47,15.86,Increased WIP (5)
C,60,47,15.87,Increased WIP (5)
C,61,61,15.19,Increased WIP (5)
C,59,62,16.21,Increased WIP (5)
C,49,54,19.0,Increased WIP (5)
C,52,53,18.57,Increased WIP (5)
C,54,56,17.78,Increased WIP (5)
C,49,52,18.25,Increased WIP (5)
C,56,70,17.36,Increased WIP (5)
C,58,37,15.08,Increased WIP (5)
C,55,61,16.2,Increased WIP (5)
C,53,62,18.12,Increased WIP (5)
C,60,48,17.0,Increased WIP (5)
C,54,67,17.11,Increased WIP (5)
C,54,64,17.22,Increased WIP (5)
C,54,52,16.33,Increased WIP (5)
C,55,60,17.8,Increased WIP (5)
C,51,64,18.83,Increased WIP (5)
C,56,65,17.91,Increased WIP (5)
C,60,50,16.73,Increased WIP (5)
C,55,59,17.7,Increased WIP (5)
C,53,69,17.88,Increased WIP (5)
C,60,44,17.0,Increased WIP (5)
C,61,55,14.88,Increased WIP (5)
C,54,63,19.0,Increased WIP (5)
C,56,60,18.09,Increased WIP (5)
C,58,52,15.85,Increased WIP (5)
C,60,48,16.47,Increased WIP (5)
C,54,69,18.11,Increased WIP (5)
C,58,59,15.15,Increased WIP (5)
C,52,73,18.29,Increased WIP (5)
C,57,50,15.75,Increased WIP (5)
C,55,72,17.3,Increased WIP (5)
C,59,62,16.5,Increased WIP (5)
C,60,53,17.8,Increased WIP (5)
C,65,46,14.1,Increased WIP (5)
C,56,57,16.55,Increased WIP (5)
C,55,63,16.5,Increased WIP (5)
C,59,62,17.0,Increased WIP (5)
C,62,58,16.06,Increased WIP (5)
C,56,52,17.09,Increased WIP (5)
C,61,45,17.0,Increased WIP (5)
C,60,59,15.93,Increased WIP (5)
C,60,65,16.53,Increased WIP (5)
C,61,58,15.25,Increased WIP (5)
C,62,45,14.53,Increased WIP (5)
C,61,55,15.62,Increased WIP (5)
C,54,56,16.56,Increased WIP (5)
C,56,71,17.45,Increased WIP (5)
C,53,49,17.12,Increased WIP (5)
C,60,61,16.13,Increased WIP (5)
C,51,60,17.83,Increased WIP (5)
C,59,63,17.64,Increased WIP (5)
C,60,55,17.73,Increased WIP (5)
C,58,60,16.85,Increased WIP (5)
C,57,52,15.83,Increased WIP (5)
C,53,57,18.0,Increased WIP (5)
C,56,63,16.27,Increased WIP (5)
C,58,62,17.46,Increased WIP (5)
C,54,61,16.44,Increased WIP (5)
C,62,51,16.06,Increased WIP (5)
C,60,56,16.2,Increased WIP (5)
C,57,50,17.92,Increased WIP (5)
C,59,51,17.5,Increased WIP (5)
C,61,56,14.88,Increased WIP (5)
C,48,54,20.0,Increased WIP (5)
C,50,64,18.6,Increased WIP (5)
C,54,49,18.11,Increased WIP (5)
C,58,68,18.08,Increased WIP (5)
C,52,66,17.57,Increased WIP (5)
C,60,66,17.73,Increased WIP (5)
C,55,55,18.3,Increased WIP (5)
C,55,65,16.7,Increased WIP (5)
C,64,66,15.05,Increased WIP (5)
C,54,65,19.11,Increased WIP (5)
C,54,61,16.56,Increased WIP (5)
C,55,63,18.1,Increased WIP (5)
C,55,45,16.1,Increased WIP (5)
C,59,73,16.43,Increased WIP (5)
C,55,58,15.9,Increased WIP (5)
C,59,53,15.36,Increased WIP (5)
C,46,79,20.0,Increased WIP (5)
C,48,72,20.0,Increased WIP (5)
C,54,63,17.33,Increased WIP (5)
C,50,54,18.6,Increased WIP (5)
C,59,51,16.14,Increased WIP (5)
C,56,55,17.18,Increased WIP (5)
C,57,55,16.83,Increased WIP (5)
C,43,69,0.0,Increased WIP (5)
C,49,67,19.5,Increased WIP (5)
C,61,54,15.69,Increased WIP (5)
C,60,46,17.33,Increased WIP (5)
C,51,63,18.67,Increased WIP (5)
C,55,43,17.7,Increased WIP (5)
C,58,50,16.54,Increased WIP (5)
C,60,37,15.33,Increased WIP (5)
C,54,69,16.67,Increased WIP (5)
C,66,54,16.05,Increased WIP (5)
C,59,62,16.79,Increased WIP (5)
C,57,53,17.25,Increased WIP (5)
C,57,57,16.83,Increased WIP (5)
C,60,49,14.2,Increased WIP (5)
C,65,40,15.1,Increased WIP (5)
C,57,52,16.58,Increased WIP (5)
C,59,67,17.0,Increased WIP (5)
C,58,70,16.85,Increased WIP (5)
C,53,67,18.0,Increased WIP (5)
C,63,44,15.83,Increased WIP (5)
C,59,53,16.0,Increased WIP (5)
C,64,66,15.89,Increased WIP (5)
C,48,68,19.67,Increased WIP (5)
C,58,63,16.0,Increased WIP (5)
C,60,66,17.33,Increased WIP (5)
C,54,59,18.0,Increased WIP (5)
C,58,60,16.92,Increased WIP (5)
C,63,51,16.06,Increased WIP (5)
C,59,52,16.29,Increased WIP (5)
C,63,34,15.28,Increased WIP (5)
C,54,58,16.56,Increased WIP (5)
C,53,59,17.12,Increased WIP (5)
C,55,50,17.4,Increased WIP (5)
C,55,65,16.2,Increased WIP (5)
C,53,48,18.5,Increased WIP (5)
C,60,52,16.47,Increased WIP (5)
C,55,55,16.7,Increased WIP (5)
C,58,63,16.69,Increased WIP (5)
C,62,61,15.12,Increased WIP (5)
C,58,40,16.08,Increased WIP (5)
C,54,54,17.78,Increased WIP (5)
C,58,59,17.15,Increased WIP (5)
C,59,60,16.86,Increased WIP (5)
C,59,71,17.79,Increased WIP (5)
C,57,67,16.25,Increased WIP (5)
C,58,44,14.77,Increased WIP (5)
C,57,69,17.5,Increased WIP (5)
C,60,62,15.87,Increased WIP (5)
C,57,68,16.58,Increased WIP (5)
C,54,59,16.67,Increased WIP (5)
C,56,58,17.09,Increased WIP (5)
C,60,54,14.67,Increased WIP (5)
C,59,52,17.0,Increased WIP (5)
C,57,66,17.25,Increased WIP (5)
C,53,66,18.62,Increased WIP (5)
C,58,44,16.15,Increased WIP (5)
C,64,37,16.05,Increased WIP (5)
C,58,48,16.62,Increased WIP (5)
C,51,72,18.0,Increased WIP (5)
C,56,70,17.0,Increased WIP (5)
C,64,70,16.26,Increased WIP (5)
C,52,72,18.43,Increased WIP (5)
C,57,57,16.83,Increased WIP (5)
C,60,55,17.33,Increased WIP (5)
C,51,71,18.5,Increased WIP (5)
C,59,52,16.29,Increased WIP (5)
C,52,64,17.86,Increased WIP (5)
C,55,63,18.5,Increased WIP (5)
C,53,53,18.5,Increased WIP (5)
C,59,59,16.86,Increased WIP (5)
C,61,76,16.88,Increased WIP (5)
C,56,45,16.82,Increased WIP (5)
C,60,38,16.4,Increased WIP (5)
C,56,63,17.55,Increased WIP (5)
C,56,53,18.0,Increased WIP (5)
C,56,63,15.64,Increased WIP (5)
C,61,50,16.62,Increased WIP (5)
C,59,69,16.71,Increased WIP (5)
C,60,42,13.93,Increased WIP (5)
C,58,48,16.0,Increased WIP (5)
C,57,58,16.92,Increased WIP (5)
C,58,62,17.08,Increased WIP (5)
C,57,61,17.58,Increased WIP (5)
C,62,62,14.94,Increased WIP (5)
C,57,67,16.08,Increased WIP (5)
C,62,49,15.12,Increased WIP (5)
C,56,72,17.27,Increased WIP (5)
C,62,61,15.82,Increased WIP (5)
C,60,50,15.73,Increased WIP (5)
C,49,81,19.5,Increased WIP (5)
C,61,50,14.75,Increased WIP (5)
C,58,49,18.0,Increased WIP (5)
C,60,56,16.13,Increased WIP (5)
C,51,76,18.5,Increased WIP (5)
C,58,46,17.08,Increased WIP (5)
C,52,63,18.43,Increased WIP (5)
C,60,65,14.93,Increased WIP (5)
C,58,59,16.38,Increased WIP (5)
C,61,56,15.62,Increased WIP (5)
C,63,52,14.28,Increased WIP (5)
C,58,52,18.08,Increased WIP (5)
C,55,75,18.2,Increased WIP (5)
C,54,53,19.0,Increased WIP (5)
C,59,55,16.5,Increased WIP (5)
C,59,50,15.36,Increased WIP (5)
C,56,59,16.18,Increased WIP (5)
C,59,49,17.43,Increased WIP (5)
C,59,68,15.07,Increased WIP (5)
C,53,48,18.5,Increased WIP (5)
C,57,52,15.5,Increased WIP (5)
C,47,62,20.0,Increased WIP (5)
C,55,52,18.0,Increased WIP (5)
C,52,60,17.57,Increased WIP (5)
C,53,71,18.75,Increased WIP (5)
C,57,59,16.08,Increased WIP (5)
C,58,66,15.62,Increased WIP (5)
C,56,57,16.45,Increased WIP (5)
C,52,67,17.29,Increased WIP (5)
C,67,45,14.64,Increased WIP (5)
C,59,62,16.14,Increased WIP (5)
C,55,59,17.4,Increased WIP (5)
C,57,53,15.75,Increased WIP (5)
C,43,64,0.0,Increased WIP (5)
C,59,50,16.07,Increased WIP (5)
C,61,48,14.19,Increased WIP (5)
C,57,46,17.92,Increased WIP (5)
C,64,52,15.84,Increased WIP (5)
C,54,58,16.78,Increased WIP (5)
C,61,56,16.06,Increased WIP (5)
C,47,71,19.5,Increased WIP (5)
C,60,61,16.13,Increased WIP (5)
C,56,52,18.18,Increased WIP (5)
C,56,67,18.27,Increased WIP (5)
C,62,53,16.47,Increased WIP (5)
C,60,50,15.87,Increased WIP (5)
C,59,52,16.21,Increased WIP (5)
C,61,42,17.0,Increased WIP (5)
C,58,55,15.46,Increased WIP (5)
C,55,60,16.8,Increased WIP (5)
C,50,58,18.8,Increased WIP (5)
C,57,55,15.17,Increased WIP (5)
C,47,71,20.0,Increased WIP (5)
C,57,56,17.0,Increased WIP (5)
C,56,74,17.09,Increased WIP (5)
C,51,71,18.0,Increased WIP (5)
C,58,58,16.69,Increased WIP (5)
C,64,50,15.68,Increased WIP (5)
C,53,55,19.38,Increased WIP (5)
C,58,41,15.08,Increased WIP (5)
C,57,73,17.67,Increased WIP (5)
C,59,54,16.14,Increased WIP (5)
C,57,70,17.0,Increased WIP (5)
C,53,59,17.38,Increased WIP (5)
C,56,57,16.91,Increased WIP (5)
C,60,57,16.2,Increased WIP (5)
C,55,64,18.0,Increased WIP (5)
C,58,64,17.0,Increased WIP (5)
C,61,47,14.12,Increased WIP (5)
C,57,51,16.67,Increased WIP (5)
C,57,60,17.09,Increased WIP (5)
C,58,50,15.31,Increased WIP (5)
C,60,63,15.87,Increased WIP (5)
C,59,52,15.79,Increased WIP (5)
C,60,57,15.6,Increased WIP (5)
C,61,60,16.88,Increased WIP (5)
C,57,59,17.67,Increased WIP (5)
C,55,66,17.8,Increased WIP (5)
C,59,64,15.71,Increased WIP (5)
C,57,54,16.42,Increased WIP (5)
C,61,56,16.31,Increased WIP (5)
C,47,64,20.0,Increased WIP (5)
C,58,56,16.31,Increased WIP (5)
C,62,51,16.76,Increased WIP (5)
C,56,58,17.27,Increased WIP (5)
C,59,46,12.21,Increased WIP (5)
C,53,56,18.0,Increased WIP (5)
C,55,63,18.4,Increased WIP (5)
C,57,59,16.58,Increased WIP (5)
C,57,63,15.75,Increased WIP (5)
C,58,78,16.23,Increased WIP (5)
C,52,58,18.29,Increased WIP (5)
C,55,68,16.6,Increased WIP (5)
C,59,61,16.21,Increased WIP (5)
C,55,56,16.3,Increased WIP (5)
C,60,52,16.27,Increased WIP (5)
C,58,51,15.54,Increased WIP (5)
C,51,61,18.17,Increased WIP (5)
C,56,56,18.18,Increased WIP (5)
C,62,61,15.71,Increased WIP (5)
C,54,56,15.78,Increased WIP (5)
C,57,67,17.25,Increased WIP (5)
C,61,54,15.06,Increased WIP (5)
C,52,66,19.0,Increased WIP (5)
C,56,51,17.0,Increased WIP (5)
C,56,64,16.82,Increased WIP (5)
C,49,63,20.0,Increased WIP (5)
C,54,55,16.44,Increased WIP (5)
C,62,53,15.0,Increased WIP (5)
C,54,65,18.44,Increased WIP (5)
C,60,53,15.93,Increased WIP (5)
C,59,69,17.14,Increased WIP (5)
C,64,54,16.53,Increased WIP (5)
C,64,65,15.05,Increased WIP (5)
C,62,50,14.71,Increased WIP (5)
C,54,57,16.11,Increased WIP (5)
C,61,55,15.69,Increased WIP (5)
C,55,58,17.4,Increased WIP (5)
C,56,52,16.0,Increased WIP (5)
C,56,43,15.82,Increased WIP (5)
C,61,46,17.12,Increased WIP (5)
C,60,66,16.47,Increased WIP (5)
C,58,55,16.38,Increased WIP (5)
C,57,48,15.67,Increased WIP (5)
C,53,51,19.0,Increased WIP (5)
C,58,67,17.62,Increased WIP (5)
C,59,61,16.07,Increased WIP (5)
C,53,70,17.62,Increased WIP (5)
C,57,43,16.17,Increased WIP (5)
C,59,58,16.29,Increased WIP (5)
C,56,47,15.73,Increased WIP (5)
C,62,64,17.47,Increased WIP (5)
C,53,64,17.25,Increased WIP (5)
C,51,70,18.67,Increased WIP (5)
C,54,72,17.0,Increased WIP (5)
C,60,57,14.8,Increased WIP (5)
C,57,66,15.67,Increased WIP (5)
C,56,48,16.36,Increased WIP (5)
C,56,67,16.91,Increased WIP (5)
C,52,56,18.14,Increased WIP (5)
C,58,50,15.23,Increased WIP (5)
C,64,56,16.47,Increased WIP (5)
C,64,57,15.32,Increased WIP (5)
C,51,74,18.83,Increased WIP (5)
C,57,48,16.67,Increased WIP (5)
C,65,46,15.0,Increased WIP (5)
C,64,54,14.16,Increased WIP (5)
C,59,53,16.07,Increased WIP (5)
C,58,48,17.08,Increased WIP (5)
C,55,57,17.5,Increased WIP (5)
C,62,56,16.82,Increased WIP (5)
C,56,55,17.73,Increased WIP (5)
C,52,59,17.86,Increased WIP (5)
C,55,69,17.0,Increased WIP (5)
C,63,53,15.56,Increased WIP (5)
C,59,57,17.14,Increased WIP (5)
C,60,70,16.8,Increased WIP (5)
C,53,58,18.25,Increased WIP (5)
C,60,58,15.4,Increased WIP (5)
C,55,50,15.9,Increased WIP (5)
C,52,61,17.0,Increased WIP (5)
C,50,61,19.4,Increased WIP (5)
C,64,56,14.42,Increased WIP (5)
C,60,50,15.27,Increased WIP (5)
C,59,49,16.0,Increased WIP (5)
C,63,59,16.17,Increased WIP (5)
C,56,57,17.36,Increased WIP (5)
C,57,49,16.5,Increased WIP (5)
C,56,51,17.55,Increased WIP (5)
C,51,69,18.67,Increased WIP (5)
C,62,43,14.76,Increased WIP (5)
C,55,63,17.7,Increased WIP (5)
C,58,46,15.08,Increased WIP (5)
C,60,51,15.07,Increased WIP (5)
C,61,39,14.88,Increased WIP (5)
C,55,60,17.2,Increased WIP (5)
C,53,61,18.62,Increased WIP (5)
C,59,54,15.57,Increased WIP (5)
C,56,56,16.55,Increased WIP (5)
C,55,80,16.6,Increased WIP (5)
C,56,51,15.82,Increased WIP (5)
C,55,74,16.7,Increased WIP (5)
C,57,70,18.0,Increased WIP (5)
C,60,45,15.33,Increased WIP (5)
C,59,61,16.29,Increased WIP (5)
C,56,42,16.91,Increased WIP (5)
C,59,61,15.86,Increased WIP (5)
C,52,68,16.86,Increased WIP (5)
C,62,50,15.24,Increased WIP (5)
C,56,54,17.64,Increased WIP (5)
C,53,65,17.38,Increased WIP (5)
C,59,68,16.14,Increased WIP (5)
C,58,64,16.08,Increased WIP (5)
C,60,51,15.93,Increased WIP (5)
C,55,64,18.0,Increased WIP (5)
C,57,59,16.58,Increased WIP (5)
C,67,55,15.14,Increased WIP (5)
C,62,58,16.29,Increased WIP (5)
C,51,66,18.5,Increased WIP (5)
C,53,66,18.62,Increased WIP (5)
C,51,63,18.5,Increased WIP (5)
C,55,70,16.0,Increased WIP (5)
C,49,64,18.75,Increased WIP (5)
C,55,75,17.4,Increased WIP (5)
C,58,60,16.62,Increased WIP (5)
C,58,67,16.0,Increased WIP (5)
C,62,66,16.65,Increased WIP (5)
C,55,56,17.1,Increased WIP (5)
C,59,46,15.21,Increased WIP (5)
C,64,54,14.63,Increased WIP (5)
C,53,60,16.75,Increased WIP (5)
C,54,48,17.67,Increased WIP (5)
C,58,58,16.62,Increased WIP (5)
C,58,57,15.77,Increased WIP (5)
C,56,46,17.18,Increased WIP (5)
C,58,72,17.0,Increased WIP (5)
C,61,60,14.69,Increased WIP (5)
C,49,67,19.25,Increased WIP (5)
C,60,63,16.2,Increased WIP (5)
C,58,55,15.31,Increased WIP (5)
C,57,57,17.58,Increased WIP (5)
C,56,74,18.45,Increased WIP (5)
C,62,48,16.41,Increased WIP (5)
C,60,64,15.8,Increased WIP (5)
C,49,77,19.25,Increased WIP (5)
C,62,55,14.29,Increased WIP (5)
C,58,69,16.77,Increased WIP (5)
C,65,49,14.5,Increased WIP (5)
C,57,61,16.0,Increased WIP (5)
C,61,67,15.44,Increased WIP (5)
C,60,53,15.2,Increased WIP (5)
C,54,49,16.22,Increased WIP (5)
C,56,63,18.36,Increased WIP (5)
C,54,59,17.11,Increased WIP (5)
C,61,58,16.75,Increased WIP (5)
C,55,62,15.9,Increased WIP (5)
C,63,38,13.39,Increased WIP (5)
C,63,55,15.0,Increased WIP (5)
C,59,69,18.14,Increased WIP (5)
C,59,53,16.07,Increased WIP (5)
C,56,65,15.09,Increased WIP (5)
C,57,55,15.17,Increased WIP (5)
C,57,58,16.58,Increased WIP (5)
C,57,47,17.58,Increased WIP (5)
C,63,46,14.89,Increased WIP (5)
C,55,63,17.0,Increased WIP (5)
C,55,64,17.2,Increased WIP (5)
C,66,60,15.14,Increased WIP (5)
C,54,62,17.78,Increased WIP (5)
C,60,53,15.47,Increased WIP (5)
C,52,43,16.86,Increased WIP (5)
C,55,68,17.0,Increased WIP (5)
C,56,68,17.0,Increased WIP (5)
C,53,54,17.12,Increased WIP (5)
C,57,64,15.42,Increased WIP (5)
C,48,56,20.0,Increased WIP (5)
C,53,62,19.25,Increased WIP (5)
C,52,70,18.86,Increased WIP (5)
C,58,62,16.38,Increased WIP (5)
C,51,63,18.0,Increased WIP (5)
C,53,66,16.88,Increased WIP (5)
C,57,49,17.75,Increased WIP (5)
C,53,49,18.12,Increased WIP (5)
C,57,48,15.5,Increased WIP (5)
C,54,70,19.33,Increased WIP (5)
C,59,71,16.29,Increased WIP (5)
C,51,62,18.17,Increased WIP (5)
C,57,54,16.17,Increased WIP (5)
C,56,61,18.09,Increased WIP (5)
C,53,52,17.12,Increased WIP (5)
C,60,55,15.53,Increased WIP (5)
C,59,61,16.5,Increased WIP (5)
C,59,59,15.86,Increased WIP (5)
C,60,42,14.93,Increased WIP (5)
C,55,55,18.7,Increased WIP (5)
C,55,65,17.0,Increased WIP (5)
C,60,64,15.8,Increased WIP (5)
C,53,44,19.12,Increased WIP (5)
C,62,60,15.82,Increased WIP (5)
C,59,68,17.36,Increased WIP (5)
C,58,45,16.62,Increased WIP (5)
C,52,50,18.14,Increased WIP (5)
C,58,53,17.38,Increased WIP (5)
C,55,56,17.4,Increased WIP (5)
C,56,60,16.91,Increased WIP (5)
C,57,44,15.42,Increased WIP (5)
C,65,53,15.6,Increased WIP (5)
C,61,53,15.94,Increased WIP (5)
C,60,62,16.33,Increased WIP (5)
C,52,79,18.0,Increased WIP (5)
C,64,46,16.32,Increased WIP (5)
C,50,51,18.6,Increased WIP (5)
C,52,57,17.29,Increased WIP (5)
C,56,63,17.45,Increased WIP (5)
C,62,51,16.06,Increased WIP (5)
C,64,44,15.47,Increased WIP (5)
C,54,67,16.78,Increased WIP (5)
C,60,75,16.53,Increased WIP (5)
C,57,67,17.08,Increased WIP (5)
C,53,61,17.12,Increased WIP (5)
C,51,60,18.33,Increased WIP (5)
C,57,72,17.08,Increased WIP (5)
C,58,60,17.46,Increased WIP (5)
C,57,55,17.58,Increased WIP (5)
C,55,68,17.3,Increased WIP (5)
C,60,46,15.93,Increased WIP (5)
C,55,60,17.8,Increased WIP (5)
C,59,70,15.57,Increased WIP (5)
C,53,44,16.75,Increased WIP (5)
C,62,51,15.41,Increased WIP (5)
C,57,56,16.67,Increased WIP (5)
C,62,39,15.35,Increased WIP (5)
C,61,43,14.31,Increased WIP (5)
C,59,58,15.79,Increased WIP (5)
C,57,39,16.58,Increased WIP (5)
C,53,56,17.62,Increased WIP (5)
C,54,57,17.33,Increased WIP (5)
C,51,72,19.0,Increased WIP (5)
C,62,51,16.71,Increased WIP (5)
C,55,46,19.1,Increased WIP (5)
C,59,46,17.0,Increased WIP (5)
C,60,46,16.47,Increased WIP (5)
C,55,59,17.6,Increased WIP (5)
C,55,53,17.8,Increased WIP (5)
C,58,55,16.77,Increased WIP (5)
C,56,67,18.09,Increased WIP (5)
C,56,75,17.36,Increased WIP (5)
C,53,59,17.62,Increased WIP (5)
C,51,67,18.0,Increased WIP (5)
C,57,53,16.83,Increased WIP (5)
C,56,56,17.36,Increased WIP (5)
C,52,53,19.0,Increased WIP (5)
C,48,59,19.33,Increased WIP (5)
C,54,67,17.33,Increased WIP (5)
C,58,71,16.15,Increased WIP (5)
C,64,53,13.89,Increased WIP (5)
C,56,65,17.45,Increased WIP (5)
C,61,55,16.75,Increased WIP (5)
C,50,65,18.8,Increased WIP (5)
C,56,59,16.09,Increased WIP (5)
C,63,61,15.39,Increased WIP (5)
C,62,43,17.0,Increased WIP (5)
C,58,59,14.62,Increased WIP (5)
C,61,59,17.56,Increased WIP (5)
C,55,44,17.4,Increased WIP (5)
C,49,57,17.75,Increased WIP (5)
C,50,60,19.4,Increased WIP (5)
C,55,43,15.6,Increased WIP (5)
C,60,52,15.87,Increased WIP (5)
C,68,42,14.3,Increased WIP (5)
C,54,74,17.11,Increased WIP (5)
C,58,67,15.15,Increased WIP (5)
C,57,55,15.92,Increased WIP (5)
C,54,46,17.11,Increased WIP (5)
C,56,48,16.73,Increased WIP (5)
C,60,61,16.53,Increased WIP (5)
C,62,52,14.47,Increased WIP (5)
C,58,50,16.92,Increased WIP (5)
C,55,73,18.3,Increased WIP (5)
C,63,52,15.61,Increased WIP (5)
C,56,66,18.55,Increased WIP (5)
C,60,60,16.6,Increased WIP (5)
C,61,53,16.38,Increased WIP (5)
C,54,46,18.44,Increased WIP (5)
C,60,59,16.47,Increased WIP (5)
C,58,47,14.92,Increased WIP (5)
C,55,58,16.8,Increased WIP (5)
C,53,63,18.62,Increased WIP (5)
C,51,57,18.0,Increased WIP (5)
C,55,52,16.6,Increased WIP (5)
C,57,53,18.58,Increased WIP (5)
C,52,76,18.0,Increased WIP (5)
C,53,65,18.5,Increased WIP (5)
C,64,45,14.95,Increased WIP (5)
C,55,64,16.2,Increased WIP (5)
C,54,62,17.67,Increased WIP (5)
C,57,65,17.5,Increased WIP (5)
C,57,59,16.58,Increased WIP (5)
C,57,57,15.67,Increased WIP (5)
C,55,46,16.4,Increased WIP (5)
C,54,62,16.56,Increased WIP (5)
C,59,62,16.71,Increased WIP (5)
C,56,68,17.18,Increased WIP (5)
C,59,54,16.5,Increased WIP (5)
C,59,55,15.93,Increased WIP (5)
C,55,56,18.1,Increased WIP (5)
C,58,40,14.46,Increased WIP (5)
C,57,64,18.75,Increased WIP (5)
C,57,65,17.25,Increased WIP (5)
C,57,63,16.75,Increased WIP (5)
C,57,58,16.75,Increased WIP (5)
C,54,51,18.0,Increased WIP (5)
C,59,59,16.0,Increased WIP (5)
C,60,57,17.27,Increased WIP (5)
C,52,63,17.43,Increased WIP (5)
C,59,51,17.21,Increased WIP (5)
C,59,53,15.21,Increased WIP (5)
C,65,62,16.85,Increased WIP (5)
C,54,66,19.0,Increased WIP (5)
C,63,51,16.56,Increased WIP (5)
C,49,66,19.5,Increased WIP (5)
C,57,70,16.42,Increased WIP (5)
C,57,59,17.0,Increased WIP (5)
C,56,64,18.18,Increased WIP (5)
C,56,67,17.82,Increased WIP (5)
C,58,50,16.31,Increased WIP (5)
C,61,40,15.19,Increased WIP (5)
C,60,44,15.53,Increased WIP (5)
C,58,51,17.38,Increased WIP (5)
C,63,70,16.83,Increased WIP (5)
C,56,72,17.82,Increased WIP (5)
C,55,52,17.0,Increased WIP (5)
C,54,76,18.89,Increased WIP (5)
C,53,61,17.62,Increased WIP (5)
C,59,64,16.64,Increased WIP (5)
C,53,67,17.12,Increased WIP (5)
C,53,55,18.25,Increased WIP (5)
C,55,54,17.6,Increased WIP (5)
C,61,49,15.56,Increased WIP (5)
C,58,60,15.62,Increased WIP (5)
C,64,50,15.21,Increased WIP (5)
C,59,49,15.43,Increased WIP (5)
C,60,52,15.8,Increased WIP (5)
C,59,49,15.86,Increased WIP (5)
C,58,68,18.15,Increased WIP (5)
C,60,51,16.8,Increased WIP (5)
C,59,62,17.0,Increased WIP (5)
C,62,45,14.59,Increased WIP (5)
C,65,47,15.7,Increased WIP (5)
C,56,55,17.55,Increased WIP (5)
C,58,42,18.0,Increased WIP (5)
C,60,63,17.67,Increased WIP (5)
C,62,58,16.41,Increased WIP (5)
C,54,66,16.0,Increased WIP (5)
C,59,64,17.36,Increased WIP (5)
C,57,61,16.92,Increased WIP (5)
C,62,50,16.41,Increased WIP (5)
C,60,57,15.2,Increased WIP (5)
C,59,45,15.14,Increased WIP (5)
C,60,55,15.6,Increased WIP (5)
C,57,59,15.0,Increased WIP (5)
C,59,56,15.5,Increased WIP (5)
C,57,54,16.25,Increased WIP (5)
C,54,60,16.89,Increased WIP (5)
C,61,57,16.56,Increased WIP (5)
C,53,54,17.88,Increased WIP (5)
C,55,69,17.6,Increased WIP (5)
C,54,44,17.22,Increased WIP (5)
C,54,65,17.33,Increased WIP (5)
C,52,57,17.71,Increased WIP (5)
C,59,59,16.86,Increased WIP (5)
C,51,66,19.0,Increased WIP (5)
C,55,56,16.3,Increased WIP (5)
C,54,64,18.67,Increased WIP (5)
C,63,50,15.61,Increased WIP (5)
C,58,63,16.92,Increased WIP (5)
C,52,49,17.29,Increased WIP (5)
C,56,63,16.64,Increased WIP (5)
C,60,69,15.4,Increased WIP (5)
C,62,52,15.47,Increased WIP (5)
C,60,62,15.67,Increased WIP (5)
C,56,60,15.91,Increased WIP (5)
C,53,59,18.25,Increased WIP (5)
C,61,51,16.06,Increased WIP (5)
C,56,51,18.09,Increased WIP (5)
C,54,70,18.44,Increased WIP (5)
C,55,67,16.9,Increased WIP (5)
C,48,64,19.0,Increased WIP (5)
C,58,39,16.31,Increased WIP (5)
C,49,67,19.75,Increased WIP (5)
C,60,55,16.87,Increased WIP (5)
C,60,44,16.67,Increased WIP (5)
C,59,52,16.57,Increased WIP (5)
C,58,47,17.69,Increased WIP (5)
C,63,52,16.11,Increased WIP (5)
C,56,62,16.82,Increased WIP (5)
C,61,61,16.44,Increased WIP (5)
C,60,51,14.67,Increased WIP (5)
C,59,57,15.79,Increased WIP (5)
C,60,49,15.8,Increased WIP (5)
C,58,63,16.92,Increased WIP (5)
C,51,51,18.0,Increased WIP (5)
C,66,48,15.14,Increased WIP (5)
C,61,45,15.06,Increased WIP (5)
C,50,57,18.4,Increased WIP (5)
C,58,53,18.31,Increased WIP (5)
C,49,84,19.75,Increased WIP (5)
C,58,55,18.31,Increased WIP (5)
C,60,60,16.27,Increased WIP (5)
C,56,52,16.82,Increased WIP (5)
C,60,53,15.13,Increased WIP (5)
C,56,49,17.09,Increased WIP (5)
C,54,63,18.11,Increased WIP (5)
C,55,71,17.0,Increased WIP (5)
C,61,44,13.19,Increased WIP (5)
C,62,53,15.0,Increased WIP (5)
C,65,52,15.6,Increased WIP (5)
C,58,53,17.38,Increased WIP (5)
C,64,60,14.84,Increased WIP (5)
C,62,51,16.0,Increased WIP (5)
C,61,43,16.75,Increased WIP (5)
C,55,55,16.6,Increased WIP (5)
C,57,52,18.17,Increased WIP (5)
C,53,65,19.12,Increased WIP (5)
C,55,56,17.0,Increased WIP (5)
C,55,60,18.5,Increased WIP (5)
C,65,52,16.15,Increased WIP (5)
C,60,55,13.67,Increased WIP (5)
C,61,60,16.56,Increased WIP (5)
C,58,56,16.08,Increased WIP (5)
C,59,58,16.14,Increased WIP (5)
C,65,38,13.15,Increased WIP (5)
C,62,63,14.65,Increased WIP (5)
C,53,60,16.75,Increased WIP (5)
C,51,65,18.67,Increased WIP (5)
C,59,32,15.14,Increased WIP (5)
C,53,66,19.25,Increased WIP (5)
C,60,62,16.93,Increased WIP (5)
C,60,52,15.93,Increased WIP (5)
C,54,57,17.89,Increased WIP (5)
C,58,49,16.38,Increased WIP (5)
C,57,57,16.67,Increased WIP (5)
C,55,58,18.7,Increased WIP (5)
C,55,70,18.1,Increased WIP (5)
C,51,69,19.83,Increased WIP (5)
C,59,44,15.07,Increased WIP (5)
C,56,62,17.55,Increased WIP (5)
C,58,48,18.08,Increased WIP (5)
C,59,63,17.0,Increased WIP (5)
C,49,63,20.0,Increased WIP (5)
C,57,61,17.17,Increased WIP (5)
C,59,60,18.07,Increased WIP (5)
C,54,60,18.56,Increased WIP (5)
C,55,64,16.9,Increased WIP (5)
C,51,70,18.83,Increased WIP (5)
C,58,59,16.92,Increased WIP (5)
C,58,52,15.62,Increased WIP (5)
C,59,67,17.07,Increased WIP (5)
C,58,52,17.38,Increased WIP (5)
C,58,65,17.31,Increased WIP (5)
C,64,55,14.84,Increased WIP (5)
C,59,63,17.21,Increased WIP (5)
C,54,67,16.78,Increased WIP (5)
C,48,61,19.67,Increased WIP (5)
C,58,65,17.0,Increased WIP (5)
C,60,63,16.79,Increased WIP (5)
C,53,72,17.88,Increased WIP (5)
C,52,63,18.57,Increased WIP (5)
C,55,59,17.5,Increased WIP (5)
C,50,72,19.0,Increased WIP (5)
C,60,47,15.33,Increased WIP (5)
C,61,52,16.0,Increased WIP (5)
C,57,62,16.33,Increased WIP (5)
C,55,60,17.6,Increased WIP (5)
C,56,76,17.18,Increased WIP (5)
C,61,43,14.5,Increased WIP (5)
C,61,55,16.88,Increased WIP (5)
C,59,52,14.64,Increased WIP (5)
C,61,43,16.12,Increased WIP (5)
C,52,68,17.86,Increased WIP (5)
C,54,48,17.0,Increased WIP (5)
C,61,61,16.5,Increased WIP (5)
C,55,55,16.8,Increased WIP (5)
C,56,65,16.45,Increased WIP (5)
C,55,48,16.8,Increased WIP (5)
C,46,72,20.0,Increased WIP (5)
C,45,55,0.0,Increased WIP (5)
C,58,51,15.77,Increased WIP (5)
C,57,54,18.5,Increased WIP (5)
C,56,65,17.45,Increased WIP (5)
C,60,59,15.07,Increased WIP (5)
C,55,63,18.4,Increased WIP (5)
C,52,63,18.14,Increased WIP (5)
C,57,54,16.58,Increased WIP (5)
C,64,45,15.89,Increased WIP (5)
C,54,70,18.33,Increased WIP (5)
C,60,61,15.8,Increased WIP (5)
C,56,60,17.82,Increased WIP (5)
C,57,61,16.42,Increased WIP (5)
C,62,57,14.47,Increased WIP (5)
C,56,51,15.64,Increased WIP (5)
C,57,60,16.75,Increased WIP (5)
C,60,66,16.6,Increased WIP (5)
C,63,56,14.33,Increased WIP (5)
C,52,58,18.57,Increased WIP (5)
C,55,68,16.7,Increased WIP (5)
C,56,64,17.73,Increased WIP (5)
C,61,47,16.5,Increased WIP (5)
C,63,59,15.67,Increased WIP (5)
C,62,55,16.24,Increased WIP (5)
C,58,63,16.77,Increased WIP (5)
C,49,71,19.25,Increased WIP (5)
C,62,45,15.06,Increased WIP (5)
C,59,55,17.43,Increased WIP (5)
C,60,54,16.73,Increased WIP (5)
C,55,66,17.0,Increased WIP (5)
C,58,53,16.62,Increased WIP (5)
C,59,45,16.5,Increased WIP (5)
C,57,71,17.42,Increased WIP (5)
C,55,58,18.0,Increased WIP (5)
C,59,60,17.0,Increased WIP (5)
C,57,62,16.92,Increased WIP (5)
C,62,59,15.35,Increased WIP (5)
C,58,59,17.69,Increased WIP (5)
C,58,57,16.0,Increased WIP (5)
C,55,51,16.9,Increased WIP (5)
C,56,50,17.55,Increased WIP (5)
C,64,54,14.32,Increased WIP (5)
C,56,56,17.55,Increased WIP (5)
C,61,59,16.19,Increased WIP (5)
C,50,67,19.0,Increased WIP (5)
C,62,43,14.12,Increased WIP (5)
C,63,52,14.5,Increased WIP (5)
C,58,59,15.08,Increased WIP (5)
C,51,63,18.67,Increased WIP (5)
C,54,79,18.44,Increased WIP (5)
C,56,70,17.36,Increased WIP (5)
C,57,42,16.08,Increased WIP (5)
C,56,55,15.55,Increased WIP (5)
C,61,59,17.75,Increased WIP (5)
C,53,77,17.62,Increased WIP (5)
C,56,54,15.64,Increased WIP (5)
C,62,63,16.24,Increased WIP (5)
C,61,56,16.6,Increased WIP (5)
C,57,56,17.25,Increased WIP (5)
C,60,44,15.0,Increased WIP (5)
C,57,59,16.5,Increased WIP (5)
C,54,67,18.0,Increased WIP (5)
C,60,65,17.27,Increased WIP (5)
C,56,58,16.91,Increased WIP (5)
C,57,56,17.17,Increased WIP (5)
C,58,61,17.08,Increased WIP (5)
C,58,43,16.77,Increased WIP (5)
C,60,64,17.87,Increased WIP (5)
C,58,57,16.85,Increased WIP (5)
C,55,72,17.9,Increased WIP (5)
C,65,51,16.3,Increased WIP (5)
C,59,60,16.29,Increased WIP (5)
C,56,64,16.91,Increased WIP (5)
C,59,72,17.36,Increased WIP (5)
C,63,55,14.67,Increased WIP (5)
C,50,68,19.6,Increased WIP (5)
C,57,57,16.08,Increased WIP (5)
C,58,68,16.23,Increased WIP (5)
C,55,65,17.3,Increased WIP (5)
C,54,71,16.44,Increased WIP (5)
C,50,62,19.8,Increased WIP (5)
C,51,47,18.5,Increased WIP (5)
C,60,54,15.53,Increased WIP (5)
C,56,70,17.0,Increased WIP (5)
C,61,49,14.88,Increased WIP (5)
C,56,61,16.36,Increased WIP (5)
C,61,75,16.44,Increased WIP (5)
C,57,61,16.83,Increased WIP (5)
C,49,68,18.25,Increased WIP (5)
C,51,62,18.67,Increased WIP (5)
C,62,63,16.41,Increased WIP (5)
C,55,62,16.5,Increased WIP (5)
C,56,59,18.09,Increased WIP (5)
C,53,68,18.62,Increased WIP (5)
C,58,50,17.62,Increased WIP (5)
C,51,58,19.5,Increased WIP (5)
C,52,49,18.29,Increased WIP (5)
C,57,64,15.58,Increased WIP (5)
C,56,53,15.18,Increased WIP (5)
C,52,57,17.71,Increased WIP (5)
C,53,59,17.88,Increased WIP (5)
C,43,84,0.0,Increased WIP (5)
C,67,39,15.86,Increased WIP (5)
C,61,48,15.94,Increased WIP (5)
C,56,62,17.73,Increased WIP (5)
C,57,60,17.0,Increased WIP (5)
C,60,57,16.87,Increased WIP (5)
C,58,63,17.08,Increased WIP (5)
C,60,50,15.73,Increased WIP (5)
C,48,69,18.33,Increased WIP (5)
C,55,73,16.5,Increased WIP (5)
C,61,51,16.19,Increased WIP (5)
C,60,65,17.13,Increased WIP (5)
C,57,63,17.75,Increased WIP (5)
C,53,62,19.25,Increased WIP (5)
C,65,57,16.5,Increased WIP (5)
C,65,57,15.8,Increased WIP (5)
C,49,61,18.5,Increased WIP (5)
C,51,70,18.83,Increased WIP (5)
C,58,56,15.54,Increased WIP (5)
C,63,41,15.28,Increased WIP (5)
C,64,47,16.53,Increased WIP (5)
C,58,55,16.15,Increased WIP (5)
C,61,62,16.62,Increased WIP (5)
C,62,52,14.82,Increased WIP (5)
C,56,55,16.82,Increased WIP (5)
C,54,58,16.67,Increased WIP (5)
C,57,58,17.08,Increased WIP (5)
C,55,63,18.8,Increased WIP (5)
C,60,58,15.73,Increased WIP (5)
C,55,78,16.7,Increased WIP (5)
C,59,62,16.07,Increased WIP (5)
C,59,62,15.5,Increased WIP (5)
C,55,66,17.9,Increased WIP (5)
C,58,59,16.23,Increased WIP (5)
C,52,55,17.14,Increased WIP (5)
C,58,62,16.46,Increased WIP (5)
C,52,61,18.57,Increased WIP (5)
C,60,49,15.67,Increased WIP (5)
C,59,52,15.79,Increased WIP (5)
C,62,50,15.06,Increased WIP (5)
C,53,65,18.75,Increased WIP (5)
C,62,54,16.29,Increased WIP (5)
C,56,65,17.55,Increased WIP (5)
C,59,63,17.57,Increased WIP (5)
C,62,60,16.12,Increased WIP (5)
C,60,46,16.2,Increased WIP (5)
C,58,62,17.08,Increased WIP (5)
C,55,55,16.7,Increased WIP (5)
C,59,56,16.79,Increased WIP (5)
C,54,50,16.89,Increased WIP (5)
C,50,87,19.2,Increased WIP (5)
C,53,61,16.75,Increased WIP (5)
C,51,64,17.33,Increased WIP (5)
C,63,62,16.89,Increased WIP (5)
C,56,55,16.82,Increased WIP (5)
C,56,63,17.36,Increased WIP (5)
C,56,68,17.91,Increased WIP (5)
C,59,39,14.21,Increased WIP (5)
C,61,43,15.69,Increased WIP (5)
C,60,47,16.67,Increased WIP (5)
C,51,57,18.5,Increased WIP (5)
C,59,57,16.79,Increased WIP (5)
C,61,61,15.44,Increased WIP (5)
C,60,45,15.87,Increased WIP (5)
C,56,45,16.73,Increased WIP (5)
C,60,63,17.0,Increased WIP (5)
C,54,53,17.78,Increased WIP (5)
C,57,58,18.08,Increased WIP (5)
C,56,66,16.73,Increased WIP (5)
C,54,66,16.89,Increased WIP (5)
C,56,55,17.36,Increased WIP (5)
C,48,63,20.0,Increased WIP (5)
C,59,54,16.14,Increased WIP (5)
C,63,48,16.06,Increased WIP (5)
C,62,70,16.59,Increased WIP (5)
C,64,42,15.0,Increased WIP (5)
C,52,63,18.0,Increased WIP (5)
C,56,56,17.91,Increased WIP (5)
C,58,60,16.54,Increased WIP (5)
C,48,76,19.33,Increased WIP (5)
C,65,48,15.6,Increased WIP (5)
C,56,68,16.82,Increased WIP (5)
C,51,55,18.83,Increased WIP (5)
C,58,60,18.54,Increased WIP (5)
C,64,49,14.0,Increased WIP (5)
C,65,27,14.4,Increased WIP (5)
C,51,57,18.33,Increased WIP (5)
C,52,66,18.71,Increased WIP (5)
C,65,45,15.15,Increased WIP (5)
C,58,60,18.23,Increased WIP (5)
C,56,52,16.64,Increased WIP (5)
C,62,61,15.94,Increased WIP (5)
C,59,48,15.07,Increased WIP (5)
C,52,67,18.57,Increased WIP (5)
C,61,53,14.69,Increased WIP (5)
C,60,60,17.33,Increased WIP (5)
C,64,43,14.26,Increased WIP (5)
C,47,58,20.0,Increased WIP (5)
C,60,60,17.33,Increased WIP (5)
C,60,48,16.07,Increased WIP (5)
C,51,66,17.17,Increased WIP (5)
C,56,68,17.18,Increased WIP (5)
C,56,60,16.82,Increased WIP (5)
C,59,36,16.57,Increased WIP (5)
C,60,63,15.8,Increased WIP (5)
C,52,67,18.0,Increased WIP (5)
C,57,56,17.25,Increased WIP (5)
C,50,61,17.6,Increased WIP (5)
C,64,49,15.16,Increased WIP (5)
C,57,56,17.08,Increased WIP (5)
C,59,51,15.93,Increased WIP (5)
C,53,65,19.12,Increased WIP (5)
C,66,44,15.29,Increased WIP (5)
C,55,57,17.8,Increased WIP (5)
C,56,56,16.64,Increased WIP (5)
C,60,73,16.6,Increased WIP (5)
C,56,63,17.27,Increased WIP (5)
C,57,69,16.25,Increased WIP (5)
C,61,44,14.94,Increased WIP (5)
C,57,51,16.58,Increased WIP (5)
C,60,55,15.73,Increased WIP (5)
C,61,62,16.94,Increased WIP (5)
C,66,47,14.81,Increased WIP (5)
C,64,54,15.84,Increased WIP (5)
C,62,57,16.41,Increased WIP (5)
C,59,58,13.07,Increased WIP (5)
C,61,60,15.88,Increased WIP (5)
C,64,38,14.58,Increased WIP (5)
C,62,57,15.88,Increased WIP (5)
C,47,69,19.5,Increased WIP (5)
C,61,46,14.12,Increased WIP (5)
C,56,60,17.18,Increased WIP (5)
C,54,58,18.0,Increased WIP (5)
C,60,63,16.87,Increased WIP (5)
C,53,49,17.88,Increased WIP (5)
C,59,46,15.36,Increased WIP (5)
C,59,49,15.29,Increased WIP (5)
C,54,46,18.33,Increased WIP (5)
C,58,66,16.69,Increased WIP (5)
C,57,81,16.83,Increased WIP (5)
C,57,45,15.75,Increased WIP (5)
C,65,35,13.4,Increased WIP (5)
C,62,56,16.12,Increased WIP (5)
C,55,48,15.7,Increased WIP (5)
C,61,50,15.81,Increased WIP (5)
C,62,49,16.35,Increased WIP (5)
C,54,50,17.44,Increased WIP (5)
C,58,55,16.85,Increased WIP (5)
C,58,68,16.38,Increased WIP (5)
C,59,55,17.14,Increased WIP (5)
C,61,48,15.19,Increased WIP (5)
C,54,65,17.11,Increased WIP (5)
C,54,65,19.0,Increased WIP (5)
C,62,48,14.18,Increased WIP (5)
C,53,56,18.38,Increased WIP (5)
C,56,51,15.55,Increased WIP (5)
C,55,59,17.5,Increased WIP (5)
C,55,59,17.8,Increased WIP (5)
C,56,59,17.18,Increased WIP (5)
C,61,53,15.44,Increased WIP (5)
C,56,66,17.45,Increased WIP (5)
C,62,40,15.24,Increased WIP (5)
C,58,65,16.46,Increased WIP (5)
C,62,60,16.94,Increased WIP (5)
C,61,50,15.31,Increased WIP (5)
C,61,52,16.69,Increased WIP (5)
C,50,80,20.0,Increased WIP (5)
C,62,61,16.76,Increased WIP (5)
C,52,62,18.0,Increased WIP (5)
C,56,68,18.09,Increased WIP (5)
C,56,63,18.09,Increased WIP (5)
C,58,53,16.54,Increased WIP (5)
C,61,68,15.62,Increased WIP (5)
C,52,64,16.71,Increased WIP (5)
C,59,67,16.79,Increased WIP (5)
C,52,68,18.57,Increased WIP (5)
C,59,47,16.79,Increased WIP (5)
C,52,68,18.29,Increased WIP (5)
C,55,54,16.4,Increased WIP (5)
C,53,53,17.62,Increased WIP (5)
C,61,54,16.06,Increased WIP (5)
C,58,64,17.54,Increased WIP (5)
C,58,58,17.38,Increased WIP (5)
C,49,76,19.25,Increased WIP (5)
C,59,63,16.29,Increased WIP (5)
C,50,71,19.2,Increased WIP (5)
C,65,56,15.9,Increased WIP (5)
C,56,63,17.55,Increased WIP (5)
C,53,56,16.12,Increased WIP (5)
C,50,61,18.4,Increased WIP (5)
C,53,59,17.88,Increased WIP (5)
C,59,49,15.79,Increased WIP (5)
C,54,48,18.22,Increased WIP (5)
C,50,68,19.6,Increased WIP (5)
C,61,45,14.5,Increased WIP (5)
C,64,44,14.16,Increased WIP (5)
C,61,56,15.12,Increased WIP (5)
C,54,64,18.56,Increased WIP (5)
C,59,56,16.29,Increased WIP (5)
C,64,42,15.05,Increased WIP (5)
C,54,53,17.89,Increased WIP (5)
C,62,59,16.24,Increased WIP (5)
C,65,42,14.79,Increased WIP (5)
C,58,66,17.23,Increased WIP (5)
C,59,51,14.57,Increased WIP (5)
C,60,55,16.27,Increased WIP (5)
C,60,51,16.0,Increased WIP (5)
C,56,42,14.55,Increased WIP (5)
C,55,65,18.7,Increased WIP (5)
C,58,61,16.46,Increased WIP (5)
C,58,59,16.69,Increased WIP (5)
C,57,56,17.0,Increased WIP (5)
C,55,63,17.3,Increased WIP (5)
C,59,60,16.93,Increased WIP (5)
C,58,58,16.23,Increased WIP (5)
C,57,47,17.58,Increased WIP (5)
C,59,50,16.71,Increased WIP (5)
C,60,70,16.8,Increased WIP (5)
C,62,63,15.12,Increased WIP (5)
C,55,72,17.0,Increased WIP (5)
C,61,49,16.25,Increased WIP (5)
C,59,47,16.79,Increased WIP (5)
C,54,50,16.44,Increased WIP (5)
C,62,54,15.53,Increased WIP (5)
C,59,42,16.86,Increased WIP (5)
C,58,50,17.69,Increased WIP (5)
C,58,56,17.54,Increased WIP (5)
C,60,57,17.2,Increased WIP (5)
C,60,56,16.0,Increased WIP (5)
C,60,50,15.27,Increased WIP (5)
C,57,53,17.0,Increased WIP (5)
C,49,64,17.75,Increased WIP (5)
C,58,48,16.0,Increased WIP (5)
C,63,66,16.72,Increased WIP (5)
C,64,33,13.58,Increased WIP (5)
C,56,62,18.0,Increased WIP (5)
C,59,52,15.43,Increased WIP (5)
C,53,70,18.5,Increased WIP (5)
C,56,65,17.09,Increased WIP (5)
C,57,57,17.33,Increased WIP (5)
C,47,57,20.0,Increased WIP (5)
C,62,48,15.82,Increased WIP (5)
C,56,45,16.55,Increased WIP (5)
C,59,64,18.21,Increased WIP (5)
C,55,72,16.7,Increased WIP (5)
C,54,71,18.33,Increased WIP (5)
C,63,57,15.22,Increased WIP (5)
C,59,48,16.64,Increased WIP (5)
C,59,47,13.86,Increased WIP (5)
C,59,63,16.64,Increased WIP (5)
C,58,47,16.38,Increased WIP (5)
C,55,66,17.1,Increased WIP (5)
C,52,70,18.86,Increased WIP (5)
C,53,64,18.25,Increased WIP (5)
C,54,67,17.44,Increased WIP (5)
C,54,50,18.11,Increased WIP (5)
C,60,64,15.27,Increased WIP (5)
C,68,61,15.7,Increased WIP (5)
C,56,65,17.73,Increased WIP (5)
C,54,62,16.44,Increased WIP (5)
C,56,58,16.64,Increased WIP (5)
C,54,59,17.11,Increased WIP (5)
C,56,65,18.09,Increased WIP (5)
C,58,65,15.62,Increased WIP (5)
C,55,67,16.4,Increased WIP (5)
C,54,74,16.44,Increased WIP (5)
C,64,60,14.89,Increased WIP (5)
C,55,60,17.6,Increased WIP (5)
C,56,58,16.91,Increased WIP (5)
C,50,66,18.6,Increased WIP (5)
C,55,58,17.3,Increased WIP (5)
C,63,49,15.06,Increased WIP (5)
C,62,51,16.06,Increased WIP (5)
C,57,58,16.92,Increased WIP (5)
C,60,58,16.93,Increased WIP (5)
C,56,62,17.45,Increased WIP (5)
C,59,72,17.29,Increased WIP (5)
C,51,57,17.67,Increased WIP (5)
C,57,56,17.25,Increased WIP (5)
C,56,48,16.91,Increased WIP (5)
C,51,68,19.0,Increased WIP (5)
C,60,67,16.27,Increased WIP (5)
C,51,60,18.0,Increased WIP (5)
C,53,56,17.88,Increased WIP (5)
C,58,67,16.69,Increased WIP (5)
C,57,58,18.67,Increased WIP (5)
C,49,57,19.25,Increased WIP (5)
C,53,58,16.75,Increased WIP (5)
C,59,62,16.36,Increased WIP (5)
C,48,67,19.33,Increased WIP (5)
C,59,50,16.64,Increased WIP (5)
C,53,62,17.88,Increased WIP (5)
C,54,52,18.89,Increased WIP (5)
C,58,61,16.0,Increased WIP (5)
C,51,70,19.33,Increased WIP (5)
C,57,66,16.25,Increased WIP (5)
C,65,57,15.9,Increased WIP (5)
C,65,40,15.9,Increased WIP (5)
C,57,58,17.17,Increased WIP (5)
C,61,59,14.88,Increased WIP (5)
C,63,52,15.67,Increased WIP (5)
C,63,54,15.89,Increased WIP (5)
C,65,49,15.25,Increased WIP (5)
C,61,59,16.81,Increased WIP (5)
C,53,52,17.62,Increased WIP (5)
C,58,34,14.77,Increased WIP (5)
C,58,53,15.62,Increased WIP (5)
C,62,50,15.59,Increased WIP (5)
C,54,54,18.22,Increased WIP (5)
C,56,61,16.91,Increased WIP (5)
C,54,58,17.22,Increased WIP (5)
C,56,51,17.27,Increased WIP (5)
C,66,45,13.71,Increased WIP (5)
C,50,50,17.4,Increased WIP (5)
C,63,50,16.67,Increased WIP (5)
C,60,52,16.47,Increased WIP (5)
C,60,43,15.73,Increased WIP (5)
C,58,69,16.08,Increased WIP (5)
C,56,54,16.91,Increased WIP (5)
C,57,54,17.42,Increased WIP (5)
C,60,62,17.2,Increased WIP (5)
C,58,60,16.77,Increased WIP (5)
C,60,59,16.33,Increased WIP (5)
C,53,66,18.5,Increased WIP (5)
C,57,61,16.25,Increased WIP (5)
C,54,64,18.33,Increased WIP (5)
C,59,61,16.21,Increased WIP (5)
C,63,60,16.94,Increased WIP (5)
C,55,56,15.4,Increased WIP (5)
C,60,52,16.53,Increased WIP (5)
C,56,70,17.55,Increased WIP (5)
C,53,75,19.0,Increased WIP (5)
C,53,60,17.25,Increased WIP (5)
C,56,68,17.55,Increased WIP (5)
C,56,59,16.45,Increased WIP (5)
C,54,68,17.44,Increased WIP (5)
C,55,56,16.1,Increased WIP (5)
C,59,68,16.5,Increased WIP (5)
C,53,61,19.12,Increased WIP (5)
C,58,66,16.69,Increased WIP (5)
C,57,75,17.5,Increased WIP (5)
C,63,62,16.72,Increased WIP (5)
C,59,72,17.29,Increased WIP (5)
C,60,55,16.07,Increased WIP (5)
C,57,50,15.42,Increased WIP (5)
C,55,62,17.8,Increased WIP (5)
C,58,64,15.15,Increased WIP (5)
C,60,64,15.87,Increased WIP (5)
C,64,61,16.89,Increased WIP (5)
C,54,56,17.89,Increased WIP (5)
C,55,62,17.9,Increased WIP (5)
C,55,58,17.7,Increased WIP (5)
C,61,61,14.88,Increased WIP (5)
C,59,53,16.14,Increased WIP (5)
C,61,37,16.5,Increased WIP (5)
C,55,58,16.0,Increased WIP (5)
C,56,60,17.82,Increased WIP (5)
C,57,62,16.08,Increased WIP (5)
C,60,61,16.2,Increased WIP (5)
C,61,53,14.81,Increased WIP (5)
C,57,62,16.75,Increased WIP (5)
C,52,56,18.29,Increased WIP (5)
C,59,60,17.29,Increased WIP (5)
C,61,54,16.56,Increased WIP (5)
C,45,78,0.0,Increased WIP (5)
C,55,74,18.1,Increased WIP (5)
C,65,46,14.5,Increased WIP (5)
C,60,57,15.93,Increased WIP (5)
C,61,62,16.25,Increased WIP (5)
C,57,43,16.17,Increased WIP (5)
C,57,55,16.0,Increased WIP (5)
C,52,68,18.0,Increased WIP (5)
C,56,61,18.36,Increased WIP (5)
C,56,63,17.64,Increased WIP (5)
C,59,64,16.57,Increased WIP (5)
C,55,60,17.5,Increased WIP (5)
C,54,67,16.89,Increased WIP (5)
C,55,57,16.6,Increased WIP (5)
C,51,50,18.17,Increased WIP (5)
C,57,53,16.33,Increased WIP (5)
C,61,63,15.0,Increased WIP (5)
C,55,58,17.3,Increased WIP (5)
C,59,43,13.21,Increased WIP (5)
C,54,69,17.67,Increased WIP (5)
C,59,50,16.0,Increased WIP (5)
C,58,69,17.85,Increased WIP (5)
C,59,57,17.57,Increased WIP (5)
C,61,69,15.88,Increased WIP (5)
C,60,56,16.13,Increased WIP (5)
C,53,70,18.75,Increased WIP (5)
C,60,63,15.33,Increased WIP (5)
C,59,59,13.79,Increased WIP (5)
C,56,50,16.0,Increased WIP (5)
C,52,67,19.43,Increased WIP (5)
C,54,58,18.11,Increased WIP (5)
C,56,54,16.73,Increased WIP (5)
C,55,58,17.6,Increased WIP (5)
C,57,68,16.42,Increased WIP (5)
C,59,53,16.57,Increased WIP (5)
C,58,60,16.54,Increased WIP (5)
C,52,68,17.14,Increased WIP (5)
C,65,42,15.55,Increased WIP (5)
C,60,58,16.6,Increased WIP (5)
C,52,56,18.57,Increased WIP (5)
C,58,64,16.54,Increased WIP (5)
C,51,68,18.17,Increased WIP (5)
C,57,64,16.75,Increased WIP (5)
C,60,42,15.47,Increased WIP (5)
C,55,70,18.5,Increased WIP (5)
